Inf;Jogador;Nação;Clube;Posição;Expira;Data de Início do Contrato;Bravura;Agressividade;(Tendência) para Saídas da Baliza;Lançamentos;Idade;Posição;Pé Preferido;Nação de Nascimento;Altura;Região Nascimento;Data Nasc.;Melhor Pos;Susceptibilidade a Lesões;Emprestado Por;Último Clube;2ª Nac;Selecção Nacional;Unique ID;Técnica;Desarme;Marcação de Penáltis;Passe;Marcação;Lançamentos Longos;Remates de Longe;Cabeceamento;Livres;Primeiro Toque;Finalização;Finta;Cruzamentos;Cantos;Força;Resistência;Velocidade;Aptidão Física;Impulsão;Equilíbrio;Agilidade;Aceleração;Índice de Trabalho;Visão de Jogo;Posicionamento;Trabalho de Equipa;Sem Bola;Liderança;Imprevisibilidade;Determinação;Decisões;Concentração;Compostura;Antecipação;Saídas a Punhos;Reflexos;Pontapé;Um Para Um;Jogo de Mãos;Comunicação;Alcance Aéreo
;Nicolás Acevedo;URU;EC Bahia;MD, M (C);31/12/2029;1/1/2025;10-16;10-14;1-6;3-7;26;MD, M (C);Pé Direito;Uruguai;1,73 m;Montevideo;14/4/1999;MD;Acima da Média;;NYCFC;;;78094472;9-13;12-18;6-10;10-14;11-15;6-10;7-11;8-14;4-10;12-16;6-12;9-13;7-11;6-10;13-17;9-13;10-16;11-15;5-9;9-15;10-14;10-14;10-14;9-15;9-15;12-18;9-13;11-15;8-12;11-15;9-13;10-14;12-16;12-16;1-2;1-4;1-5;1-4;1-5;3-7;1-6
;Luciano Acosta;ARG;Fluminense;MO (C);31/12/2028;8/8/2025;10-14;10-14;1-4;1-7;31;MO (C);Pé Direito;Argentina;1,61 m;;31/5/1994;MO (C);Média;;FC Dallas;E.U.A.;;14031418;12-18;2-6;11-15;15-19;1-4;2-8;9-15;5-9;11-15;13-19;12-16;13-17;14-18;10-14;4-10;9-15;12-16;14-18;1-3;10-14;13-17;14-18;9-15;13-17;2-6;11-15;13-17;8-12;11-15;10-16;10-16;8-12;11-17;12-16;1-3;1-3;1-4;1;1-5;1-5;2-6
;Adalberto;BRA;Fluminense;D (C);31/12/2027;20/1/2025;-;-;-;-;17;D (C);Pé Preferido Desconhecido;Brasil;1,95 m;;21/3/2008;D (C);Abaixo da Média;;-;;;2000479538;-;12-20;-;-;9-15;-;-;12-20;-;4-10;-;-;-;-;7-13;-;-;-;11-17;-;-;-;-;-;2-10;-;-;-;-;8-14;-;-;-;-;-;-;-;-;-;-;-
Prt;Ademir;BRA;EC Bahia;M (D), MO (DE);31/12/2026;10/6/2025;7-11;6-12;3-7;1-4;30;M (D), MO (DE);Pé Esquerdo;Brasil;1,72 m;São Paulo;16/2/1995;MO (D);Abaixo da Média;;Atlético Mineiro;;;19409404;10-14;11-15;12-18;8-14;6-10;3-7;10-14;8-12;6-10;10-14;5-9;13-19;7-13;8-12;6-10;12-16;15-19;9-15;6-10;6-10;12-18;12-18;12-16;12-16;3-7;12-16;11-17;4-10;12-16;10-14;8-12;8-12;7-11;10-16;1-4;1;1-5;1-3;1-5;1-4;4-8
;Adriano;BRA;Botafogo;M/MO (C);31/1/2027;1/3/2024;-;-;-;-;19;M/MO (C);Pé Preferido Desconhecido;Brasil;1,68 m;;13/3/2006;MO (C);Média;;-;;;2000273226;9-15;-;-;5-12;-;-;5-11;-;-;4-13;4-12;-;-;-;-;-;-;-;-;-;-;-;-;7-13;-;-;-;-;7-16;-;-;-;4-13;-;-;-;-;-;-;-;-
;Adrielson;BRA;Grêmio;MO (D);1/2/2027;1/2/2025;-;-;-;-;17;MO (D);Pé Preferido Desconhecido;Brasil;1,75 m;;29/8/2008;MO (D);Acima da Média;;-;;;2000491986;-;-;-;6-12;-;-;-;-;-;11-19;1-11;9-15;6-12;-;-;-;9-19;-;-;-;11-17;7-13;-;-;-;-;-;-;-;-;-;-;-;-;-;-;-;-;-;-;-
;Adson;BRA;Vasco da Gama;MO (DEC);31/12/2028;24/1/2024;11;7;1;1;25;MO (DEC);Somente Pé Esquerdo;Brasil;1,71 m;Goiás;6/10/2000;MO (E);Alta;;FC Nantes;;;19380038;14;10;10;13;9;5;10;9;9;14;11;15;9;10;5;13;14;14;6;11;16;14;14;12;5;13;15;6;14;13;12;10;11;12;2;1;1;2;1;2;1
;Agner;BRA;Fluminense;MO (C), PL (C);31/12/2026;13/7/2023;-;-;-;-;20;MO (C), PL (C);Pé Preferido Desconhecido;Brasil;1,87 m;Rio de Janeiro;22/3/2005;MO (C);Média;;-;;;2000219519;13-20;-;-;11-17;-;-;8-15;-;-;8-16;8-17;-;-;-;-;-;-;-;-;-;-;-;-;6-13;-;-;-;-;9-15;-;-;-;5-13;-;-;-;-;-;-;-;-
;Daniel Aguilar;COL;Athletico-PR;M/MO (DE);31/12/2027;29/12/2025;1-7;-;-;-;22;M/MO (DE);Usa Ambos os Pés;Colômbia;1,74 m;Andina;12/12/2003;M/MO (E);Média;;Envigado Palmira F.C.;;;2000243092;9-14;-;1-6;8-13;-;-;5-10;-;3-9;6-13;3-9;13-18;5-10;4-11;1-6;5-10;9-14;7-12;6-13;4-10;9-14;8-13;10-15;2-7;-;4-9;7-12;1-4;9-16;1-8;7-12;-;1-7;-;-;-;-;-;-;-;-
;Braian Aguirre;ARG;SC Internacional;D (DE), M (D);31/12/2028;2/9/2024;9-15;10-14;1-7;1-5;25;D (DE), M (D);Pé Direito;Argentina;1,75 m;Buenos Aires;28/7/2000;D (D);Média;;Lanús;;;14247637;9-13;11-17;6-10;9-13;11-15;11-15;7-11;6-12;7-13;14-18;6-12;10-14;11-15;6-10;10-14;11-15;11-17;11-15;6-10;6-12;11-15;11-15;10-14;9-15;9-15;12-18;11-15;11-15;3-7;13-17;8-12;9-13;14-18;11-15;1;1-3;1-3;1-5;2-6;3-7;1-7
;Felipe Aguirre;COL;Athletico-PR;D (C);31/12/2027;8/7/2025;10-16;12-16;1-5;3-7;29;D (C);Pé Direito;Colômbia;1,86 m;Andina;29/8/1996;D (C);Abaixo da Média;;Atlético Nacional;;;76046572;7-11;11-17;3-7;10-14;10-14;6-10;4-8;12-18;3-9;12-16;4-10;7-11;5-9;6-10;14-18;9-13;8-14;10-14;11-15;9-15;9-13;8-12;9-13;6-12;8-14;12-18;4-8;11-15;6-10;14-18;9-13;11-15;12-16;10-14;1;1-5;1-5;1-4;1-5;1-5;1-6
;Airton;BRA;Vitória;MO (DEC);31/12/2026;1/1/2025;-;-;-;-;17;MO (DEC);Pé Preferido Desconhecido;Brasil;1,78 m;Bahia;14/6/2008;MO (C);Média;;-;;;2000501203;2-10;-;-;9-15;-;-;4-12;-;-;13-20;5-15;-;-;-;-;-;-;-;-;-;-;-;-;8-18;-;-;-;-;9-17;-;-;-;10-18;-;-;-;-;-;-;-;-
;Akiles;BRA;Cruzeiro;M/MO (EC);31/12/2027;17/7/2024;-;-;-;-;17;M/MO (EC);Pé Preferido Desconhecido;Brasil;1,73 m;Distrito Federal;24/3/2008;MO (E);Acima da Média;;Paranavaí;;;2000384208;-;-;-;7-13;-;-;-;-;-;11-19;1-11;9-15;6-12;-;-;-;10-20;-;-;-;9-15;7-13;-;-;-;-;-;-;-;-;-;-;-;-;-;-;-;-;-;-;-
;Alan Patrick;BRA;SC Internacional;M/MO (C);31/12/2027;29/12/2025;10-16;10-14;1-7;1-5;34;M/MO (C);Somente Pé Direito;Brasil;1,77 m;São Paulo;13/5/1991;MO (C);Alta;;Shakhtar;;;19084056;11-15;9-15;15-19;12-16;8-12;7-11;8-12;6-12;9-15;15-19;8-14;12-16;11-15;11-15;12-16;9-13;13-19;12-16;6-10;8-14;11-15;12-16;8-12;12-18;6-12;12-18;13-17;12-16;15-19;13-17;10-14;12-16;14-18;11-15;1-2;1-5;1-5;1-3;1-3;3-7;1-6
;Alan Santos;BRA;Flamengo;MO (E);31/1/2028;1/4/2025;-;-;-;-;18;MO (E);Pé Preferido Desconhecido;Brasil;1,83 m;Rio de Janeiro;10/5/2007;MO (E);Média;;-;;;2000525100;-;-;-;6-14;-;-;-;-;-;6-13;11-17;4-10;7-15;-;-;-;4-13;-;-;-;8-14;5-13;-;-;-;-;-;-;-;-;-;-;-;-;-;-;-;-;-;-;-
;Alberto;BRA;Chapecoense;PL (C);31/12/2027;26/11/2025;-;-;-;-;19;PL (C);Pé Preferido Desconhecido;Brasil;1,76 m;Paraná;16/2/2006;PL (C);Acima da Média;;Nacional (SP);;;2000278139;-;-;-;9-16;-;-;-;13-19;-;11-20;8-14;-;-;-;6-15;-;8-14;-;1-7;-;-;12-19;-;-;-;-;-;-;-;-;-;-;-;-;-;-;-;-;-;-;-
;Alef Manga;BRA;Remo;MO (DE), PL (C);31/12/2026;29/12/2025;12-16;9-15;1-5;1-4;31;MO (DE), PL (C);Somente Pé Direito;Brasil;1,90 m;São Paulo;29/11/1994;MO (D);Abaixo da Média;;Avaí;;;83259149;10-14;5-9;8-12;10-16;5-11;6-10;8-12;11-15;8-12;11-15;13-17;10-14;10-16;3-9;12-16;10-14;12-16;13-19;11-17;11-15;9-13;12-18;10-14;10-14;6-10;8-12;9-13;2-8;10-16;9-13;8-12;7-13;11-15;8-12;1-5;2-6;1-2;1-3;1-5;1-4;1-5
;Alerrandro;BRA;SC Internacional;PL (C);31/12/2027;17/2/2025;8-14;9-13;1-7;1-5;25;PL (C);Pé Direito;Brasil;1,81 m;Minas Gerais;12/1/2000;PL (C);Alta;CSKA Moscovo;RB Bragantino;;;19296892;10-14;5-11;12-16;9-13;6-10;7-11;8-12;8-14;7-13;14-18;10-16;10-14;9-13;8-12;10-14;7-11;11-17;8-12;8-12;10-16;9-13;11-15;7-11;10-16;5-11;9-15;11-15;6-10;13-17;10-14;9-13;10-14;12-16;12-16;1-3;1-4;1-5;1-3;1-3;3-7;1-5
;Alessandro;BRA;Cruzeiro;MD, M (C);31/12/2028;1/7/2025;-;-;-;-;18;MD, M (C);Pé Preferido Desconhecido;Brasil;1,79 m;Minas Gerais;22/8/2007;M (C);Média;;-;;;2002043503;-;15-20;-;7-16;-;-;2-10;-;-;10-16;-;-;-;-;1-7;-;-;-;-;-;-;-;11-19;11-18;-;-;-;-;6-12;-;-;-;-;-;-;-;-;-;-;-;-
;Alesson;BRA;Mirassol;MO (DE);31/12/2027;1/7/2025;8-12;10-14;1-3;1-2;26;MO (DE);Pé Direito;Brasil;1,73 m;São Paulo;16/2/1999;MO (E);Abaixo da Média;;Torpedo Moscovo;;;19306798;12-18;3-9;9-13;9-13;7-11;4-8;9-15;5-11;8-12;5-9;7-11;11-15;7-11;10-14;5-9;11-17;10-16;10-14;8-12;11-15;13-17;15-19;9-15;9-15;6-10;5-11;12-16;5-9;14-18;8-12;9-15;9-13;7-11;10-14;1-6;1-3;1-3;1-5;1-5;1;1-3
;Alex Muralha;BRA;Mirassol;GR;31/12/2026;10/12/2025;11-15;8-12;8-14;9-13;36;GR;Somente Pé Direito;Brasil;1,88 m;Minas Gerais;10/11/1989;GR;Alta;;Coritiba;;;19172116;5-11;1-3;1-4;8-12;2-6;1-2;1-7;1-5;5-9;3-7;1-4;1-3;1-3;3-7;9-13;9-15;7-13;11-15;14-18;11-15;10-14;10-14;7-13;3-9;9-13;6-12;1-4;11-15;2-6;7-11;8-14;11-15;6-10;8-12;14-20;13-17;9-13;15-19;12-16;8-12;9-15
D;Alex Nascimento;BRA;Santos;D (C);31/12/2026;12/6/2024;8-12;8-14;3-7;1-3;26;D (C);Somente Pé Esquerdo;Brasil;1,89 m;São Paulo;10/5/1999;D (C);Alta;;Fluminense;;;19290866;8-12;13-17;3-9;6-12;10-14;8-12;5-9;13-17;3-7;10-14;5-9;7-13;4-10;2-6;11-15;10-14;12-16;9-15;13-17;7-11;10-16;8-14;10-14;11-15;9-13;12-16;6-12;6-12;8-12;9-13;10-14;8-12;10-14;9-15;1-4;1;1-5;1-5;1-4;1-4;1-5
;Alex Sandro;BRA;Flamengo;D (EC), DA (E);31/12/2026;26/8/2024;13-17;13-17;1-4;1-7;34;D (EC), DA (E);Pé Esquerdo;Brasil;1,80 m;São Paulo;26/1/1991;D (E);Alta;;Juventus;;;19067093;10-16;13-17;7-11;14-18;9-13;11-17;6-12;12-16;6-10;13-19;7-11;11-15;14-18;7-11;11-17;9-15;11-15;16-20;8-12;11-15;10-14;10-14;11-17;10-14;14-18;13-17;9-13;13-17;10-14;11-17;9-15;7-11;12-18;13-17;1-4;2-6;1-3;1-2;1-5;1-6;1-5
D;Alex Santana;BRA;Corinthians;MD, M (C);31/12/2027;10/7/2024;10;13;3;3;30;MD, M (C);Pé Direito;Brasil;1,82 m;São Paulo;13/5/1995;M (C);Acima da Média;;Athletico-PR;;;19167419;14;10;13;14;9;8;15;10;12;13;12;14;11;10;13;12;13;13;11;12;13;14;11;13;10;12;13;10;14;13;12;12;13;11;2;2;3;1;3;3;3
Prt;Alex Telles;BRA;Botafogo;D/DA (E);31/12/2026;2/9/2024;13-19;13-17;1-2;1-5;33;D/DA (E);Pé Esquerdo;Brasil;1,81 m;Rio Grande do Sul;15/12/1992;D (E);Média;;Al-Nassr;Itália;;19162830;14-18;8-12;12-18;11-15;7-11;11-15;14-18;6-10;13-19;12-16;10-16;10-16;15-19;14-18;9-13;13-17;9-13;12-16;9-13;12-18;10-16;12-16;11-15;9-13;7-13;8-12;10-16;9-13;12-16;12-16;13-17;9-13;12-16;9-15;3-7;1-5;1-3;1-3;1-3;2-6;1
;Alexsander;BRA;Atlético Mineiro;D (E), MD, M (C);31/12/2029;29/7/2025;10-14;10-14;1-5;1-5;22;D (E), MD, M (C);Somente Pé Esquerdo;Brasil;1,77 m;Rio de Janeiro;8/10/2003;MD;Alta;;Al-Ahli;;;2000084501;9-15;10-14;10-14;13-17;9-13;7-13;8-14;8-12;9-13;11-17;7-11;10-14;11-15;8-12;7-13;9-15;10-14;12-16;5-9;9-13;12-16;13-17;8-14;11-15;13-17;11-15;10-14;8-12;8-12;11-17;9-15;9-13;11-17;13-17;1-4;1-5;1-4;1-3;3-7;1-7;1-3
;Alexsandro;BRA;Grêmio;PL (C);31/12/2027;28/2/2025;-;-;-;-;19;PL (C);Pé Preferido Desconhecido;Brasil;1,79 m;Bahia;6/2/2006;PL (C);Alta;;Vitória;;;2000335651;-;-;-;6-14;-;-;-;4-13;-;3-10;10-16;-;-;-;2-9;-;4-13;-;10-17;-;-;7-15;-;-;-;-;-;-;-;-;-;-;-;-;-;-;-;-;-;-;-
;Alexsandro;BRA;Atlético Mineiro;D/DA/M (E);31/12/2028;29/12/2025;-;-;-;-;16;D/DA/M (E);Pé Preferido Desconhecido;Brasil;1,91 m;;25/4/2009;D (E);Alta;;Fluminense;;;2000530318;-;11-17;-;-;1-7;-;-;-;-;11-20;-;-;12-20;-;4-14;-;11-17;-;-;-;-;14-20;-;-;5-11;-;-;-;-;-;-;-;-;-;-;-;-;-;-;-;-
;Alexsandro Faísca;BRA;Vitória;MO (D);31/12/2027;13/8/2025;-;-;-;-;19;MO (D);Pé Preferido Desconhecido;Brasil;1,76 m;Minas Gerais;19/2/2006;MO (D);Média;;PSTC;;;2000452991;-;-;-;8-14;-;-;-;-;-;7-15;10-19;5-14;6-12;-;-;-;7-14;-;-;-;6-15;12-18;-;-;-;-;-;-;-;-;-;-;-;-;-;-;-;-;-;-;-
;Alisson;BRA;Fluminense;MD, M (C);31/12/2027;1/10/2024;10-14;6-10;1-3;1-4;32;MD, M (C);Pé Direito;Brasil;1,74 m;Minas Gerais;25/6/1993;M (C);Alta;São Paulo;Grêmio;;;19189685;10-14;9-13;12-16;10-14;10-16;3-9;11-15;5-9;11-15;10-16;6-10;12-16;7-11;8-14;5-11;12-16;10-14;9-13;4-10;10-14;13-17;9-13;13-17;11-15;12-16;15-19;12-16;6-10;12-18;9-15;10-14;12-18;11-17;14-18;1-5;1-3;1-5;1-7;1-2;1-3;1-4
;Alisson;BRA;SC Internacional;D/DA (E);31/12/2030;1/7/2025;-;-;-;-;17;D/DA (E);Pé Preferido Desconhecido;Brasil;1,77 m;Rio Grande do Sul;31/7/2008;D (E);Abaixo da Média;;-;;;2002043192;-;6-16;-;-;11-19;-;-;-;-;4-12;-;-;6-14;-;1-7;-;5-15;-;-;-;-;8-16;-;-;7-13;-;-;-;-;-;-;-;-;-;-;-;-;-;-;-;-
;Alisson Santana;BRA;São Paulo;D (C);31/1/2027;24/2/2025;-;-;-;-;17;D (C);Pé Preferido Desconhecido;Brasil;1,84 m;;1/1/2008;D (C);Média;;-;;;2000520240;-;10-20;-;-;7-15;-;-;10-20;-;5-13;-;-;-;-;4-12;-;-;-;7-15;-;-;-;-;-;4-14;-;-;-;-;6-14;-;-;-;-;-;-;-;-;-;-;-
;Alix Vinicius;BRA;RB Bragantino;D (C);31/12/2028;29/12/2025;10-14;9-15;3-7;1-4;26;D (C);Somente Pé Direito;Brasil;1,95 m;Bahia;6/11/1999;D (C);Média;;Atlético Goianiense;;;2000240912;9-13;13-17;7-13;8-14;10-14;9-13;5-9;15-19;3-7;8-12;5-9;7-13;3-9;5-9;14-18;11-15;11-15;9-15;15-19;6-10;8-14;7-13;10-14;10-14;8-12;13-17;7-13;2-8;3-7;11-15;9-13;9-13;8-12;11-17;1-4;1-2;1-6;1-3;1-4;2-6;3-7
;Allan;BRA;Botafogo;MD, M (C);31/12/2026;3/7/2024;16-20;14-20;1-4;1-4;34;MD, M (C);Pé Direito;Brasil;1,75 m;Rio de Janeiro;8/1/1991;MD;Acima da Média;;Al-Wahda;Portugal;;19101228;13-17;12-16;6-10;13-19;8-14;4-8;10-14;8-12;12-16;12-16;11-15;9-13;9-15;8-14;9-13;10-14;8-12;12-18;3-9;13-17;8-12;8-14;12-16;12-16;13-17;13-17;9-13;15-20;8-14;15-19;11-15;10-16;14-18;10-14;2-6;2-6;1-3;1-4;1-7;1-4;1-5
;Allan;BRA;Palmeiras;M (DC), MO (DEC);31/12/2029;2/6/2025;6-12;10-14;1-7;1-5;21;M (DC), MO (DEC);Pé Esquerdo;Brasil;1,75 m;Santa Catarina;19/4/2004;MO (C);Alta;;Figueirense;;;2000221411;11-15;7-13;10-14;10-14;8-12;5-9;6-10;7-13;7-13;13-17;7-13;13-17;9-13;9-13;8-12;8-12;10-16;11-15;5-9;8-14;13-17;11-15;8-12;10-16;5-11;10-16;10-14;8-12;10-14;7-11;6-10;9-13;12-16;10-14;1-3;1-5;1-4;1-5;1-5;1-5;1-7
;Allan;BRA;Corinthians;MD, M (C);31/12/2027;2/7/2023;13-17;14-20;2-6;1-5;28;MD, M (C);Pé Esquerdo;Brasil;1,72 m;São Paulo;3/3/1997;MD;Alta;Flamengo;Atlético Mineiro;;;19260884;11-15;11-15;6-10;11-17;9-15;4-8;10-14;5-9;12-16;12-16;7-11;9-13;10-16;9-15;9-13;11-15;10-14;10-16;3-9;14-18;9-13;10-16;11-15;11-15;14-18;11-15;11-15;9-15;9-15;13-17;11-15;8-14;11-15;9-13;1-4;1-5;1;1-5;1-5;1-3;1-5
;Allex;BRA;SC Internacional;M/MO (C);31/12/2027;2/9/2024;-;-;-;-;19;M/MO (C);Pé Preferido Desconhecido;Brasil;1,67 m;São Paulo;4/5/2006;M (C);Abaixo da Média;;-;;;2000273986;9-18;-;-;7-15;-;-;8-17;-;-;4-11;8-14;-;-;-;-;-;-;-;-;-;-;-;-;4-13;-;-;-;-;11-18;-;-;-;3-10;-;-;-;-;-;-;-;-
;Alejandro Almaraz;ARG;Vitória;MD, M/MO (C);31/12/2027;1/7/2025;-;-;-;-;19;MD, M/MO (C);Pé Preferido Desconhecido;Argentina;1,81 m;Buenos Aires;2/12/2006;M (C);Acima da Média;;Nueva Chicago;;S-20;2000347153;9-17;-;-;6-15;-;-;7-15;-;-;8-14;3-10;-;-;-;-;-;-;-;-;-;-;-;-;12-19;-;-;-;-;18-20;-;-;-;8-14;-;-;-;-;-;-;-;-
;Junior Alonso;PAR;Atlético Mineiro;D (EC);31/12/2026;10/7/2024;14-18;10-14;1-5;1-3;32;D (EC);Pé Esquerdo;Paraguai;1,84 m;Western Paraguay;9/2/1993;D (C);Média;;Krasnodar;;A;79024221;9-13;11-15;11-15;8-12;13-19;10-16;8-12;11-15;9-13;6-12;6-10;7-11;8-12;4-10;9-15;12-16;10-14;11-15;10-16;12-16;10-14;7-11;12-16;9-13;13-17;11-15;10-14;9-13;4-10;9-15;10-14;9-15;9-15;12-16;1-5;1-5;1-5;1-7;1-2;1-5;1-5
Npt;Francis Amuzu;BEL;Grêmio;MO (E);31/12/2026;29/12/2025;10-14;7-11;1-3;1-3;26;MO (E);Pé Direito;Gana;1,70 m;Greater Accra Region;23/8/1999;MO (E);Muito Alta;;RSC Anderlecht;Gana;;18101803;11-17;3-9;6-10;10-14;8-12;4-8;8-14;3-9;5-9;8-12;9-13;11-15;10-14;9-13;7-11;10-16;12-18;12-16;8-12;10-14;13-17;14-18;9-15;6-12;8-12;9-15;10-14;7-11;12-16;10-14;9-15;10-14;6-10;9-13;1-6;1-4;1-4;3-7;1-5;1-2;1-4
;Anderson;BRA;Chapecoense;GR;31/12/2027;29/12/2025;11-15;7-11;11-15;8-14;27;GR;Somente Pé Esquerdo;Brasil;1,92 m;São Paulo;5/3/1998;GR;Média;;Atlético Goianiense;;;19250117;5-9;1-4;3-7;4-8;1-6;1-4;1-5;4-8;4-8;3-9;1-3;2-6;1;3-9;8-14;11-15;8-12;7-11;14-20;7-11;13-17;6-10;8-12;6-10;10-14;10-14;6-10;2-6;1-6;9-15;8-12;9-15;5-11;11-15;8-12;11-15;10-14;10-16;9-13;6-12;12-16
;Anderson Pato;BRA;Vitória;MO (DE);31/12/2026;29/12/2025;5-11;3-7;-;-;23;MO (DE);Pé Direito;Brasil;1,78 m;;28/9/2002;MO (E);Média;;Juazeiro;;;2000533103;7-11;7-13;1-5;9-13;-;-;5-9;8-14;5-11;9-13;10-16;9-13;8-12;5-9;7-11;5-9;10-16;9-13;7-11;2-8;10-14;10-14;7-11;5-11;-;8-14;10-14;10-14;9-13;16-20;11-15;8-12;9-13;7-11;-;-;-;-;-;-;-
;Anderson Pato;BRA;Vitória;MO (DE), PL (C);31/12/2027;1/7/2025;8-12;12-16;-;-;23;MO (DE), PL (C);Pé Direito;Brasil;1,94 m;Bahia;28/9/2002;MO (E);Abaixo da Média;;Juazeiro;;;2002042702;10-16;2-8;6-10;8-12;-;-;5-11;6-12;9-13;6-10;7-11;11-15;9-13;7-11;1-5;9-15;9-15;8-12;13-17;10-14;11-15;11-15;12-18;2-8;-;6-12;7-11;14-18;13-17;12-16;8-14;7-11;5-9;6-10;-;-;-;-;-;-;-
;André;BRA;Corinthians;MD, M (C);31/12/2029;22/8/2025;-;-;-;-;19;MD, M (C);Pé Preferido Desconhecido;Brasil;1,83 m;;20/6/2006;M (C);Média;;-;;;2000273902;-;9-18;-;7-13;-;-;3-10;-;-;10-17;-;-;-;-;11-18;-;-;-;-;-;-;-;3-10;9-18;-;-;-;-;6-14;-;-;-;-;-;-;-;-;-;-;-;-
;André;BRA;Vasco da Gama;MO (E);31/12/2026;1/9/2024;11;8;2;2;20;MO (E);Somente Pé Direito;Brasil;1,70 m;;18/7/2005;MO (E);Média;;-;;;2000219347;12;7;3;10;6;7;9;6;8;11;9;11;11;7;7;8;12;10;8;9;12;13;12;11;7;9;11;12;13;15;9;10;7;9;3;2;2;2;3;3;2
;André Cardoso;BRA;RB Bragantino;MD, M (C);31/12/2028;6/1/2025;4-10;11-15;-;-;22;MD, M (C);Pé Direito;Brasil;1,85 m;;17/5/2003;MD;Acima da Média;;Novorizontino;;;2000166477;6-10;12-18;-;12-16;9-13;-;5-9;8-14;1-3;9-13;1-7;7-11;6-10;-;9-13;8-12;8-14;11-15;8-12;7-13;9-13;3-7;8-12;12-18;10-16;8-14;8-12;7-11;4-8;14-18;4-8;7-11;6-10;7-11;-;-;-;-;-;-;-
Prt;André Henrique;BRA;Grêmio;PL (C);31/12/2028;29/12/2025;11-15;1-5;1-3;1-5;24;PL (C);Pé Direito;Brasil;1,89 m;Bahia;17/12/2001;PL (C);Média;;Hercílio Luz;;;2000034893;8-12;5-9;8-12;6-10;4-10;7-13;9-13;11-15;6-10;7-13;10-14;11-15;5-9;5-11;9-15;12-16;10-14;8-12;12-18;10-14;13-17;9-13;13-17;8-12;8-12;8-12;13-17;10-14;8-14;10-16;11-15;8-14;8-14;12-16;1-4;1-4;1-5;1-5;1;1-3;1-3
;André Lucas;BRA;Palmeiras;D/DA (E);28/2/2027;10/7/2024;-;-;-;-;19;D/DA (E);Pé Preferido Desconhecido;Brasil;1,78 m;São Paulo;22/1/2006;D (E);Abaixo da Média;;-;;;2000430155;-;12-18;-;-;3-10;-;-;-;-;5-14;-;-;13-20;-;2-11;-;8-14;-;-;-;-;14-20;-;-;4-10;-;-;-;-;-;-;-;-;-;-;-;-;-;-;-;-
;André Luís;BRA;Mirassol;MO (E), PL (C);31/12/2026;29/12/2025;11-15;12-16;1-4;1-2;31;MO (E), PL (C);Pé Direito;Brasil;1,84 m;Pará;3/9/1994;PL (C);Acima da Média;;Shanghai Shenhua;;;19258902;9-15;2-8;9-13;8-12;6-10;1-4;10-16;10-16;10-14;7-11;12-16;10-14;7-11;7-11;8-12;8-14;9-15;12-16;14-18;11-15;10-14;12-16;9-15;4-10;3-7;7-13;13-17;7-11;13-17;9-13;8-14;9-13;8-12;11-15;1-6;1-5;1-5;1-5;1-4;1-3;1-3
;André Moreira;POR;Remo;GR;31/12/2026;1/7/2025;11-15;8-12;13-17;7-13;30;GR;Somente Pé Direito;Portugal;1,95 m;Ave;2/12/1995;GR;Abaixo da Média;;Volos;;;55082016;7-11;1-3;1-5;7-11;1-5;1-3;1-3;5-9;4-8;5-11;1-3;1-5;1-2;1-6;10-16;8-12;8-12;8-12;15-20;7-11;13-17;4-8;8-12;6-10;10-14;11-15;2-6;8-12;1-6;9-15;9-13;9-15;6-12;13-17;12-16;13-17;12-16;12-18;8-12;8-14;12-16
;André Ramalho;BRA;Corinthians;D (C), MD;31/12/2026;11/7/2024;14-20;13-17;1;1-3;33;D (C), MD;Pé Direito;Brasil;1,82 m;São Paulo;16/2/1992;D (C);Abaixo da Média;;PSV;Áustria;;16097159;13-17;9-13;4-10;10-14;12-16;9-13;9-13;10-14;8-14;9-13;5-11;5-11;7-11;4-8;11-15;13-17;6-10;11-15;11-15;11-17;6-12;7-11;12-16;6-10;11-17;9-13;4-10;11-15;7-11;10-14;10-14;9-13;13-17;10-16;4-8;1-6;1-4;1-5;2-6;1-4;1-2
;André Silva;BRA;São Paulo;MO (DE), PL (C);30/6/2027;1/3/2024;7-13;10-14;1-6;3-7;28;MO (DE), PL (C);Pé Esquerdo;Brasil;1,81 m;São Paulo;3/6/1997;PL (C);Acima da Média;;Vitória de Guimarães;;;19264972;9-13;3-9;11-15;11-15;2-6;7-11;6-10;12-18;10-16;12-16;10-16;10-14;10-14;6-10;11-15;8-12;12-18;11-15;9-13;7-13;10-14;11-15;9-13;11-17;4-10;11-17;12-16;5-9;10-14;16-20;9-13;8-12;13-17;11-15;1;1-4;1-3;1-4;1-4;2-6;1-6
;Andreas Pereira;BRA;Palmeiras;M/MO (EC);31/12/2028;29/8/2025;9-13;10-14;1-5;1-5;29;M/MO (EC);Pé Direito;Bélgica;1,78 m;Antwerpen;1/1/1996;M/MO (C);Acima da Média;;Fulham;Bélgica;;28085588;14-18;9-13;14-18;9-13;7-13;1-6;12-16;4-8;12-16;11-17;9-13;14-18;10-14;13-19;5-11;11-15;12-16;11-15;6-12;12-16;14-18;10-14;13-17;13-17;10-14;13-17;12-16;7-11;12-18;14-20;8-12;11-17;7-13;11-15;1-3;1-3;1-5;1-6;1;1-3;2-6
;Andrei;BRA;Vitória;D (C);31/12/2026;1/1/2024;-;-;-;-;20;D (C);Pé Preferido Desconhecido;Brasil;2,01 m;Bahia;30/4/2005;D (C);Alta;;-;;;2000308517;-;9-18;-;-;7-15;-;-;11-20;-;7-14;-;-;-;-;14-20;-;-;-;15-20;-;-;-;-;-;4-13;-;-;-;-;13-20;-;-;-;-;-;-;-;-;-;-;-
;Andrés González;COL;Remo;MO (DE), PL (C);31/3/2027;1/7/2025;-;-;-;-;19;MO (DE), PL (C);Pé Preferido Desconhecido;Colômbia;1,78 m;Andina;29/6/2006;MO (E);Baixo;Amazônia IFC;-;;S-20;2002043009;-;-;-;10-17;-;-;-;-;-;9-18;7-13;10-18;9-16;-;-;-;10-16;-;-;-;7-15;14-20;-;-;-;-;-;-;-;-;-;-;-;-;-;-;-;-;-;-;-
;Andrew;BRA;Flamengo;GR;31/12/2029;29/12/2025;10-16;9-13;10-14;7-11;24;GR;Pé Direito;Brasil;1,89 m;Rio de Janeiro;1/7/2001;GR;Alta;;Gil Vicente;;;19370048;8-12;1-3;1-5;6-10;1-3;1-3;2-6;1;4-10;6-10;1-5;3-9;1-3;1-5;9-13;10-14;6-10;12-16;10-14;7-13;8-14;7-11;11-15;5-9;9-15;8-12;1-3;5-9;1-4;11-15;11-15;10-14;7-11;6-12;12-16;10-16;4-10;10-14;10-14;7-11;8-12
;Andrey Fernandes;BRA;Vasco da Gama;MO (E), PL (C);30/6/2027;1/7/2024;8;8;2;2;17;MO (E), PL (C);Pé Direito;Brasil;1,76 m;;5/2/2008;PL (C);Média;;-;;;2000481532;11;5;10;10;7;5;8;8;7;11;11;12;9;8;7;9;12;10;9;9;13;12;8;10;7;10;13;7;11;12;11;10;11;11;1;2;1;4;2;1;3
Trn;Ângelo;BRA;São Paulo;D/DA/M/MO (D);30/11/2027;4/2/2025;-;-;-;-;17;D/DA/M/MO (D);Pé Preferido Desconhecido;Brasil;1,81 m;São Paulo;20/10/2008;DA (D);Acima da Média;;-;;;2000460060;-;12-20;-;-;5-13;-;-;-;-;10-18;-;-;4-10;-;12-20;-;7-17;-;-;-;-;5-11;-;-;1-10;-;-;-;-;-;-;-;-;-;-;-;-;-;-;-;-
;Fabrizio Angileri;ARG;Corinthians;D/DA/M (E);31/12/2026;29/12/2025;9-13;12-16;1-5;1-7;31;D/DA/M (E);Somente Pé Esquerdo;Argentina;1,85 m;Mendoza;15/3/1994;D (E);Acima da Média;;Getafe CF;Itália;;14079839;8-14;9-13;8-12;13-17;10-14;11-17;8-14;7-11;11-15;11-17;7-11;11-15;14-18;10-14;8-14;10-16;11-15;12-16;8-12;10-14;11-15;13-17;9-15;12-16;11-15;10-14;11-15;4-8;5-9;8-14;9-15;9-13;11-17;11-15;1-4;1-3;1-4;1-2;2-6;1-6;1-4
;Anthoni;BRA;SC Internacional;GR;31/12/2029;1/7/2025;14-18;3-9;4-8;8-12;23;GR;Pé Direito;Brasil;1,93 m;Rio Grande do Sul;23/1/2002;GR;Alta;;-;;;2000020492;6-10;1-4;1-2;6-12;1-5;1-5;1-4;1-4;6-10;7-11;2-6;1-2;1-6;1-6;11-15;4-8;8-12;11-17;12-18;7-11;8-12;8-14;9-13;9-13;12-16;10-14;1-3;6-12;1-5;11-15;10-14;7-13;7-11;8-12;9-13;13-17;5-9;8-14;11-17;8-12;14-18
For;Anthonny;BRA;São Paulo;MO (D);31/12/2026;24/10/2025;-;-;-;-;17;MO (D);Pé Preferido Desconhecido;Brasil;1,77 m;;17/10/2008;MO (D);Média;Ibrachina;-;;;2000518241;-;-;-;7-15;-;-;-;-;-;1-6;7-13;6-12;8-16;-;-;-;5-15;-;-;-;9-15;9-17;-;-;-;-;-;-;-;-;-;-;-;-;-;-;-;-;-;-;-
;Anthony;BRA;EC Bahia;MD, M (C);31/12/2027;26/2/2024;-;-;-;-;17;MD, M (C);Pé Preferido Desconhecido;Brasil;1,81 m;Distrito Federal;16/1/2008;M (C);Abaixo da Média;Atlético Goianiense;-;;;2000490712;-;6-12;-;10-18;-;-;1-10;-;-;8-18;-;-;-;-;5-15;-;-;-;-;-;-;-;7-17;8-14;-;-;-;-;1-6;-;-;-;-;-;-;-;-;-;-;-;-
;Anthony Wesley;BRA;Botafogo;D (C);31/3/2030;29/12/2025;-;-;-;-;20;D (C);Pé Preferido Desconhecido;Brasil;1,93 m;;12/7/2005;D (C);Baixo;;Goiás;;;2000347152;-;6-13;-;-;7-13;-;-;5-12;-;6-14;-;-;-;-;8-16;-;-;-;10-16;-;-;-;-;-;12-20;-;-;-;-;8-16;-;-;-;-;-;-;-;-;-;-;-
;Antônio Carlos;BRA;Fluminense;GR;31/1/2027;11/3/2025;-;-;1-7;6-15;19;GR;Pé Preferido Desconhecido;Brasil;1,85 m;;15/6/2006;GR;Acima da Média;;Andirá;;;2000273241;-;-;-;-;-;-;-;-;-;-;-;-;-;-;-;-;-;-;-;-;-;-;-;-;-;-;-;-;-;-;-;-;-;-;8-14;4-12;13-20;-;5-12;-;6-12
;Antônio Marcos;BRA;Palmeiras;MO (DE), PL (C);30/6/2027;5/7/2024;-;-;-;-;18;MO (DE), PL (C);Pé Preferido Desconhecido;Brasil;1,81 m;Maranhão;25/6/2007;MO (E);Acima da Média;;Retrô;;;2000376963;-;-;-;9-15;-;-;-;-;-;9-17;8-17;2-11;7-13;-;-;-;6-13;-;-;-;6-15;11-17;-;-;-;-;-;-;-;-;-;-;-;-;-;-;-;-;-;-;-
;Antonny;BRA;Santos;M (C);28/2/2027;16/5/2024;-;-;-;-;18;M (C);Pé Preferido Desconhecido;Brasil;1,77 m;;28/1/2007;M (C);Média;;Azuriz;;;2000379990;-;6-12;-;3-10;-;-;4-10;-;-;3-12;-;-;-;-;1-10;-;-;-;-;-;-;-;8-14;6-12;-;-;-;-;3-12;-;-;-;-;-;-;-;-;-;-;-;-
;Aranha;BRA;Palmeiras;GR;30/6/2029;14/7/2025;-;-;2-8;5-14;20;GR;Pé Preferido Desconhecido;Brasil;1,90 m;Pernambuco;7/2/2005;GR;Média;;Sport Recife;;;2000246368;-;-;-;-;-;-;-;-;-;-;-;-;-;-;-;-;-;-;-;-;-;-;-;-;-;-;-;-;-;-;-;-;-;-;3-9;10-18;14-20;-;6-13;-;9-15
;Alejandro Ararat;COL;Coritiba;MD, M (C);31/12/2026;1/7/2025;-;-;-;-;19;MD, M (C);Pé Preferido Desconhecido;Colômbia;1,91 m;Andina;21/7/2006;MD;Abaixo da Média;Yumbo F.C.;Atlético Huila;;S-20;2000362029;-;7-16;-;11-19;-;-;9-18;-;-;8-15;-;-;-;-;2-9;-;-;-;-;-;-;-;11-20;2-11;-;-;-;-;7-14;-;-;-;-;-;-;-;-;-;-;-;-
;Araujo;BRA;Corinthians;PL (C);30/6/2027;1/7/2024;-;-;-;-;18;PL (C);Pé Preferido Desconhecido;Brasil;1,80 m;;2/1/2007;PL (C);Abaixo da Média;;-;;;2000379971;-;-;-;3-12;-;-;-;8-16;-;10-16;11-18;-;-;-;2-8;-;8-16;-;1-10;-;-;10-19;-;-;-;-;-;-;-;-;-;-;-;-;-;-;-;-;-;-;-
D;Michel Araújo;URU;EC Bahia;M (E), MO (DE);31/12/2028;8/1/2025;9-15;10-14;1;1-5;29;M (E), MO (DE);Somente Pé Esquerdo;Uruguai;1,78 m;Colonia;28/9/1996;MO (E);Abaixo da Média;;São Paulo;;;78082187;15-19;7-11;8-14;10-14;11-15;8-12;10-14;10-14;12-18;12-16;9-15;12-18;10-14;9-13;7-11;11-15;7-11;10-14;7-11;10-16;10-16;12-16;13-17;7-11;10-16;6-10;9-15;8-12;12-16;11-15;13-17;11-15;10-14;9-15;1-5;1-7;1-4;1-5;1-3;1-3;1-3
;Jhon Arias;COL;Palmeiras;MO (DEC);31/12/2029;29/12/2025;6-12;4-8;1-3;1-4;28;MO (DEC);Pé Direito;Colômbia;1,72 m;Pacífica;21/9/1997;MO (C);Média;;Wolves;;A;76053760;15-19;6-10;12-18;13-17;4-8;9-13;11-15;4-8;12-18;12-16;11-17;11-17;12-16;11-15;9-13;14-18;9-13;13-17;5-9;11-17;9-15;11-15;14-18;11-15;7-13;10-14;10-16;8-12;12-16;10-14;12-16;11-15;11-15;10-16;1-5;1-7;1-5;1-3;1-4;1-3;1
;Keny Arroyo;ECU;Cruzeiro;M (D), MO (DE);31/12/2029;1/9/2025;8-13;11-16;1-4;1-6;19;M (D), MO (DE);Pé Esquerdo;Equador;1,76 m;Guayas;14/2/2006;MO (D);Acima da Média;;Beşiktaş;;;2000238729;10-17;4-9;8-14;13-18;1-4;4-11;7-14;4-9;11-16;11-18;7-12;12-18;13-18;9-14;6-13;6-13;10-15;12-17;1-6;10-15;11-17;14-19;6-13;10-15;2-7;10-15;9-15;7-12;10-15;12-19;6-13;3-8;10-17;7-13;1-4;1-3;1-5;1;2-7;2-9;1-4
JEC;Arthur;BRA;Grêmio;MD, M (C);30/6/2027;3/2/2025;10-14;8-12;1-3;1-3;29;MD, M (C);Pé Direito;Brasil;1,70 m;Goiás;12/8/1996;M (C);Alta;Juventus;Barcelona;;;19259600;13-19;8-14;9-13;15-19;10-14;1-5;8-14;3-9;10-14;12-16;6-10;12-16;10-14;12-16;7-11;11-17;8-14;7-11;7-11;13-17;12-16;10-14;10-16;10-16;12-16;10-16;6-10;7-11;14-18;9-13;13-19;15-19;10-14;12-16;1-7;1-5;1-4;2-6;1-4;1-2;1-3
Prt;Arthur;BRA;Palmeiras;D/DA (E);31/12/2029;2/8/2025;-;-;-;-;20;D/DA (E);Pé Preferido Desconhecido;Brasil;1,76 m;São Paulo;4/9/2005;D (E);Média;;-;;;2000329679;-;11-18;-;-;9-15;-;-;-;-;6-12;-;-;5-14;-;3-9;-;11-18;-;-;-;-;4-13;-;-;4-11;-;-;-;-;-;-;-;-;-;-;-;-;-;-;-;-
;Arthur Cabral;BRA;Botafogo;PL (C);31/12/2028;8/6/2025;14-20;14-18;1-2;1-4;27;PL (C);Pé Direito;Brasil;1,86 m;Paraíba;25/4/1998;PL (C);Abaixo da Média;;Benfica;;;19266403;14-18;4-8;4-10;8-12;2-6;9-13;12-16;9-13;6-12;11-15;13-19;9-15;8-12;4-8;15-19;12-16;9-13;10-14;12-16;11-17;5-11;9-13;10-14;9-13;4-10;10-14;6-12;8-12;6-10;9-13;12-16;12-16;12-16;7-13;1-5;1-5;1-4;1-3;1-5;1-4;1
;Arthur Daniel;BRA;Coritiba;M/MO (C);31/1/2027;20/1/2025;-;-;-;-;17;M/MO (C);Pé Preferido Desconhecido;Brasil;1,72 m;;9/4/2008;M (C);Alta;;-;;;2000437283;3-13;-;-;11-19;-;-;1-7;-;-;9-19;1-7;-;-;-;-;-;-;-;-;-;-;-;-;10-16;-;-;-;-;2-10;-;-;-;9-19;-;-;-;-;-;-;-;-
;Arthur Dias;BRA;Athletico-PR;D (C);31/12/2028;1/9/2025;-;-;-;-;18;D (C);Pé Preferido Desconhecido;Brasil;1,87 m;Mato Grosso do Sul;10/4/2007;D (C);Acima da Média;;-;;;2000264292;-;10-19;-;-;6-14;-;-;9-18;-;10-17;-;-;-;-;10-17;-;-;-;7-15;-;-;-;-;-;5-14;-;-;-;-;13-20;-;-;-;-;-;-;-;-;-;-;-
;Arthur do Vale;BRA;Santos;GR;31/3/2028;10/5/2025;-;-;1-5;7-15;16;GR;Pé Preferido Desconhecido;Brasil;1,88 m;Espírito Santo;28/1/2009;GR;Média;;-;;;2000510252;-;-;-;-;-;-;-;-;-;-;-;-;-;-;-;-;-;-;-;-;-;-;-;-;-;-;-;-;-;-;-;-;-;-;5-13;8-18;4-14;-;10-16;-;3-11
;Arthur Henrique;BRA;Fluminense;MO (E);31/12/2026;14/7/2025;-;-;-;-;18;MO (E);Pé Preferido Desconhecido;Brasil;1,81 m;;15/6/2007;MO (E);Abaixo da Média;;-;;;2000482536;-;-;-;5-13;-;-;-;-;-;3-10;7-13;9-15;7-15;-;-;-;6-15;-;-;-;9-15;8-16;-;-;-;-;-;-;-;-;-;-;-;-;-;-;-;-;-;-;-
;Arthur Jampa;BRA;EC Bahia;GR;2/12/2027;2/12/2024;-;-;9-15;9-19;17;GR;Pé Preferido Desconhecido;Brasil;1,88 m;;30/3/2008;GR;Média;;-;;;2000378949;-;-;-;-;-;-;-;-;-;-;-;-;-;-;-;-;-;-;-;-;-;-;-;-;-;-;-;-;-;-;-;-;-;-;1-11;8-14;6-14;-;10-18;-;6-12
;Arthur Novaes;BRA;Botafogo;M (C);30/6/2029;5/5/2025;-;-;-;-;17;M (C);Pé Preferido Desconhecido;Brasil;1,76 m;;16/9/2008;M (C);Abaixo da Média;;-;;;2000491208;-;8-16;-;4-14;-;-;5-13;-;-;7-13;-;-;-;-;3-9;-;-;-;-;-;-;-;4-12;12-20;-;-;-;-;8-14;-;-;-;-;-;-;-;-;-;-;-;-
;Arthur Ryan;BRA;Fluminense;D/DA (D);31/5/2027;1/6/2024;-;-;-;-;17;D/DA (D);Pé Preferido Desconhecido;Brasil;1,74 m;;18/3/2008;D (D);Acima da Média;;-;;;2000463014;-;3-11;-;-;1-10;-;-;-;-;9-15;-;-;8-18;-;3-9;-;8-16;-;-;-;-;11-20;-;-;7-15;-;-;-;-;-;-;-;-;-;-;-;-;-;-;-;-
;Arthur Theodoro;BRA;RB Bragantino;MD, M (C);31/7/2027;8/4/2025;-;-;-;-;17;MD, M (C);Pé Preferido Desconhecido;Brasil;1,69 m;;2/5/2008;MD;Abaixo da Média;;-;;;2000378235;-;5-13;-;11-17;-;-;12-20;-;-;6-14;-;-;-;-;1-5;-;-;-;-;-;-;-;10-18;1-7;-;-;-;-;1-7;-;-;-;-;-;-;-;-;-;-;-;-
;Artur;BRA;São Paulo;MO (DE);31/12/2029;23/1/2025;9-13;8-14;2-6;1-5;27;MO (DE);Somente Pé Esquerdo;Brasil;1,68 m;Ceará;15/2/1998;MO (D);Acima da Média;Botafogo;Zenit;;;19261284;11-15;9-13;8-14;9-15;7-11;2-6;11-15;7-11;7-11;12-16;8-12;12-18;8-14;12-16;4-8;12-16;15-19;8-14;2-6;11-15;14-20;12-18;12-16;13-17;2-6;9-13;13-19;3-9;12-16;11-15;10-14;9-13;10-14;10-16;1-3;1;1-7;2-6;1-3;1-4;4-8
;Artur Júnior;BRA;Grêmio;MD, M (C);31/12/2027;1/6/2024;-;-;-;-;19;MD, M (C);Pé Preferido Desconhecido;Brasil;1,72 m;Rio de Janeiro;23/9/2006;M (C);Acima da Média;;-;;;2000277686;-;6-14;-;10-19;-;-;3-9;-;-;8-14;-;-;-;-;3-9;-;-;-;-;-;-;-;9-15;7-15;-;-;-;-;1-10;-;-;-;-;-;-;-;-;-;-;-;-
Les;Assef;BRA;Atlético Mineiro;MO (DE);31/12/2027;1/12/2024;-;-;-;-;17;MO (DE);Pé Preferido Desconhecido;Brasil;1,64 m;Minas Gerais;28/1/2008;MO (E);Alta;;-;;;2000438586;-;-;-;7-13;-;-;-;-;-;10-18;8-18;4-14;9-15;-;-;-;6-14;-;-;-;6-16;12-18;-;-;-;-;-;-;-;-;-;-;-;-;-;-;-;-;-;-;-
;Assis;BRA;Santos;D (C);28/2/2027;18/3/2024;-;-;-;-;18;D (C);Pé Preferido Desconhecido;Brasil;1,84 m;;12/12/2007;D (C);Abaixo da Média;;Ponte Preta;;;2000380014;-;3-10;-;-;6-12;-;-;4-11;-;6-14;-;-;-;-;5-13;-;-;-;7-13;-;-;-;-;-;9-18;-;-;-;-;1-9;-;-;-;-;-;-;-;-;-;-;-
;Athos Thawan;BRA;Grêmio;D (C);31/12/2027;29/12/2025;-;-;-;-;20;D (C);Pé Preferido Desconhecido;Brasil;1,87 m;Minas Gerais;29/3/2005;D (C);Alta;;-;;;2000112097;-;9-17;-;-;6-15;-;-;9-17;-;5-11;-;-;-;-;6-12;-;-;-;6-15;-;-;-;-;-;10-17;-;-;-;-;1-6;-;-;-;-;-;-;-;-;-;-;-
;Marvin Avila;GUA;São Paulo;MO (DE);N/A;29/12/2025;-;-;-;-;17;MO (DE);Pé Preferido Desconhecido;Guatemala;1,78 m;;17/3/2008;MO (E);Alta;;Antigua GFC;;;2000365856;-;-;-;12-20;-;-;-;-;-;7-17;4-10;6-14;11-19;-;-;-;10-16;-;-;-;9-17;11-19;-;-;-;-;-;-;-;-;-;-;-;-;-;-;-;-;-;-;-
;Ayrton Lucas;BRA;Flamengo;D/DA (E);31/12/2027;31/12/2022;8-14;6-10;1-7;1-5;28;D/DA (E);Pé Esquerdo;Brasil;1,80 m;Rio Grande do Norte;19/6/1997;D/DA (E);Abaixo da Média;;Spartak Moscovo;;;19284037;9-13;10-16;8-12;11-15;6-10;11-15;8-12;6-12;1-6;14-18;7-13;13-17;10-14;10-14;11-15;12-16;15-20;11-15;8-12;7-13;12-16;14-18;8-12;10-16;4-10;6-12;9-13;6-10;10-14;15-19;5-9;8-12;12-16;10-14;1-2;1-3;1-5;1-5;1-5;3-7;1-6
;Bahia;BRA;Corinthians;MD, M (C);30/9/2027;1/10/2024;-;-;-;-;19;MD, M (C);Pé Preferido Desconhecido;Brasil;1,78 m;Bahia;2/1/2006;MD;Abaixo da Média;;-;;S-20;2000192476;-;5-12;-;11-17;-;-;11-18;-;-;8-16;-;-;-;-;5-13;-;-;-;-;-;-;-;13-20;5-12;-;-;-;-;6-12;-;-;-;-;-;-;-;-;-;-;-;-
;Fabián Balbuena;PAR;Grêmio;D (C);30/6/2027;26/7/2025;12-16;10-14;1-3;1-3;34;D (C);Pé Direito;Paraguai;1,88 m;Eastern Paraguay;23/8/1991;D (C);Alta;;Dinamo Moscovo;;;79013838;7-11;12-16;6-10;6-10;12-18;4-10;4-8;12-16;5-9;6-12;5-9;6-10;3-7;4-10;11-17;8-12;8-12;7-11;10-16;12-16;9-13;6-10;13-17;6-10;12-16;11-15;8-12;11-15;3-9;10-16;11-15;11-17;9-15;12-16;1-3;1-5;1-5;1-5;1;1-5;1-5
;Baralhas;BRA;Vitória;MD, M (C);31/12/2028;29/12/2025;11-15;10-16;2-6;1-3;27;MD, M (C);Pé Direito;Brasil;1,78 m;São Paulo;10/10/1998;MD;Média;;SC Internacional;;;19339282;10-14;14-18;6-12;8-14;13-17;6-10;10-14;11-15;5-9;9-13;6-10;8-14;5-11;5-9;10-14;11-15;12-16;8-14;8-12;8-12;10-16;8-14;13-17;10-14;11-15;14-18;10-16;7-13;8-12;12-16;12-16;11-15;9-13;12-18;1-5;1-3;1-5;1-4;1-5;1-4;3-7
;Alexander Barboza;URU;Palmeiras;D (C);31/12/2029;1/7/2025;16-20;16-20;1-4;1-5;30;D (C);Pé Esquerdo;Argentina;1,93 m;Buenos Aires;16/3/1995;D (C);Média;;Botafogo;Argentina;;14076367;11-15;11-15;5-9;11-17;10-16;8-12;11-15;13-17;10-14;11-15;5-9;5-9;4-10;2-8;14-18;13-17;9-13;13-19;11-17;14-18;7-11;11-17;14-18;11-15;14-18;11-15;7-11;12-18;3-9;12-16;9-13;6-12;12-16;9-13;1-4;3-7;1-3;1-5;1-7;1-3;2-6
;Álvaro Barreal;ARG;Santos;M (EC), MO (DE);31/12/2028;29/12/2025;5-9;8-14;3-7;1-3;25;M (EC), MO (DE);Somente Pé Esquerdo;Argentina;1,73 m;;17/8/2000;MO (E);Acima da Média;;Cincinnati;E.U.A.;;14201730;11-15;10-14;9-15;9-15;8-12;3-7;11-15;6-10;9-13;11-15;8-12;12-18;10-16;9-13;8-12;11-15;13-17;10-16;5-9;9-13;11-17;10-16;12-16;13-17;7-11;14-18;10-16;2-8;13-17;10-14;10-14;9-13;9-13;11-17;1-3;1-2;1-7;1-3;1-4;1-5;1-5
;Jordan Barrera;COL;Botafogo;M (C), MO (EC);31/12/2029;10/7/2025;8-13;5-11;1-6;1;19;M (C), MO (EC);Pé Direito;Colômbia;1,80 m;Caribe;11/4/2006;MO (C);Abaixo da Média;;Junior;;S-20;2000170179;11-18;2-9;2-7;10-16;8-13;1-6;9-16;2-9;9-14;8-13;8-13;10-15;8-14;11-16;5-10;9-16;8-15;9-15;9-14;9-14;10-15;10-16;8-15;7-14;7-12;6-13;9-14;7-13;13-18;8-13;9-16;11-16;6-11;8-13;1-6;1-6;1-3;3-8;1-6;1-3;1-3
;Kadir Barría;PAN;Botafogo;PL (C);31/12/2029;1/8/2025;-;-;-;-;18;PL (C);Pé Preferido Desconhecido;E.U.A.;1,83 m;Florida;18/7/2007;PL (C);Abaixo da Média;;Atlético Nacional (PAN);;S-20;2000482325;-;-;-;6-14;-;-;-;2-11;-;3-10;11-17;-;-;-;6-13;-;4-13;-;10-17;-;-;7-15;-;-;-;-;-;-;-;-;-;-;-;-;-;-;-;-;-;-;-
Les;Bastos;ANG;Botafogo;D (C);31/12/2026;27/9/2024;13-17;19-20;1-3;1-5;34;D (C);Pé Direito;Angola;1,84 m;Luanda Province;27/3/1991;D (C);Acima da Média;;Al-Ahli;;;13129531;8-14;14-18;4-8;12-16;10-14;8-14;6-12;11-15;4-8;8-14;8-12;10-14;7-11;3-7;12-18;9-15;12-16;16-20;8-12;12-16;11-15;14-18;12-18;8-12;10-14;13-17;5-9;8-12;8-12;14-20;7-13;9-13;11-17;13-17;1-3;1-5;1-5;1;3-7;1-5;1-4
;Benassi;BRA;Coritiba;GR;31/12/2027;6/12/2024;8-14;7-11;13-19;10-14;22;GR;Somente Pé Direito;Brasil;1,93 m;;17/12/2003;GR;Alta;;Ferroviária;;;2000086305;4-8;-;-;-;-;-;-;-;-;8-12;-;-;-;-;10-14;1-5;9-15;12-16;13-17;7-13;12-16;9-13;4-8;-;9-15;7-13;1-4;10-14;-;12-16;9-13;7-11;8-12;4-8;4-8;10-16;7-11;12-16;12-16;14-18;12-18
;Gastón Benavídez;ARG;Athletico-PR;D/DA (D);31/12/2028;29/12/2025;9-13;10-14;1-3;1-6;30;D/DA (D);Pé Direito;Argentina;1,75 m;Córdoba;23/10/1995;D (D);Abaixo da Média;;Talleres;;;14152361;9-15;11-15;6-10;13-17;7-11;10-16;4-10;9-13;5-9;10-16;5-9;10-14;12-16;6-10;9-15;11-17;13-17;14-18;4-8;10-14;10-14;14-18;8-14;9-13;9-13;10-14;13-17;11-15;3-7;13-19;8-14;9-13;11-17;11-15;1-3;1-3;1-4;1-3;2-6;1-6;1-3
;Benedetti;BRA;Palmeiras;D (C);31/12/2029;2/4/2025;-;-;-;-;19;D (C);Pé Preferido Desconhecido;Brasil;1,97 m;São Paulo;7/6/2006;D (C);Abaixo da Média;;Ferroviária;;;2000263998;-;9-18;-;-;7-15;-;-;10-19;-;10-17;-;-;-;-;15-20;-;-;-;14-20;-;-;-;-;-;4-13;-;-;-;-;13-20;-;-;-;-;-;-;-;-;-;-;-
;Benício;BRA;Santos;M/MO (C);31/1/2028;26/2/2025;-;-;-;-;17;M/MO (C);Pé Preferido Desconhecido;Brasil;1,80 m;;15/12/2008;MO (C);Acima da Média;;Monte Azul;;;2000491166;9-15;-;-;3-11;-;-;7-13;-;-;3-13;5-13;-;-;-;-;-;-;-;-;-;-;-;-;6-12;-;-;-;-;8-18;-;-;-;1-11;-;-;-;-;-;-;-;-
;Benjamin;GHA;SC Internacional;MD;31/12/2027;31/1/2025;-;-;-;-;19;MD;Pé Preferido Desconhecido;Gana;1,68 m;;29/5/2006;MD;Abaixo da Média;;-;;S-20;2000396334;-;14-20;-;4-13;-;-;2-10;-;-;5-11;-;-;-;-;1-3;-;-;-;-;-;-;-;8-16;8-15;-;-;-;-;3-9;-;-;-;-;-;-;-;-;-;-;-;-
For;Benjamin;BRA;Grêmio;MO (E);31/12/2026;30/12/2024;-;-;-;-;16;MO (E);Pé Preferido Desconhecido;Brasil;1,75 m;;14/7/2009;MO (E);Abaixo da Média;;-;;;2000484237;-;-;-;3-11;-;-;-;-;-;3-13;4-12;13-20;1-9;-;-;-;8-14;-;-;-;14-20;4-12;-;-;-;-;-;-;-;-;-;-;-;-;-;-;-;-;-;-;-
;Alexandro Bernabei;ARG;SC Internacional;D/DA/M (E);31/12/2028;1/1/2025;16-20;15-20;1-4;1-3;25;D/DA/M (E);Pé Esquerdo;Argentina;1,69 m;Santa Fe;24/9/2000;D (E);Abaixo da Média;;Celtic;Itália;;14217260;11-15;10-14;8-12;10-16;7-13;7-11;6-10;4-8;9-13;10-14;9-13;9-13;12-18;8-14;9-13;12-16;12-16;14-20;3-9;13-17;10-14;13-19;13-17;10-14;10-14;12-16;10-14;7-13;7-13;13-17;9-13;7-13;11-15;9-13;1-4;2-6;1;1-5;1-6;1-4;1-5
;Facundo Bernal;URU;Fluminense;MD, M (C);31/12/2028;31/7/2024;11-15;15-19;1-5;1-7;22;MD, M (C);Pé Direito;Uruguai;1,87 m;Montevideo;21/8/2003;MD;Alta;;Defensor Sporting;;S-23;2000090213;8-14;12-16;6-10;13-17;9-13;3-9;7-13;10-14;10-14;11-17;9-13;9-13;11-15;7-11;12-18;9-15;10-14;13-17;10-14;13-17;9-13;11-15;11-17;10-14;11-15;11-15;9-13;13-17;8-12;12-18;9-15;8-12;10-16;11-15;1-3;1-3;2-6;1-3;2-6;1-7;1-5
;Bernard;BRA;Atlético Mineiro;MO (DEC);31/12/2027;1/7/2024;3-7;6-12;3-7;1-3;33;MO (DEC);Pé Direito;Brasil;1,64 m;Minas Gerais;8/9/1992;MO (E);Acima da Média;;Panathinaikos;Espanha;;19152048;13-17;6-10;8-14;11-17;3-7;4-8;8-12;9-13;9-13;14-18;5-9;13-19;11-17;11-15;5-9;9-13;12-16;7-13;2-6;7-11;9-15;8-14;11-15;16-20;2-6;15-19;9-15;7-13;14-18;10-14;10-14;9-13;10-14;10-16;1-5;1-2;1-7;1-5;1-3;1-5;2-6
;Bernardo Grezel;BRA;Chapecoense;MO (D), PL (C);31/12/2026;30/12/2024;-;-;-;-;19;MO (D), PL (C);Pé Preferido Desconhecido;Brasil;1,79 m;Santa Catarina;30/11/2006;MO (D);Abaixo da Média;;-;;;2000412872;-;-;-;1-9;-;-;-;-;-;9-15;6-13;8-17;2-11;-;-;-;13-20;-;-;-;10-19;6-15;-;-;-;-;-;-;-;-;-;-;-;-;-;-;-;-;-;-;-
;Bernardo Jacob;BRA;SC Internacional;MD, M (C);31/12/2027;30/12/2024;-;-;-;-;19;MD, M (C);Pé Preferido Desconhecido;Brasil;1,73 m;São Paulo;28/2/2006;MD;Média;;-;;;2000273984;-;12-18;-;10-17;-;-;2-11;-;-;8-17;-;-;-;-;7-16;-;-;-;-;-;-;-;3-12;8-14;-;-;-;-;3-10;-;-;-;-;-;-;-;-;-;-;-;-
;Bernardo Valim;BRA;Botafogo;M/MO (C);31/5/2027;30/12/2024;-;-;-;-;19;M/MO (C);Pé Preferido Desconhecido;Brasil;1,86 m;Rio de Janeiro;30/1/2006;MO (C);Acima da Média;;-;;;2000218553;11-18;-;-;10-16;-;-;8-15;-;-;7-15;7-16;-;-;-;-;-;-;-;-;-;-;-;-;5-12;-;-;-;-;6-12;-;-;-;7-15;-;-;-;-;-;-;-;-
;Bill;BRA;Flamengo;MO (EC);31/12/2026;30/12/2024;-;-;-;-;19;MO (EC);Pé Preferido Desconhecido;Brasil;1,76 m;Rio de Janeiro;1/2/2006;MO (E);Acima da Média;;-;;;2000169216;-;-;-;10-17;-;-;-;-;-;9-18;4-10;9-17;11-18;-;-;-;11-17;-;-;-;9-17;13-20;-;-;-;-;-;-;-;-;-;-;-;-;-;-;-;-;-;-;-
;Damián Bobadilla;PAR;São Paulo;MD, M/MO (C);31/12/2027;20/12/2023;5-9;11-15;1-3;1-5;24;MD, M/MO (C);Pé Direito;Paraguai;1,81 m;;11/7/2001;M (C);Média;;Cerro Porteño;;A;2000084596;12-16;9-13;9-13;9-13;10-16;9-15;12-16;7-11;8-12;8-14;12-16;13-17;7-11;8-14;6-12;13-17;9-13;7-11;7-13;8-12;13-17;10-14;11-15;12-16;11-15;11-15;12-16;1-4;8-14;7-13;15-19;10-16;9-15;13-17;1-4;1-4;2-6;1-5;1-2;1-4;1-3
;Yannick Bolasie;COD;Chapecoense;M/MO (DE), PL (C);31/12/2026;1/7/2025;10-14;7-11;1-4;1-5;36;M/MO (DE), PL (C);Pé Direito;França;1,85 m;Auvergne-Rhône-Alpes;24/5/1989;MO (E);Muito Alta;;Chapecoense;França;;83000374;13-17;3-7;10-14;8-12;3-9;1-7;11-15;10-14;5-9;10-16;10-14;15-19;9-13;6-12;8-14;8-12;11-15;8-12;11-17;6-10;13-17;9-13;8-12;10-14;4-8;7-11;14-18;6-10;15-20;12-18;7-11;9-15;6-12;11-15;1-3;1-4;3-7;1-7;1-3;1-3;1-3
;Rafael Santos Borré;COL;SC Internacional;MO (C), PL (C);31/12/2028;5/3/2024;16-20;16-20;1-5;1-2;30;MO (C), PL (C);Pé Direito;Colômbia;1,74 m;Caribe;15/9/1995;PL (C);Abaixo da Média;;Eintracht Frankfurt;;;76038736;11-17;8-14;12-16;10-14;8-12;3-7;10-16;9-15;4-8;8-12;10-14;10-14;6-10;6-10;8-12;14-20;9-15;15-19;10-14;11-15;12-16;13-17;17-20;8-14;8-12;12-18;15-19;8-12;12-16;14-18;10-16;13-17;8-12;11-15;1-6;1-5;1-5;1-5;1-5;1;1-4
Les;Martin Braithwaite;DEN;Grêmio;MO (DE), PL (C);31/12/2027;23/7/2024;10-14;7-11;1-5;1-3;34;MO (DE), PL (C);Pé Direito;Dinamarca;1,77 m;Região da Dinamarca do Sul;5/6/1991;PL (C);Acima da Média;;RCD Espanyol;Guiana;;27013113;10-14;3-7;13-17;8-12;3-9;1-6;8-12;10-14;7-11;9-15;11-15;12-16;6-10;6-12;8-14;12-16;11-15;10-14;10-16;10-14;14-18;9-13;14-18;10-14;8-12;14-18;14-18;12-16;10-16;11-17;11-15;11-17;9-15;13-17;2-6;1-5;1-5;1-7;1-4;1-6;1-4
;Brenner;BRA;Vasco da Gama;MO (C), PL (C);31/12/2028;29/12/2025;14;13;1;1;25;MO (C), PL (C);Pé Direito;Brasil;1,75 m;Mato Grosso;16/1/2000;PL (C);Alta;;Udinese;Itália;;19302917;14;6;13;11;4;10;11;13;6;14;13;13;9;5;11;14;14;14;6;11;15;15;14;11;5;12;15;7;12;17;12;12;13;13;2;2;1;3;1;2;2
;Brenno Junqueira;BRA;São Paulo;MO (D), PL (C);31/1/2029;29/12/2025;-;-;-;-;16;MO (D), PL (C);Pé Preferido Desconhecido;Brasil;1,86 m;;8/1/2009;PL (C);Acima da Média;;-;;;2000492534;-;-;-;9-17;-;-;-;9-15;-;6-16;8-14;-;-;-;6-16;-;10-16;-;4-12;-;-;11-19;-;-;-;-;-;-;-;-;-;-;-;-;-;-;-;-;-;-;-
;Breno Bidon;BRA;Corinthians;MD, M/MO (C);31/12/2029;6/1/2025;5-10;11-16;1-6;1-6;20;MD, M/MO (C);Pé Esquerdo;Brasil;1,78 m;São Paulo;20/2/2005;M (C);Acima da Média;;-;;;2000161829;9-16;9-14;7-13;15-20;6-11;2-9;6-13;6-11;6-11;12-19;7-12;10-16;11-16;6-11;6-13;6-13;9-14;13-18;4-9;8-13;11-17;12-17;9-16;11-16;7-12;10-15;9-15;6-11;6-11;14-20;8-15;8-13;11-18;8-14;1-4;1-4;1-5;1-3;3-8;1-8;1-6
;Breno Cordeiro;BRA;Fluminense;MO (D);31/12/2026;15/1/2025;-;-;-;-;17;MO (D);Pé Preferido Desconhecido;Brasil;1,75 m;Rio de Janeiro;15/3/2008;MO (D);Média;;Botafogo;;;2000353025;-;-;-;13-20;-;-;-;-;-;11-20;8-14;9-17;10-18;-;-;-;8-14;-;-;-;6-14;11-19;-;-;-;-;-;-;-;-;-;-;-;-;-;-;-;-;-;-;-
;Breno Lopes;BRA;Coritiba;MO (DE), PL (C);31/12/2029;1/7/2025;8-12;5-9;2-6;1-3;29;MO (DE), PL (C);Pé Direito;Brasil;1,78 m;Minas Gerais;24/1/1996;MO (E);Acima da Média;;LN Tieren;;;19271622;10-14;7-11;13-17;8-12;5-11;3-9;8-12;9-13;7-11;8-14;11-15;14-18;7-11;8-14;7-13;10-14;13-17;8-12;7-13;11-15;14-18;9-13;12-16;10-14;6-10;9-13;13-17;5-9;12-18;10-16;9-13;9-15;8-14;12-16;1-5;1-5;2-6;1-7;1-3;1-5;1-5
;Breno Vereza;BRA;Vasco da Gama;D/DA (D);30/9/2029;1/10/2025;8;7;2;2;18;D/DA (D);Pé Direito;Brasil;1,67 m;;3/9/2007;D (D);Acima da Média;;-;;;2000292092;12;8;8;10;9;10;7;8;8;12;7;12;10;11;7;10;11;12;5;9;14;12;7;11;12;13;11;7;8;5;10;10;11;11;2;2;2;2;4;2;3
;Benjamín Brito;ARG;Athletico-PR;M (C), MO (EC);31/12/2028;29/12/2025;-;-;-;-;18;M (C), MO (EC);Pé Preferido Desconhecido;Argentina;1,76 m;Córdoba;25/7/2007;MO (C);Abaixo da Média;;Instituto;;S-20;2000351552;9-15;-;-;11-20;-;-;5-11;-;-;9-15;14-20;-;-;-;-;-;-;-;-;-;-;-;-;4-12;-;-;-;-;5-14;-;-;-;7-13;-;-;-;-;-;-;-;-
Trn;Bruninho;BRA;Athletico-PR;MO (D);31/12/2028;1/4/2025;8-14;11-19;1-5;1-6;17;MO (D);Pé Esquerdo;Brasil;1,75 m;São Paulo;16/8/2008;MO (D);Abaixo da Média;;-;;;2000454284;10-15;3-9;3-9;10-18;3-11;6-11;6-11;6-12;11-17;10-15;12-18;8-14;7-15;3-11;4-9;8-13;9-15;8-16;1-8;9-15;8-14;11-19;6-11;10-16;9-15;7-13;7-13;5-13;7-15;8-13;7-12;4-12;9-14;4-10;1-3;2-8;1-3;1-3;1-8;1-6;1-4
;Bruninho;BRA;RB Bragantino;MO (DE);31/12/2027;21/3/2023;5-11;7-11;1-5;3-7;22;MO (DE);Pé Direito;Brasil;1,78 m;São Paulo;14/3/2003;MO (E);Média;;RB Bragantino II;;;19407442;9-13;5-11;3-7;9-13;6-10;7-11;5-9;7-13;6-12;14-18;7-13;13-17;6-10;5-9;8-12;9-13;12-18;12-16;6-10;8-14;14-18;13-17;5-9;9-15;5-11;8-14;13-17;5-9;13-17;9-13;8-12;10-14;13-17;9-13;1-2;1-5;2-6;1-4;1-5;2-6;1-7
;Bruno Alves;BRA;Cruzeiro;D (C);31/12/2029;1/9/2025;-;-;-;-;20;D (C);Pé Preferido Desconhecido;Brasil;1,86 m;São Paulo;4/8/2005;D (C);Acima da Média;;-;;;2000358799;-;9-17;-;-;5-14;-;-;9-17;-;9-15;-;-;-;-;10-16;-;-;-;7-16;-;-;-;-;-;11-18;-;-;-;-;6-12;-;-;-;-;-;-;-;-;-;-;-
;Bruno André;BRA;Vasco da Gama;D (C);31/1/2029;1/2/2025;11;11;3;4;18;D (C);Pé Direito;Brasil;1,84 m;;2/1/2007;D (C);Média;;-;;;2000380230;4;10;4;7;13;4;5;13;1;6;1;1;2;3;7;4;10;11;10;7;12;13;7;3;13;6;4;11;5;20;13;5;5;8;1;2;1;4;1;2;3
;Bruno Fuchs;BRA;Palmeiras;D (C), MD;31/12/2029;29/12/2025;11-15;10-14;1-3;1-2;26;D (C), MD;Pé Direito;Brasil;1,90 m;Paraná;1/4/1999;D (C);Alta;;Atlético Mineiro;;;19350684;11-17;10-16;9-13;10-14;14-18;6-10;3-9;9-15;4-8;8-12;7-11;9-13;6-10;3-7;9-13;11-17;9-15;10-14;15-19;11-15;9-13;10-14;13-19;7-13;11-15;11-17;6-10;10-14;12-16;7-11;10-16;12-16;9-13;10-14;1-6;1-5;1-5;3-7;1-3;1;1-5
;Bruno Gomes;BRA;SC Internacional;D (D), MD, M (C);31/12/2027;16/2/2024;14-16;13;1-2;2-4;24;D (D), MD, M (C);Pé Direito;Brasil;1,75 m;Rio de Janeiro;4/4/2001;M (C);Acima da Média;;Vasco da Gama;Itália;;19376884;13;13;10-12;12;11-14;9-11;12;11;10-12;11;11;10-12;9-12;8-11;12;14;12;11;8;13-15;11-13;12;14;13;13-15;13;10-12;9;12;9;12-14;10-13;11-13;11-13;2-4;2-4;2-4;1-4;1-3;1-3;2-4
;Bruno Henrique;BRA;Flamengo;MO (E), PL (C);31/12/2027;29/12/2025;13-17;13-17;1-5;1;34;MO (E), PL (C);Pé Direito;Brasil;1,83 m;Minas Gerais;30/12/1990;MO (E);Alta;;Santos;;;19258642;11-17;1-7;9-13;11-15;6-10;1-3;9-15;11-17;4-8;8-12;10-14;13-17;8-12;8-12;6-10;11-17;10-16;14-18;16-20;10-14;11-15;12-16;11-17;9-15;3-7;9-15;12-16;12-16;15-19;12-16;9-15;12-16;8-12;11-15;1-7;1-4;1-5;1-5;1-4;1-2;1-5
;Bruno Henrique;BRA;SC Internacional;MD, M (C);31/12/2026;10/12/2025;8-12;10-16;2-6;1-3;36;MD, M (C);Pé Direito;Brasil;1,80 m;Paraná;21/10/1989;M (C);Média;;Al-Ittihad;Itália;;19139837;11-15;13-17;11-17;9-15;10-14;7-11;11-15;11-15;9-13;11-15;7-11;10-16;7-13;11-15;10-14;10-14;11-15;10-16;9-13;9-13;10-16;7-13;11-15;13-17;8-12;14-18;10-16;10-16;11-15;11-15;10-14;11-15;11-15;11-17;1-5;1;1-6;1-4;1-5;2-6;1-5
;Bruno Leonardo;BRA;Chapecoense;D (C);31/12/2027;29/12/2025;11-15;14-18;1-5;1-7;29;D (C);Somente Pé Direito;Brasil;1,87 m;São Paulo;2/6/1996;D (C);Abaixo da Média;;Portuguesa;;;19249630;7-13;10-14;4-8;11-15;8-12;8-14;2-8;11-15;4-8;7-13;5-9;7-11;6-10;1-5;11-17;8-14;9-13;12-16;10-14;10-14;8-12;11-15;8-14;7-11;9-13;11-15;7-11;13-17;1-5;9-15;7-13;7-11;7-13;10-14;1-4;1-4;1-5;1-2;1-5;1-6;1-4
;Bruno Lopes;BRA;Vasco da Gama;PL (C);31/12/2029;29/12/2025;11;10;2;2;18;PL (C);Pé Direito;Brasil;1,80 m;;25/7/2007;PL (C);Acima da Média;;Azuriz;;;2000380239;10;7;2;10;8;6;10;8;9;10;11;10;9;9;8;10;11;12;8;10;12;12;12;11;5;11;13;8;12;15;9;9;10;10;2;2;3;1;2;2;1
Les;Bruno Matias;BRA;Chapecoense;MD, M (C);31/12/2027;24/10/2025;10-14;10-14;1-4;1-3;26;MD, M (C);Pé Direito;Brasil;1,72 m;São Paulo;24/2/1999;M (C);Abaixo da Média;;Mirassol;;;19357786;9-13;10-14;10-14;8-12;9-15;3-9;9-13;5-9;9-13;8-14;7-11;11-15;5-9;5-11;7-13;11-15;10-14;10-14;4-10;10-14;10-14;9-13;11-15;9-13;8-12;11-15;12-16;6-10;6-12;8-14;9-13;8-14;6-12;11-15;1-5;1-4;2-6;1-6;1-4;1-4;1-4
;Bruno Melo;BRA;Coritiba;D (EC), DA (E);31/12/2026;14/1/2025;14-18;9-15;1-4;1-3;33;D (EC), DA (E);Pé Esquerdo;Brasil;1,83 m;Ceará;26/10/1992;D (C);Abaixo da Média;;Fortaleza;;;19272744;11-15;10-14;12-16;11-17;8-14;8-12;7-11;12-16;11-15;11-15;12-16;9-13;11-17;6-12;7-11;11-15;11-15;13-19;7-13;11-15;10-14;11-17;11-15;7-11;11-15;11-15;12-16;3-9;4-10;11-15;10-14;7-13;9-13;8-12;2-6;1-5;1-2;1-5;1-7;1-5;1-3
;Bruno Pacheco;BRA;Chapecoense;D/DA (E);31/12/2026;29/12/2025;9-13;9-15;2-6;1-3;34;D/DA (E);Somente Pé Esquerdo;Brasil;1,74 m;São Paulo;8/12/1991;D (E);Média;;Fortaleza;;;19235900;11-15;12-16;9-15;9-15;9-13;8-12;7-11;9-13;7-11;10-14;4-8;11-17;9-15;10-14;8-12;12-16;14-18;11-17;5-9;10-14;12-18;11-17;10-14;12-16;7-11;14-18;11-17;5-11;11-15;11-15;10-14;10-14;11-15;10-16;1-3;1-2;1-5;1-3;1-5;1-5;3-7
;Bruno Rodrigues;BRA;Cruzeiro;MO (DE);31/12/2028;4/1/2024;11-15;7-11;1-5;1-3;28;MO (DE);Pé Direito;Brasil;1,77 m;Rio Grande do Norte;7/3/1997;MO (E);Alta;Palmeiras;Tombense;;;19280849;11-15;6-10;10-14;8-12;5-11;2-8;9-13;8-12;9-13;9-15;11-15;12-16;8-12;9-15;7-13;10-14;11-15;7-11;8-14;8-12;13-17;9-13;11-15;10-14;6-10;11-15;13-17;7-11;12-18;9-15;10-14;10-16;8-14;12-16;1-5;1-5;1-5;1-6;1-2;1-3;1-3
;Bruno Tabata;BRA;SC Internacional;MO (DE);31/12/2027;12/8/2024;7-11;11-15;1-3;1-7;28;MO (DE);Pé Esquerdo;Brasil;1,75 m;Minas Gerais;30/3/1997;MO (D);Acima da Média;;Palmeiras;;;19239601;12-18;5-9;12-16;14-18;2-6;6-12;10-16;3-7;11-15;13-19;10-14;11-15;14-18;9-13;7-13;8-14;11-15;13-17;4-8;12-16;12-16;14-18;7-13;13-17;5-9;7-11;11-15;8-12;11-15;11-17;8-14;7-11;11-17;9-13;1-5;1-4;1-4;1-2;3-7;1-5;1-3
;Dyllan Bustamante;USA;EC Bahia;PL (C);31/12/2027;9/10/2025;-;-;-;-;18;PL (C);Pé Preferido Desconhecido;E.U.A.;1,83 m;;21/12/2007;PL (C);Abaixo da Média;;Miami FC Academy;;S-21;2000516837;-;-;-;1-7;-;-;-;13-20;-;9-15;6-13;-;-;-;3-9;-;13-20;-;6-12;-;-;6-15;-;-;-;-;-;-;-;-;-;-;-;-;-;-;-;-;-;-;-
;Cacá;BRA;Vitória;D (C), MD;31/12/2028;7/1/2025;13-19;10-14;1-3;1-4;26;D (C), MD;Pé Direito;Brasil;1,87 m;Minas Gerais;25/4/1999;D (C);Abaixo da Média;Corinthians;Tokushima;;;19350725;11-15;9-13;2-8;10-14;12-16;7-11;8-12;10-14;5-11;9-13;9-15;5-11;6-10;4-8;12-16;13-17;10-14;11-15;12-16;8-14;6-12;11-15;15-19;5-9;13-19;9-13;7-13;5-9;10-14;11-15;11-15;11-15;9-13;10-16;3-7;1-7;1-5;1-3;1-3;1-5;1-2
;Caetano;BRA;RB Bragantino;D (C), MD, M (C);31/12/2027;4/1/2023;6-10;7-13;-;-;23;D (C), MD, M (C);Somente Pé Direito;Brasil;1,83 m;São Paulo;4/5/2002;MD;Acima da Média;;Botafogo SP;;;19409015;8-12;12-16;-;6-12;9-13;1-4;8-12;11-15;6-10;8-12;-;4-10;-;8-12;9-13;8-12;13-17;4-10;10-14;6-10;9-15;8-14;10-14;10-14;9-13;11-15;7-13;11-17;7-11;10-14;9-13;10-14;10-14;7-13;-;-;-;-;-;-;-
For;Cainan Santos;BRA;São Paulo;D/DA (D);31/12/2026;6/3/2025;-;-;-;-;17;D/DA (D);Pé Preferido Desconhecido;Brasil;1,78 m;;13/2/2008;DA (D);Acima da Média;;Retrô;;;2000448618;-;-;-;7-15;-;-;-;-;-;11-20;1-6;5-13;10-18;-;-;-;10-16;-;-;-;6-14;15-20;-;-;-;-;-;-;-;-;-;-;-;-;-;-;-;-;-;-;-
Prt;Caio Alexandre;BRA;EC Bahia;MD, M (C);31/12/2028;18/1/2024;12-16;8-14;1-4;1-4;26;MD, M (C);Pé Direito;Brasil;1,75 m;Rio de Janeiro;24/2/1999;MD;Média;;Fortaleza;;;19360351;13-17;11-15;4-8;13-19;8-14;3-7;10-14;7-11;8-12;12-16;10-14;8-12;9-15;6-12;8-12;11-15;11-15;11-17;4-10;13-17;9-13;10-16;11-15;12-16;13-17;12-16;7-11;12-18;8-14;11-15;11-15;10-16;12-16;10-14;1-4;3-7;1-2;1-4;1-5;1-5;1-4
;Caio César;BRA;Cruzeiro;D/DA (D);31/1/2028;1/7/2025;-;-;-;-;18;D/DA (D);Pé Preferido Desconhecido;Brasil;1,94 m;Minas Gerais;10/9/2007;D (D);Abaixo da Média;;-;;;2002043482;-;14-20;-;-;8-14;-;-;-;-;7-13;-;-;6-15;-;5-11;-;9-16;-;-;-;-;1-9;-;-;3-10;-;-;-;-;-;-;-;-;-;-;-;-;-;-;-;-
Prt;Caio Garcia;BRA;Flamengo;MD, M (C);31/12/2026;6/2/2024;-;-;-;-;21;MD, M (C);Pé Preferido Desconhecido;Brasil;1,75 m;;3/4/2004;MD;Abaixo da Média;;Ferroviária;;;2000086336;-;8-14;-;10-18;-;-;4-9;-;-;9-14;-;-;-;-;6-11;-;-;-;-;-;-;-;9-14;9-15;-;-;-;-;2-10;-;-;-;-;-;-;-;-;-;-;-;-
;Caio Paulista;BRA;Grêmio;D/DA/M (E), MO (DE);31/12/2028;3/1/2024;9-15;5-9;1;1-5;27;D/DA/M (E), MO (DE);Pé Esquerdo;Brasil;1,83 m;São Paulo;11/5/1998;DA (E);Abaixo da Média;Palmeiras;Fluminense;;;19261679;13-17;4-8;7-13;11-15;5-9;5-9;11-15;6-10;6-12;10-14;8-14;9-15;10-14;9-13;10-14;13-17;9-13;9-13;9-13;9-15;8-14;11-15;11-15;8-12;7-13;8-12;9-15;6-10;12-16;6-10;11-15;8-12;9-13;6-12;1-5;1-7;1-3;1-3;1-4;1-3;1-3
;Caio Roque;BRA;Botafogo;D/DA/M (E);31/12/2027;29/12/2025;9-13;8-12;1-4;1-4;23;D/DA/M (E);Pé Esquerdo;Brasil;1,82 m;Rio de Janeiro;9/1/2002;D (E);Acima da Média;Portuguesa;EC Bahia;;;19371028;12-16;6-10;5-9;8-12;6-12;7-13;5-9;8-12;5-9;2-8;4-8;13-17;8-12;8-14;7-13;11-15;12-16;6-10;9-15;10-14;13-17;10-14;10-14;9-13;6-10;9-13;8-12;3-7;10-16;8-14;6-10;6-12;10-16;11-15;1-4;2-6;2-6;1-6;1-2;1-4;1-5
;Caio Suassuna;BRA;EC Bahia;PL (C);31/12/2027;22/8/2025;-;-;-;-;18;PL (C);Pé Preferido Desconhecido;Brasil;1,74 m;Pernambuco;23/3/2007;PL (C);Abaixo da Média;;Athletico-PR;;;2000319798;-;-;-;6-12;-;-;-;8-17;-;10-17;5-14;-;-;-;7-14;-;10-19;-;3-11;-;-;8-14;-;-;-;-;-;-;-;-;-;-;-;-;-;-;-;-;-;-;-
;Caio Valle;BRA;Botafogo;MO (D);30/4/2029;1/12/2025;-;-;-;-;18;MO (D);Pé Preferido Desconhecido;Brasil;1,71 m;Rio de Janeiro;11/10/2007;MO (D);Abaixo da Média;;-;;;2000491660;-;-;-;6-14;-;-;-;-;-;4-11;6-12;9-15;6-14;-;-;-;5-14;-;-;-;10-16;8-16;-;-;-;-;-;-;-;-;-;-;-;-;-;-;-;-;-;-;-
;Caíque;BRA;RB Bragantino;PL (C);29/9/2028;1/10/2025;-;-;-;-;17;PL (C);Pé Preferido Desconhecido;Brasil;1,83 m;;16/4/2008;PL (C);Abaixo da Média;;Azuriz;;;2000494591;-;-;-;5-13;-;-;-;5-15;-;2-10;9-15;-;-;-;3-11;-;3-13;-;10-18;-;-;7-15;-;-;-;-;-;-;-;-;-;-;-;-;-;-;-;-;-;-;-
;Caíque Gonçalves;BRA;Vitória;D (D), MD, M (C);31/12/2027;29/12/2025;12-16;14-18;1-4;1-6;30;D (D), MD, M (C);Pé Direito;Brasil;1,78 m;São Paulo;10/10/1995;MD;Acima da Média;;Juventude;;;19270810;6-12;12-16;6-10;12-16;10-14;6-12;5-11;9-13;5-9;9-15;5-9;8-12;7-11;3-7;13-19;10-16;10-14;13-17;7-11;8-12;11-15;12-16;10-16;11-15;11-15;12-16;7-11;11-15;5-9;12-18;10-16;8-12;8-14;11-15;1-3;1-3;1-4;1;2-6;1-7;1-4
;Caíque Takada;BRA;São Paulo;MO (E);31/8/2028;1/9/2025;-;-;-;-;18;MO (E);Pé Preferido Desconhecido;Brasil;1,69 m;São Paulo;21/5/2007;MO (E);Média;;-;Japão;;2000289085;-;-;-;9-17;-;-;-;-;-;2-9;11-17;6-12;8-16;-;-;-;5-14;-;-;-;7-13;9-17;-;-;-;-;-;-;-;-;-;-;-;-;-;-;-;-;-;-;-
Les;Jonathan Calleri;ARG;São Paulo;PL (C);31/12/2026;23/3/2023;13-19;9-13;1;1-4;32;PL (C);Pé Direito;Argentina;1,81 m;;23/9/1993;PL (C);Média;;Osasuna;Itália;;14034934;13-17;1-5;7-13;10-14;5-9;2-6;12-16;12-16;4-10;11-15;10-16;8-14;8-12;7-11;12-16;16-20;9-13;12-16;11-15;12-18;10-16;12-16;17-20;8-12;7-13;12-16;11-17;8-12;10-14;13-17;13-17;10-14;10-14;12-18;3-7;1-7;1-5;1-4;1-4;1-5;1-3
;Camargo;BRA;Flamengo;PL (C);31/7/2027;1/8/2024;-;-;-;-;18;PL (C);Pé Preferido Desconhecido;Brasil;1,83 m;;12/4/2007;PL (C);Média;;-;;;2000520685;-;-;-;6-13;-;-;-;11-17;-;11-20;9-15;-;-;-;4-13;-;10-16;-;2-9;-;-;13-20;-;-;-;-;-;-;-;-;-;-;-;-;-;-;-;-;-;-;-
;Camilo;BRA;Chapecoense;MD, M (C);31/12/2027;3/2/2025;10-14;12-16;1-5;1-7;26;MD, M (C);Pé Direito;Brasil;1,78 m;São Paulo;23/2/1999;MD;Média;Grêmio;Akhmat;Países Baixos;;19377973;8-14;12-16;6-10;12-16;10-14;5-11;7-13;10-14;5-9;10-16;6-10;10-14;9-13;5-9;10-16;9-15;10-14;13-17;5-9;13-17;10-14;13-17;9-15;10-14;11-15;11-15;10-14;12-16;8-12;3-9;8-14;9-13;10-16;10-14;1-6;1-5;1-5;1-3;1-5;1-6;1-4
;Camutanga;BRA;Vitória;D (C);31/12/2026;1/12/2022;13-19;14-18;1-6;2-6;32;D (C);Somente Pé Direito;Brasil;1,89 m;Pernambuco;27/9/1993;D (C);Média;;Atlético Goianiense;;;19190175;4-8;13-19;7-11;7-11;11-15;5-9;7-11;13-19;8-14;9-13;4-10;4-8;4-8;2-6;15-19;11-15;8-14;11-15;13-17;9-15;8-12;10-14;12-16;6-12;10-16;12-18;8-12;12-16;8-12;14-18;6-10;10-14;8-12;12-16;1;1-4;1-5;1-3;1-5;3-7;2-8
;Germán Cano;ARG;Fluminense;PL (C);31/12/2026;6/1/2023;11-13;7;1-2;1-2;37;PL (C);Pé Direito;Argentina;1,76 m;Misiones;2/2/1988;PL (C);Acima da Média;;Vasco da Gama;;;14003037;13;4-7;15;13;6-8;4-6;12;14;6-8;12;14;12-14;12;6-8;12;10;12;11-13;10;11-13;11-13;12;14;11;9-11;11-14;16;17-19;13;16;12-15;13-15;13;11-13;1-3;1-3;1-2;2-4;1-2;1-3;1-4
;Agustín Canobbio;URU;Fluminense;M (D), MO (DE);31/12/2028;8/1/2025;12-16;15-19;2-6;1-7;27;M (D), MO (DE);Pé Direito;Uruguai;1,75 m;Montevideo;1/10/1998;MO (DE);Média;;Athletico-PR;Itália;A;78084523;7-13;7-11;10-14;12-16;7-11;5-11;8-14;7-11;6-10;10-16;10-14;10-14;11-15;4-8;11-17;12-18;11-15;15-19;4-8;12-16;11-15;13-17;15-20;9-13;9-13;15-19;11-15;7-11;8-12;11-17;8-14;10-14;10-16;11-15;1-5;2-6;1-5;1-2;2-6;1-7;1-4
;Aitor Cantalapiedra;ESP;Vitória;MO (DEC);30/6/2027;17/7/2025;6-10;8-14;2-6;1-5;29;MO (DEC);Pé Esquerdo;Espanha;1,77 m;Catalunha;10/2/1996;MO (D);Acima da Média;;AEK Larnakas;;;67201633;11-15;8-12;13-19;8-14;5-9;4-8;10-14;8-12;8-12;10-14;8-12;11-17;9-15;10-14;8-12;11-15;14-18;8-14;7-11;8-12;11-17;10-16;11-15;12-16;4-8;10-14;12-18;5-11;11-15;12-16;10-14;10-14;10-14;11-17;1-4;1-2;1-6;1-3;1-3;1-3;2-6
;Johan Carbonero;COL;SC Internacional;M/MO (DE);31/12/2028;29/12/2025;12-16;11-17;1-3;2-6;26;M/MO (DE);Somente Pé Direito;Colômbia;1,70 m;Andina;20/7/1999;MO (E);Alta;;Racing Club;;;76053940;12-16;5-9;2-6;9-15;4-10;7-11;8-12;7-11;8-12;9-13;12-16;9-13;9-15;7-13;10-14;11-15;14-18;12-18;2-8;14-18;12-16;15-20;6-10;7-11;7-11;7-11;9-13;6-12;10-16;13-17;6-10;6-12;9-13;9-13;1-5;2-6;1;1-3;1-5;1-4;1-5
;Carlinhos;BRA;Remo;PL (C);31/12/2026;4/4/2024;10-16;7-11;1-5;3-7;28;PL (C);Pé Direito;Brasil;1,95 m;São Paulo;12/2/1997;PL (C);Abaixo da Média;Flamengo;Nova Iguaçu;;;19270251;6-10;5-11;8-12;7-11;5-9;6-10;6-10;11-17;3-9;10-14;8-14;8-12;5-9;4-8;15-19;10-14;10-16;12-16;15-19;11-17;8-12;12-16;8-12;8-14;4-10;9-15;11-15;5-9;9-13;8-12;5-9;8-12;8-12;9-13;1-2;1-4;1-3;1-4;1-3;1-5;1-6
;Carlos Eduardo;BRA;Athletico-PR;GR;31/12/2027;30/4/2025;-;-;8-14;11-20;19;GR;Pé Preferido Desconhecido;Brasil;1,85 m;Minas Gerais;10/3/2006;GR;Alta;;-;;;2000438505;-;-;-;-;-;-;-;-;-;-;-;-;-;-;-;-;-;-;-;-;-;-;-;-;-;-;-;-;-;-;-;-;-;-;5-14;2-8;10-18;-;14-20;-;7-13
;Carlos Eduardo;BRA;São Paulo;GR;31/7/2028;1/8/2025;-;-;10-16;2-12;17;GR;Pé Preferido Desconhecido;Brasil;1,85 m;;16/2/2008;GR;Média;;-;;;2000492531;-;-;-;-;-;-;-;-;-;-;-;-;-;-;-;-;-;-;-;-;-;-;-;-;-;-;-;-;-;-;-;-;-;-;9-15;10-18;13-20;-;2-10;-;7-13
;Carlos Eduardo;BRA;Mirassol;MO (DE), PL (C);31/12/2026;4/6/2025;11-15;13-17;1-3;1-6;29;MO (DE), PL (C);Pé Direito;Brasil;1,73 m;Goiás;10/10/1996;MO (E);Média;;Vitória;;;19220698;8-14;6-10;8-12;12-16;4-8;2-8;8-14;7-11;6-10;10-16;9-13;11-15;10-14;3-7;8-14;8-14;11-15;18-20;3-7;11-15;12-16;16-20;10-16;10-14;6-10;9-13;12-16;5-9;8-12;10-16;4-10;5-9;8-14;9-13;1-3;1-5;1-3;1-3;2-6;1-6;1-4
;Carlos Eduardo;BRA;SC Internacional;D/DA (E);31/12/2027;4/11/2025;-;-;-;-;19;D/DA (E);Pé Preferido Desconhecido;Brasil;1,78 m;Rio de Janeiro;27/2/2006;D (E);Acima da Média;;-;;;2000273982;-;9-17;-;-;1-9;-;-;-;-;12-18;-;-;10-19;-;3-9;-;7-15;-;-;-;-;10-19;-;-;9-16;-;-;-;-;-;-;-;-;-;-;-;-;-;-;-;-
;Carlos Miguel;BRA;Palmeiras;GR;31/7/2030;15/8/2025;9-13;7-13;14-18;12-16;27;GR;Somente Pé Direito;Brasil;2,04 m;Rio de Janeiro;9/10/1998;GR;Acima da Média;;Nottingham Forest;;;19348822;4-8;2-6;1-6;4-10;1-3;1-4;1-3;6-10;4-8;6-10;1;1-5;1-3;2-6;15-19;8-12;9-13;9-15;18-20;5-9;10-16;5-11;9-13;11-15;10-14;12-16;1-6;3-9;3-7;10-14;11-15;9-13;9-13;11-17;13-17;10-14;9-15;12-16;9-15;10-14;20
;Carlos Vinícius;BRA;Grêmio;PL (C);31/12/2026;23/7/2025;10-16;13-17;1-7;3-7;30;PL (C);Pé Esquerdo;Brasil;1,92 m;Maranhão;25/3/1995;PL (C);Média;;Fulham;Portugal;;19242476;8-12;6-12;13-17;9-13;5-9;2-6;8-12;11-17;7-13;14-18;9-15;9-13;8-12;8-12;17-20;10-14;11-17;14-18;12-16;11-17;9-13;11-15;10-14;9-15;4-10;12-18;10-14;8-12;9-13;14-18;9-13;11-15;13-17;12-16;1;1-6;1-3;1-3;1-4;1-5;1-6
;Jorge Carrascal;COL;Flamengo;MO (DEC);31/12/2029;3/8/2025;8-12;5-9;1-3;1-5;27;MO (DEC);Pé Direito;Colômbia;1,79 m;Caribe;25/5/1998;MO (C);Acima da Média;;Dinamo Moscovo;;;76040911;15-19;8-12;13-17;9-13;2-8;1-6;8-12;5-9;11-15;11-17;9-13;17-20;8-12;11-17;5-11;11-15;11-15;8-12;7-13;10-14;16-20;10-14;8-12;12-16;6-10;10-14;14-18;4-8;14-20;9-15;8-12;8-14;6-12;12-16;1-3;1-5;3-7;1-6;1-2;1-5;1-3
;André Carrillo;PER;Corinthians;M (C), MO (D);31/12/2026;7/9/2024;9-13;4-8;1-3;1-5;34;M (C), MO (D);Pé Direito;Perú;1,80 m;Lima;14/6/1991;M (C);Abaixo da Média;;Al-Qadsiah;Portugal;;77012583;12-16;5-9;13-17;11-15;5-11;6-12;8-12;6-10;8-12;10-16;11-15;16-20;10-14;9-15;8-14;10-14;10-14;9-13;6-12;10-14;12-16;8-12;10-14;11-15;7-11;8-12;13-17;2-6;14-20;6-12;9-13;9-15;9-15;10-14;1-3;1-3;1-5;1-6;1-2;1-3;1-4
;Mateo Cassierra;COL;Atlético Mineiro;PL (C);31/12/2029;29/12/2025;11-15;8-14;1-4;1-4;28;PL (C);Pé Direito;Colômbia;1,86 m;Pacífica;13/4/1997;PL (C);Acima da Média;;Zenit;;;76043519;12-16;4-8;9-13;12-18;1-7;5-9;7-11;12-16;8-12;12-16;14-18;9-13;6-12;2-8;10-14;11-15;11-15;12-18;9-15;13-17;9-13;11-17;7-11;11-15;8-12;8-12;10-14;6-12;7-13;11-15;13-17;8-14;11-15;11-15;1-3;2-6;1;1-4;1-5;1-5;1-3
;Cássio;BRA;Cruzeiro;GR;31/5/2027;21/5/2024;12-16;8-14;10-14;11-15;38;GR;Pé Esquerdo;Brasil;1,95 m;Rio Grande do Sul;6/6/1987;GR;Abaixo da Média;;Corinthians;;;8833553;7-11;1-5;1-4;8-14;1-3;1-4;1-3;9-13;1-5;7-11;1-5;1-4;1-5;1-4;12-16;8-12;7-11;12-18;10-16;15-19;6-10;6-12;11-15;9-13;14-18;10-14;3-7;14-20;1-7;16-20;10-14;9-15;12-16;9-13;9-13;12-16;9-13;11-17;13-19;11-15;15-19
;Rodrigo Castillo;ARG;Fluminense;PL (C);31/12/2030;29/12/2025;13-17;11-17;1-3;2-6;26;PL (C);Pé Direito;Argentina;1,89 m;Santa Fe;26/2/1999;PL (C);Abaixo da Média;;Lanús;;;14223205;10-14;5-9;8-12;10-16;4-10;5-9;8-12;11-15;8-12;11-15;13-17;8-12;8-14;3-9;12-16;12-16;10-14;11-17;9-15;13-17;8-12;11-17;13-17;11-15;8-12;12-16;9-13;10-16;5-11;10-14;12-16;9-15;12-16;10-14;1-3;2-6;1-2;1-5;1-7;1-4;1-3
;Franco Catarozzi;URU;Remo;MD, M (C);31/12/2026;29/12/2025;10-16;14-18;1-3;1-3;25;MD, M (C);Pé Esquerdo;Uruguai;1,79 m;Montevideo;2/4/2000;M (C);Acima da Média;;Liverpool FC;Espanha;;2000064712;13-17;12-16;9-15;10-14;9-13;4-8;13-17;5-9;10-16;12-16;9-15;8-14;10-14;8-12;7-11;11-15;9-13;10-14;7-11;11-17;8-14;8-12;11-15;8-12;9-15;8-12;7-13;12-16;10-14;11-15;11-15;6-10;5-9;6-12;2-6;1-7;1-5;1-4;1-3;1-4;1-3
;Cauã Soares;BRA;Atlético Mineiro;PL (C);31/12/2027;1/10/2024;-;-;-;-;17;PL (C);Pé Preferido Desconhecido;Brasil;1,85 m;Minas Gerais;30/6/2008;PL (C);Abaixo da Média;;-;;;2000459964;-;-;-;5-13;-;-;-;2-12;-;1-8;10-16;-;-;-;3-11;-;3-13;-;10-18;-;-;7-15;-;-;-;-;-;-;-;-;-;-;-;-;-;-;-;-;-;-;-
;Cauã Zappelini;BRA;Botafogo;M/MO (C);31/7/2027;1/8/2024;-;-;-;-;18;M/MO (C);Pé Preferido Desconhecido;Brasil;1,69 m;;26/3/2007;MO (C);Abaixo da Média;;-;;;2000378011;-;1-9;-;10-18;-;-;7-16;-;-;4-11;-;-;-;-;1-8;-;-;-;-;-;-;-;5-14;7-16;-;-;-;-;9-16;-;-;-;-;-;-;-;-;-;-;-;-
;Cauan Barros;BRA;Vasco da Gama;MD, M (C);31/12/2026;8/3/2023;13;12;2;2;21;MD, M (C);Pé Direito;Brasil;1,83 m;Pernambuco;6/5/2004;MD, M (C);Média;;-;;;2000248821;12;13;7;12;13;8;10;11;6;12;12;12;9;8;14;14;12;13;11;12;12;12;15;12;14;14;10;10;10;16;13;13;13;13;3;3;2;2;2;1;3
;Cauan Farias;BRA;Vitória;D/DA/M/MO (E);31/12/2026;29/12/2025;-;-;-;-;19;D/DA/M/MO (E);Pé Preferido Desconhecido;Brasil;1,79 m;;3/10/2006;D (E);Abaixo da Média;;-;;;2000335686;-;-;-;7-13;-;-;-;-;-;7-15;11-20;3-12;8-14;-;-;-;3-10;-;-;-;7-16;12-18;-;-;-;-;-;-;-;-;-;-;-;-;-;-;-;-;-;-;-
;Cauê;BRA;RB Bragantino;D (E);31/12/2027;1/3/2024;-;-;-;-;19;D (E);Pé Preferido Desconhecido;Brasil;1,87 m;São Paulo;13/12/2006;D (E);Acima da Média;;Referência;;;2000488984;-;4-10;-;-;8-17;-;-;-;-;4-13;-;-;3-10;-;3-12;-;8-14;-;-;-;-;5-12;-;-;5-13;-;-;-;-;-;-;-;-;-;-;-;-;-;-;-;-
;Cauly;BRA;São Paulo;M (C), MO (DEC);31/12/2028;15/1/2024;2-8;7-11;1-7;2-6;30;M (C), MO (DEC);Pé Direito;Brasil;1,75 m;Bahia;15/9/1995;MO (C);Acima da Média;EC Bahia;Ludogorets;Alemanha;;91119875;10-14;6-12;11-15;12-16;4-8;4-8;10-14;6-12;9-15;13-17;9-15;13-17;10-14;11-15;7-11;11-15;10-16;12-16;5-9;9-15;13-17;11-15;6-10;13-19;4-10;8-14;12-16;6-10;14-18;9-13;7-11;6-10;12-16;10-14;1-2;1-3;1-5;1-4;1-4;1-5;1-6
D;Charles;BRA;Corinthians;MD, M (C);31/12/2028;24/7/2024;14-18;11-17;1-3;1-5;29;MD, M (C);Pé Direito;Brasil;1,87 m;Rio Grande do Sul;19/6/1996;MD;Média;;FC Midtjylland;;;19305263;10-14;11-15;5-9;11-17;9-15;9-13;10-14;11-15;5-9;9-13;10-14;7-11;8-14;5-11;12-16;9-13;10-14;10-16;10-16;11-15;7-11;11-17;11-15;11-15;13-17;11-15;9-13;10-16;6-12;14-18;10-14;8-14;10-14;8-12;2-6;3-7;1-2;1-4;1-7;1-4;1-3
;Chico da Costa;BRA;Cruzeiro;PL (C);31/12/2028;29/12/2025;10-14;7-11;1-3;1;30;PL (C);Pé Direito;Brasil;1,84 m;Rio Grande do Sul;5/5/1995;PL (C);Alta;;Cerro Porteño;;;51069231;11-17;2-8;9-13;11-15;6-10;2-6;10-16;9-15;10-14;7-11;11-15;10-14;8-12;11-15;9-13;9-15;9-15;10-14;14-18;11-15;11-15;11-15;9-15;7-13;8-12;6-12;10-14;9-13;14-18;9-13;10-16;12-16;8-12;11-15;1-5;1-4;1-4;1-5;1-5;1;1-3
;Chico Kim;KOR;Mirassol;M (C), MO (DEC);31/12/2026;10/12/2025;8-12;9-13;1-5;1-5;34;M (C), MO (DEC);Pé Direito;Brasil;1,75 m;Paraná;16/5/1991;MO (C);Abaixo da Média;;Juventude;Brasil;;19119371;10-16;7-11;11-15;12-16;4-8;5-11;7-13;7-11;11-15;10-16;8-12;10-14;12-16;10-14;6-12;8-14;10-14;11-15;4-8;10-14;11-15;12-16;7-13;11-15;7-11;10-14;11-15;8-12;6-10;11-17;8-14;7-11;10-16;9-13;1-4;1-5;1-3;1-3;3-7;1-5;1-3
Prt;Christian;BRA;Cruzeiro;MD, M (DC), MO (D);31/12/2027;1/1/2025;11-15;13-17;1-5;1-2;25;MD, M (DC), MO (D);Pé Direito;Brasil;1,78 m;Paraná;19/12/2000;M (C);Média;;Athletico-PR;;;19337951;9-15;9-15;8-12;10-14;12-16;4-8;8-14;6-12;5-9;8-12;8-12;10-14;9-13;11-15;5-9;11-17;10-16;11-15;9-13;11-15;11-15;12-16;13-19;7-13;9-13;11-17;11-15;6-10;11-15;9-13;10-16;13-17;10-14;12-16;1-7;1-3;1-5;2-6;1-3;1-2;1-3
;Christian Oliveira;BRA;Corinthians;MD;31/12/2027;29/12/2025;-;-;-;-;18;MD;Pé Preferido Desconhecido;Brasil;1,74 m;Piauí;19/2/2007;MD;Abaixo da Média;;Flamengo;;;2000443534;-;8-16;-;9-18;-;-;2-8;-;-;9-15;-;-;-;-;1-7;-;-;-;-;-;-;-;5-11;5-13;-;-;-;-;1-7;-;-;-;-;-;-;-;-;-;-;-;-
;Chrystian;BRA;RB Bragantino;M/MO (C);31/12/2028;18/8/2025;-;-;-;-;18;M/MO (C);Pé Preferido Desconhecido;Brasil;1,73 m;;31/3/2007;MO (C);Abaixo da Média;;Rio Branco (SP);;;2000378246;8-17;-;-;10-18;-;-;10-19;-;-;3-10;10-16;-;-;-;-;-;-;-;-;-;-;-;-;7-16;-;-;-;-;7-14;-;-;-;1-6;-;-;-;-;-;-;-;-
;Mamady Cissé;GUI;Atlético Mineiro;MD, M (C);31/12/2030;14/5/2025;-;-;-;-;18;MD, M (C);Pé Preferido Desconhecido;Guiné;1,84 m;Conakry;1/1/2007;M (C);Alta;;36 Lion;;S-20;2000460990;-;9-18;-;9-15;-;-;3-10;-;-;12-19;-;-;-;-;7-14;-;-;-;-;-;-;-;7-14;10-19;-;-;-;-;7-15;-;-;-;-;-;-;-;-;-;-;-;-
;Walter Clar;PAR;Chapecoense;D/DA/M (E);30/11/2026;8/9/2025;8-12;5-11;3-7;1-5;31;D/DA/M (E);Pé Esquerdo;Paraguai;1,77 m;Southern Paraguay;27/9/1994;DA/M (E);Abaixo da Média;;Tacuary;;;79024995;9-13;12-16;12-18;9-15;10-14;11-15;10-14;8-12;9-13;10-14;5-9;8-14;10-16;12-16;8-12;11-15;13-17;8-14;7-11;9-13;9-15;9-15;12-16;11-15;6-10;14-18;12-18;6-12;9-13;11-15;10-14;9-13;10-14;9-15;1-5;1-3;1-6;1-3;1-4;1-3;2-6
D;Claudinho;BRA;Vitória;D/DA (D);31/12/2027;9/1/2025;7-11;6-12;2-6;1-4;25;D/DA (D);Pé Direito;Brasil;1,80 m;Santa Catarina;24/9/2000;D (D);Acima da Média;;Criciúma;;;19364486;11-15;11-15;10-16;8-14;8-12;9-13;10-14;11-15;6-10;11-15;7-11;11-17;9-15;8-12;8-12;9-13;13-17;6-12;8-12;8-12;11-17;10-16;10-14;13-17;6-10;12-16;12-18;4-10;10-14;10-14;10-14;8-12;10-14;9-15;1-3;1;1-5;1-5;1-3;1-3;1-5
;Claudinho;BRA;Athletico-PR;D/DA (E);31/12/2028;29/12/2025;-;-;-;-;20;D/DA (E);Pé Preferido Desconhecido;Brasil;1,78 m;;26/10/2005;D (E);Alta;;Desportivo Brasil;;;2000437239;-;6-14;-;-;3-12;-;-;-;-;8-14;-;-;7-16;-;6-12;-;8-16;-;-;-;-;10-19;-;-;9-16;-;-;-;-;-;-;-;-;-;-;-;-;-;-;-;-
;Clayton Sampaio;BRA;SC Internacional;D (C);31/12/2028;31/8/2024;11-15;14-18;1-4;1-5;25;D (C);Pé Direito;Brasil;1,87 m;São Paulo;4/4/2000;D (C);Média;;AVS SAD;;;19306931;6-12;10-14;5-9;11-15;10-14;6-12;2-8;11-15;3-7;7-13;8-12;9-13;7-11;3-7;12-18;8-14;10-14;13-17;11-15;11-15;9-13;13-17;9-15;7-11;11-15;10-14;9-13;9-13;6-10;4-10;8-14;9-13;8-14;10-14;1-4;1-3;1-3;1;4-8;1-7;1-4
Prt;Cleiton;BRA;RB Bragantino;GR;31/12/2027;26/1/2024;13-19;7-11;11-15;12-16;28;GR;Pé Direito;Brasil;1,90 m;Santa Catarina;19/8/1997;GR;Abaixo da Média;;Atlético Mineiro;;;19239596;10-14;1-2;1-4;8-12;1-4;10-14;1-5;1-2;3-9;7-11;1-7;3-9;1-3;1-5;12-16;15-19;7-11;12-16;15-19;10-16;9-15;8-12;14-18;8-12;10-16;12-16;3-9;7-11;2-6;9-13;9-13;8-12;8-12;8-14;14-18;12-18;7-13;11-15;14-18;9-13;8-12
;Carlos Coronel;PAR;São Paulo;GR;31/12/2027;29/12/2025;14-18;9-15;10-14;14-18;29;GR;Pé Direito;Brasil;1,92 m;Mato Grosso do Sul;29/12/1996;GR;Abaixo da Média;;New York;Brasil;A;19184434;7-11;1-5;1-5;10-16;1-5;13-17;11-15;2-6;5-9;8-12;1-5;3-7;1-5;1-5;14-18;11-15;8-12;12-18;12-18;16-20;9-13;8-14;11-15;7-11;14-18;12-16;1;8-14;1-5;10-14;9-13;8-14;8-12;6-10;9-13;14-18;10-14;6-12;11-17;9-13;12-16
;Joaquín Correa;ARG;Botafogo;MO (EC), PL (C);31/12/2027;9/6/2025;8-12;5-11;1-4;1-5;31;MO (EC), PL (C);Pé Direito;Argentina;1,88 m;Tucumán;13/8/1994;PL (C);Acima da Média;;Inter;Itália;;14042683;15-19;3-7;8-12;12-18;1-6;2-6;11-15;9-13;10-14;14-18;12-16;11-15;9-15;9-15;8-12;10-14;13-17;12-18;8-14;10-14;10-14;13-19;5-9;11-15;5-9;9-13;9-13;5-11;13-19;10-14;8-12;4-10;9-13;8-12;1-3;3-7;1;1-4;1-6;1-3;1-4
;Cristian;BRA;Corinthians;M (C);24/2/2028;24/2/2025;-;-;-;-;17;M (C);Pé Preferido Desconhecido;Brasil;1,76 m;;2/8/2008;M (C);Abaixo da Média;;-;;;2000503816;-;6-16;-;6-12;-;-;1-9;-;-;10-18;-;-;-;-;7-15;-;-;-;-;-;-;-;6-14;9-19;-;-;-;-;4-12;-;-;-;-;-;-;-;-;-;-;-;-
;Tomás Cuello;ARG;Atlético Mineiro;M/MO (DE);31/12/2028;29/1/2025;7-13;6-10;1-5;3-7;25;M/MO (DE);Pé Direito;Argentina;1,76 m;Tucumán;5/3/2000;M (E);Acima da Média;;Athletico-PR;;;14178597;9-13;6-12;7-11;10-14;9-13;6-10;10-14;7-13;5-11;13-17;7-13;13-17;10-14;8-12;9-13;9-13;12-18;13-17;7-11;7-13;12-16;13-17;9-13;10-16;4-10;10-16;12-16;5-9;13-17;12-16;7-11;9-13;12-16;10-14;1;1-5;1-3;1-3;1-5;2-6;1-6
;Carlos Cuesta;COL;Vasco da Gama;D (C);30/6/2028;5/2/2025;12;16;1;3;26;D (C);Pé Direito;Colômbia;1,79 m;Andina;9/3/1999;D (C);Alta;Galatasaray;KRC Genk;;;76047487;12;14;11;12;15;11;10;14;3;11;8;10;8;8;15;13;12;14;11;14;12;13;12;10;13;11;8;13;5;13;12;12;12;12;2;2;3;3;1;2;2
;Braian Cufré;ARG;Remo;D/DA (E);31/12/2026;29/12/2025;12-18;11-15;1-3;2-6;29;D/DA (E);Somente Pé Esquerdo;Argentina;1,78 m;Buenos Aires;15/12/1996;D (E);Média;;Central Córdoba (SdE);;;14131295;12-16;6-10;6-12;11-15;9-13;11-15;13-17;4-8;10-16;10-14;6-12;8-14;9-13;9-13;10-14;15-19;10-14;13-17;7-11;10-16;9-15;12-16;14-18;8-12;9-15;9-13;9-15;6-10;10-14;11-15;12-16;10-14;11-15;8-14;1-5;1-7;1-5;1-4;1-5;1-5;1-2
;Cuiabano;BRA;Vasco da Gama;D/DA/M/MO (E);30/6/2030;1/9/2025;14;12;2;2;22;D/DA/M/MO (E);Pé Esquerdo;Brasil;1,79 m;Mato Grosso;16/2/2003;D (E);Acima da Média;Nottingham Forest;Botafogo;;;2000064082;13;10;9;12;11;9;12;9;11;13;11;13;13;8;14;14;13;15;9;13;13;14;14;12;11;13;14;10;12;13;12;12;13;12;1;1;4;2;2;3;3
;Cuiabano;BRA;São Paulo;D/DA (E);30/4/2028;12/5/2025;-;-;-;-;17;D/DA (E);Pé Preferido Desconhecido;Brasil;1,78 m;Mato Grosso;28/4/2008;D (E);Média;;Grêmio;;;2000378983;-;4-12;-;-;1-11;-;-;-;-;9-15;-;-;7-17;-;5-11;-;7-15;-;-;-;-;10-20;-;-;9-17;-;-;-;-;-;-;-;-;-;-;-;-;-;-;-;-
;Da Mata;BRA;Flamengo;D (C);31/7/2027;21/2/2024;-;-;-;-;19;D (C);Pé Preferido Desconhecido;Brasil;1,85 m;São Paulo;13/3/2006;D (C);Acima da Média;;Grêmio;;;2000277571;-;5-14;-;-;10-17;-;-;5-14;-;3-10;-;-;-;-;2-9;-;-;-;12-19;-;-;-;-;-;9-15;-;-;-;-;1-3;-;-;-;-;-;-;-;-;-;-;-
;Da Silva;BRA;Chapecoense;D/DA (E), MD;31/12/2026;1/7/2025;6-11;3-9;-;-;26;D/DA (E), MD;Somente Pé Esquerdo;Brasil;1,77 m;Ceará;16/11/1999;MD;Alta;;Concórdia;;;2000210542;7-14;9-16;-;9-15;9-14;1-5;-;1-8;-;3-8;-;5-10;5-11;-;4-9;12-19;8-15;11-17;8-13;5-10;10-15;10-16;7-14;-;7-12;2-9;3-8;-;-;14-19;8-15;6-11;1-4;9-14;-;-;-;-;-;-;-
;Daniel;BRA;EC Bahia;D/DA (E);31/12/2028;9/12/2025;-;-;-;-;18;D/DA (E);Pé Preferido Desconhecido;Brasil;1,79 m;;15/8/2007;D (E);Média;;-;;;2000272488;-;12-20;-;-;5-13;-;-;-;-;11-18;-;-;6-12;-;10-17;-;8-17;-;-;-;-;10-16;-;-;1-10;-;-;-;-;-;-;-;-;-;-;-;-;-;-;-;-
D;Daniel Borges;BRA;Mirassol;D/DA (D);31/12/2026;3/1/2025;10-14;12-16;1-3;1-5;32;D/DA (D);Pé Direito;Brasil;1,74 m;São Paulo;23/3/1993;D (D);Abaixo da Média;;Botafogo;;;19171782;8-14;9-13;9-13;12-16;8-12;10-16;5-11;6-10;10-14;9-15;7-11;9-13;12-16;9-13;7-13;10-16;11-15;14-18;2-6;9-13;11-15;14-18;9-15;9-13;8-12;11-15;10-14;6-10;10-14;10-16;9-15;8-12;10-16;10-14;1-4;2-6;1-5;1-4;2-6;1-6;1-5
;Daniel Fuzato;BRA;Vasco da Gama;GR;31/12/2026;7/1/2025;14;11;13;13;28;GR;Somente Pé Direito;Brasil;1,91 m;São Paulo;4/7/1997;GR;Baixo;;Eibar;Itália;;19220270;9;2;1;10;2;2;2;1;8;9;2;6;2;5;14;11;12;15;15;8;13;12;13;7;13;14;1;9;13;4;9;11;13;13;10;14;12;12;12;10;12
;Daniel Gruber;BRA;Coritiba;MD, M (C);31/12/2027;30/12/2024;-;-;-;-;18;MD, M (C);Pé Preferido Desconhecido;Brasil;1,68 m;;31/1/2007;M (C);Acima da Média;;-;;;2000433108;-;1-9;-;6-14;-;-;2-11;-;-;4-11;-;-;-;-;1-6;-;-;-;-;-;-;-;12-20;4-13;-;-;-;-;5-12;-;-;-;-;-;-;-;-;-;-;-;-
;Daniel Sales;BRA;Flamengo;D (D);1/12/2028;1/12/2024;-;-;-;-;19;D (D);Pé Preferido Desconhecido;Brasil;1,78 m;Mato Grosso;23/6/2006;D (D);Acima da Média;;-;;;2000239562;-;9-18;-;-;6-14;-;-;-;-;12-19;-;-;8-14;-;8-15;-;11-20;-;-;-;-;10-16;-;-;4-13;-;-;-;-;-;-;-;-;-;-;-;-;-;-;-;-
;Daniel Thuram;BRA;Flamengo;D (C);31/12/2027;1/7/2025;-;-;-;-;16;D (C);Pé Preferido Desconhecido;Brasil;1,86 m;Rio de Janeiro;31/3/2009;D (C);Acima da Média;;-;;;2002043278;-;6-14;-;-;9-15;-;-;2-10;-;4-12;-;-;-;-;2-10;-;-;-;9-15;-;-;-;-;-;10-20;-;-;-;-;13-20;-;-;-;-;-;-;-;-;-;-;-
;Danielzinho;BRA;São Paulo;MD, M (C);31/12/2027;29/12/2025;10-14;8-14;1-5;1-4;31;MD, M (C);Pé Direito;Brasil;1,66 m;São Paulo;4/11/1994;M (C);Abaixo da Média;;Mirassol;;;19227023;10-14;9-13;2-6;12-18;8-14;6-10;9-13;7-11;11-15;10-14;11-15;9-13;9-15;6-12;6-10;14-18;11-15;11-17;1-6;9-13;11-15;12-18;14-18;12-16;11-15;14-18;12-16;11-17;7-13;11-15;9-13;6-12;12-16;8-12;1-3;2-6;1-3;1-3;1-5;1-3;1-5
;Danillo;BRA;Botafogo;D (C);30/6/2028;10/6/2025;-;-;-;-;18;D (C);Pé Preferido Desconhecido;Brasil;1,86 m;;22/1/2007;D (C);Abaixo da Média;;RB Bragantino;;;2000378233;-;11-20;-;-;9-17;-;-;8-17;-;6-13;-;-;-;-;10-17;-;-;-;6-14;-;-;-;-;-;6-15;-;-;-;-;3-10;-;-;-;-;-;-;-;-;-;-;-
;Danillo Gabriel;BRA;Grêmio;MD, M (C);31/12/2028;4/11/2025;-;-;-;-;17;MD, M (C);Pé Preferido Desconhecido;Brasil;1,80 m;Rio de Janeiro;12/2/2008;MD;Acima da Média;;-;;;2000487374;-;10-16;-;9-17;-;-;1-9;-;-;8-18;-;-;-;-;6-16;-;-;-;-;-;-;-;2-12;6-12;-;-;-;-;1-7;-;-;-;-;-;-;-;-;-;-;-;-
;Danilo;BRA;Botafogo;MD, M (C);17/7/2029;18/7/2025;9-13;13-17;1-4;1-5;24;MD, M (C);Pé Esquerdo;Brasil;1,77 m;Bahia;29/4/2001;M (C);Média;;Nottingham Forest;;;19371902;10-16;11-15;7-11;14-18;9-13;4-10;7-13;9-13;10-14;11-17;7-11;11-15;11-15;6-10;9-15;11-17;10-14;13-17;4-8;11-15;12-16;14-18;10-16;11-15;11-15;13-17;10-14;8-12;8-12;11-17;9-15;9-13;11-17;13-17;1-5;2-6;1-4;1-2;3-7;1-5;1-4
;Danilo;BRA;Flamengo;D (DEC);31/12/2026;29/1/2025;13-17;7-11;1-5;1-5;34;D (DEC);Pé Direito;Brasil;1,84 m;Minas Gerais;15/7/1991;D (C);Acima da Média;;Juventus;;;19099575;11-15;12-16;11-15;9-13;12-18;4-10;9-13;11-15;3-7;9-15;6-10;11-15;9-13;2-8;8-14;10-14;10-14;10-14;10-16;10-14;11-15;7-11;12-16;11-15;14-18;12-16;12-16;12-16;10-16;12-18;12-16;13-19;8-14;15-19;1-4;1-3;3-7;1-5;1;1-4;1-5
;Danilo;BRA;Cruzeiro;PL (C);31/12/2027;29/12/2025;-;-;-;-;18;PL (C);Pé Preferido Desconhecido;Brasil;1,80 m;São Paulo;25/2/2007;PL (C);Alta;;SKA Brasil;;;2000319811;-;-;-;4-10;-;-;-;6-13;-;7-15;9-18;-;-;-;1-7;-;6-13;-;6-12;-;-;11-17;-;-;-;-;-;-;-;-;-;-;-;-;-;-;-;-;-;-;-
For;Davi Alves;BRA;Athletico-PR;PL (C);31/12/2026;1/9/2025;-;-;-;-;17;PL (C);Pé Preferido Desconhecido;Brasil;1,82 m;Distrito Federal;12/10/2008;PL (C);Média;;Vila Nova;;;2000490683;-;-;-;5-11;-;-;-;8-18;-;10-18;4-14;-;-;-;9-17;-;8-18;-;6-14;-;-;7-13;-;-;-;-;-;-;-;-;-;-;-;-;-;-;-;-;-;-;-
;Davi Barbosa;BRA;Vitória;GR;31/12/2027;17/4/2025;-;-;8-17;9-16;19;GR;Pé Preferido Desconhecido;Brasil;1,94 m;Bahia;2/3/2006;GR;Abaixo da Média;;-;;;2000308455;-;-;-;-;-;-;-;-;-;-;-;-;-;-;-;-;-;-;-;-;-;-;-;-;-;-;-;-;-;-;-;-;-;-;2-9;4-13;8-14;-;7-13;-;8-17
Les;Davi Gomes;BRA;RB Bragantino;MO (DE);31/3/2030;10/4/2025;-;-;-;-;20;MO (DE);Pé Preferido Desconhecido;Brasil;1,72 m;Rio de Janeiro;6/6/2005;MO (E);Alta;;Água Santa;;;2000442763;-;-;-;3-12;-;-;-;-;-;8-14;1-5;11-20;2-11;-;-;-;12-19;-;-;-;12-20;6-15;-;-;-;-;-;-;-;-;-;-;-;-;-;-;-;-;-;-;-
;Davi Gomes;BRA;Vasco da Gama;MO (D);31/7/2027;1/8/2024;6;14;2;3;17;MO (D);Pé Direito;Brasil;1,71 m;;29/2/2008;MO (D);Acima da Média;;-;;;2000463755;10;7;1;9;8;9;10;8;9;11;5;11;9;9;7;10;12;10;8;10;12;12;11;10;7;10;12;10;9;10;9;9;9;10;1;1;2;3;3;2;2
;Davi Lucas;BRA;RB Bragantino;MO (C);31/12/2026;22/4/2024;-;-;-;-;17;MO (C);Pé Preferido Desconhecido;Brasil;1,68 m;;14/2/2008;MO (C);Alta;;Cruzeiro;;;2000385683;6-14;-;-;1-8;-;-;4-12;-;-;9-15;3-11;-;-;-;-;-;-;-;-;-;-;-;-;10-18;-;-;-;-;8-14;-;-;-;7-13;-;-;-;-;-;-;-;-
;Davi Pena;BRA;São Paulo;M (C), MO (EC);30/3/2028;12/5/2025;-;-;-;-;16;M (C), MO (EC);Pé Preferido Desconhecido;Brasil;1,68 m;Goiás;12/1/2009;MO (C);Acima da Média;;-;;;2000523587;-;-;-;10-18;-;-;-;-;-;9-19;7-13;5-13;5-13;-;-;-;10-16;-;-;-;8-16;12-20;-;-;-;-;-;-;-;-;-;-;-;-;-;-;-;-;-;-;-
;Davi Schuindt;BRA;Fluminense;D (C);31/12/2028;20/10/2022;-;-;-;-;21;D (C);Pé Preferido Desconhecido;Brasil;1,83 m;;26/4/2004;D (C);Acima da Média;;-;;;2000079353;-;10-16;-;-;10-15;-;-;11-17;-;6-11;-;-;-;-;6-11;-;-;-;9-14;-;-;-;-;-;6-12;-;-;-;-;12-17;-;-;-;-;-;-;-;-;-;-;-
;David;BRA;Vasco da Gama;MO (DE), PL (C);31/12/2028;1/7/2025;12;12;1;2;30;MO (DE), PL (C);Pé Direito;Brasil;1,79 m;Espírito Santo;17/10/1995;MO (E);Alta;;Vitória;;;19249510;12;8;9;11;10;3;11;5;5;13;11;13;10;7;13;12;15;10;8;8;14;14;14;12;10;10;14;3;13;10;10;9;10;11;2;3;2;2;1;2;3
;David;BRA;Chapecoense;D (E), MD, M (C);30/4/2028;8/9/2025;-;-;-;-;20;D (E), MD, M (C);Pé Preferido Desconhecido;Brasil;1,78 m;Santa Catarina;17/8/2005;MD;Média;;-;;;2000283565;-;5-12;-;12-18;-;-;4-11;-;-;6-14;-;-;-;-;1-9;-;-;-;-;-;-;-;12-19;1-8;-;-;-;-;1-7;-;-;-;-;-;-;-;-;-;-;-;-
;David Braga;BRA;Remo;M/MO (C);31/12/2027;29/12/2025;10-14;6-12;2-6;1-4;24;M/MO (C);Pé Esquerdo;Brasil;1,86 m;;11/12/2001;MO (C);Abaixo da Média;;Athletic (MG);;;2000139291;11-15;9-13;8-14;8-14;9-13;3-7;9-13;13-17;7-11;10-14;8-12;8-14;5-11;9-13;13-17;11-15;10-14;10-16;11-15;9-13;9-15;7-13;13-17;10-14;5-9;14-18;12-18;4-10;8-12;12-16;11-15;10-14;11-15;8-14;1-3;1-3;1-5;1-5;1-5;1-5;1-5
;David Brendo;BRA;Grêmio;D (C);31/12/2028;1/2/2025;-;-;-;-;16;D (C);Pé Preferido Desconhecido;Brasil;1,87 m;Goiás;15/1/2009;D (C);Alta;;-;;;2000533968;-;11-17;-;-;5-13;-;-;11-17;-;4-14;-;-;-;-;4-14;-;-;-;7-15;-;-;-;-;-;9-15;-;-;-;-;1-11;-;-;-;-;-;-;-;-;-;-;-
;David Duarte;BRA;EC Bahia;D (C);31/12/2027;11/1/2024;12-16;11-15;1-4;1-5;31;D (C);Pé Direito;Brasil;1,92 m;Rio Grande do Sul;24/1/1994;D (C);Abaixo da Média;;Fluminense;;;19273581;8-14;11-15;9-13;12-16;10-14;10-16;4-10;13-17;5-9;10-16;5-9;6-10;6-10;2-6;15-20;8-14;10-14;15-19;13-17;10-14;8-12;10-14;11-17;5-9;10-14;13-17;7-11;12-16;6-10;11-17;6-12;7-11;10-16;10-14;1-3;1-3;1-3;1;3-7;1-7;1-5
;David Martins;BRA;EC Bahia;MO (DEC);31/12/2028;14/12/2024;-;-;-;-;18;MO (DEC);Pé Preferido Desconhecido;Brasil;1,75 m;Rio de Janeiro;15/9/2007;MO (C);Acima da Média;;-;;;2000501174;11-19;-;-;7-16;-;-;10-18;-;-;8-14;7-14;-;-;-;-;-;-;-;-;-;-;-;-;13-20;-;-;-;-;11-17;-;-;-;7-13;-;-;-;-;-;-;-;-
;David Nogueira;BRA;Santos;PL (C);31/7/2028;29/8/2025;-;-;-;-;16;PL (C);Pé Preferido Desconhecido;Portugal;1,76 m;Área Metropolitana de Lisboa;21/1/2009;PL (C);Média;;-;Portugal;;2000488948;-;-;-;8-18;-;-;-;7-15;-;8-14;14-20;-;-;-;7-13;-;7-15;-;1-10;-;-;9-19;-;-;-;-;-;-;-;-;-;-;-;-;-;-;-;-;-;-;-
;David Viana;BRA;Flamengo;PL (C);16/5/2026;30/12/2024;-;-;-;-;18;PL (C);Pé Preferido Desconhecido;Brasil;1,71 m;Ceará;18/5/2007;PL (C);Alta;;-;;;2000525101;-;-;-;1-7;-;-;-;10-19;-;7-14;3-12;-;-;-;4-11;-;10-19;-;1-7;-;-;8-14;-;-;-;-;-;-;-;-;-;-;-;-;-;-;-;-;-;-;-
;Giorgian De Arrascaeta;URU;Flamengo;M (E), MO (EC);31/12/2028;7/11/2025;8-14;8-12;1-3;1-4;31;M (E), MO (EC);Pé Direito;Uruguai;1,73 m;Río Negro;1/6/1994;MO (C);Acima da Média;;Cruzeiro;Itália;A;78059800;17-20;3-7;9-15;15-19;2-6;2-6;12-16;8-12;10-16;14-18;12-18;13-19;11-15;12-16;8-12;11-15;8-12;8-12;10-14;10-16;12-18;11-15;12-16;12-16;6-12;9-13;10-16;13-17;15-19;12-16;13-17;10-14;10-14;13-19;3-7;1-5;1-3;1-3;1-3;1-3;1-3
Prt;Nicolás de la Cruz;URU;Flamengo;M (EC), MO (C);31/12/2028;1/1/2024;12-16;7-11;1-3;1-4;28;M (EC), MO (C);Pé Direito;Uruguai;1,67 m;Montevideo;1/6/1997;M (C);Alta;;River Plate;Argentina;;78079444;13-17;7-11;12-16;11-15;3-9;2-8;13-17;3-7;12-16;11-17;10-14;15-19;8-12;12-18;1-7;11-15;11-15;7-11;5-11;9-13;15-19;10-14;12-16;12-16;8-12;11-15;13-17;3-7;14-20;10-16;11-15;10-16;8-14;13-17;1-3;1-5;2-6;1-7;1-3;1-4;2-6
For;Dell;BRA;EC Bahia;PL (C);31/12/2026;1/11/2025;-;-;-;-;17;PL (C);Pé Preferido Desconhecido;Brasil;1,75 m;;9/6/2008;PL (C);Acima da Média;;-;;;2000378966;-;-;-;8-18;-;-;-;6-14;-;9-15;12-20;-;-;-;6-12;-;8-16;-;2-12;-;-;10-20;-;-;-;-;-;-;-;-;-;-;-;-;-;-;-;-;-;-;-
;Denilson;BRA;Mirassol;M/MO (C);31/12/2028;29/12/2025;9-13;8-12;1-3;1-3;24;M/MO (C);Somente Pé Direito;Brasil;1,80 m;Piauí;23/3/2001;MO (C);Acima da Média;;Cuiabá;;;19354891;9-15;8-14;9-13;13-17;11-15;7-11;10-16;6-12;8-12;8-12;10-14;11-15;10-14;12-16;9-13;12-18;9-15;11-15;9-13;9-13;11-15;11-15;11-17;9-15;11-15;9-15;11-15;9-13;13-17;4-8;10-16;11-15;9-13;9-13;1-5;1-4;1-4;2-6;1-5;1-4;1-3
;Denis Marfo;GHA;SC Internacional;D (C), MD;31/12/2028;1/7/2025;-;-;-;-;19;D (C), MD;Pé Preferido Desconhecido;Gana;1,76 m;Central Region;28/1/2006;MD;Abaixo da Média;;-;;S-20;2002043194;-;5-12;-;9-15;-;-;7-14;-;-;6-14;-;-;-;-;8-16;-;-;-;-;-;-;-;16-20;2-9;-;-;-;-;4-10;-;-;-;-;-;-;-;-;-;-;-;-
Trn;Denner;BRA;Corinthians;D/DA (E);14/3/2027;15/4/2024;-;-;-;-;17;D/DA (E);Pé Preferido Desconhecido;Brasil;1,84 m;;25/2/2008;D (E);Acima da Média;;-;;;2000366429;-;6-14;-;-;4-10;-;-;-;-;9-17;-;-;10-16;-;1-9;-;5-13;-;-;-;-;9-15;-;-;12-20;-;-;-;-;-;-;-;-;-;-;-;-;-;-;-;-
;Memphis Depay;NED;Corinthians;MO (EC), PL (C);31/7/2026;9/9/2024;12-14;8-10;1-4;1;31;MO (EC), PL (C);Pé Direito;Países Baixos;1,76 m;Zuid-Holland;13/2/1994;MO (E);Alta;;Atlético Madrid;Gana;A;37024470;17;1-4;14;15;3-5;4-6;14;8-11;14;15;14;15;13;13;13-15;13;15;10-12;9-11;14;14;14;12;14;4-6;9-12;13;12-14;18;15;10-13;12-14;10-12;12-14;1-4;2-4;2-4;3-5;1-3;1-3;1-4
;Derick;BRA;Palmeiras;D/DA (E);30/4/2028;1/5/2025;-;-;-;-;17;D/DA (E);Pé Preferido Desconhecido;Brasil;1,77 m;São Paulo;11/5/2008;D (E);Alta;;-;;;2000471951;-;6-14;-;-;5-11;-;-;-;-;9-17;-;-;9-15;-;2-10;-;5-13;-;-;-;-;12-18;-;-;6-16;-;-;-;-;-;-;-;-;-;-;-;-;-;-;-;-
;Enzo Díaz;ARG;São Paulo;D/DA (E);31/12/2028;29/12/2025;14-18;13-19;2-6;1-3;30;D/DA (E);Pé Esquerdo;Argentina;1,67 m;Buenos Aires;7/12/1995;D (E);Abaixo da Média;;River Plate;;;14184324;11-15;12-16;7-11;11-17;8-14;11-15;6-10;9-13;12-16;10-14;9-13;6-10;10-16;8-14;11-15;14-18;12-16;14-20;3-9;11-15;9-13;11-17;14-18;6-10;13-17;10-14;7-11;10-16;4-10;10-14;8-12;8-14;9-13;9-13;1-3;4-8;1-2;1-3;1-6;1-4;1-4
;Lautaro Díaz;ARG;Santos;M/MO (D), PL (C);31/12/2028;11/6/2024;13-17;12-16;1-3;1-4;27;M/MO (D), PL (C);Pé Direito;Argentina;1,81 m;;21/5/1998;MO (D);Alta;Cruzeiro;Independiente del Valle;;;14221703;9-13;5-9;11-15;8-12;5-11;2-8;9-13;6-10;7-11;8-14;8-12;11-15;7-11;5-11;5-11;12-16;12-16;8-12;6-12;8-12;14-18;11-15;13-17;9-13;7-11;14-18;13-17;7-11;9-15;9-15;8-12;11-17;10-16;15-19;1-5;1-4;3-7;1-6;1-3;1-4;1-4
;Matthew Díaz;ECU;São Paulo;M/MO (C);25/4/2027;28/7/2025;-;-;-;-;18;M/MO (C);Pé Preferido Desconhecido;Equador;1,73 m;Imbabura;17/3/2007;MO (C);Alta;;Independiente del Valle;;S-20;2000484168;7-14;-;-;9-15;-;-;6-13;-;-;13-20;6-15;-;-;-;-;-;-;-;-;-;-;-;-;12-20;-;-;-;-;9-17;-;-;-;5-12;-;-;-;-;-;-;-;-
;Diego;BRA;Flamengo;MD, M (C);31/12/2027;1/7/2025;-;-;-;-;17;MD, M (C);Pé Preferido Desconhecido;Brasil;1,79 m;;24/5/2008;MD;Média;;River Plate;;;2002043473;-;11-20;-;10-16;-;-;5-13;-;-;14-20;-;-;-;-;5-13;-;-;-;-;-;-;-;2-10;10-20;-;-;-;-;3-11;-;-;-;-;-;-;-;-;-;-;-;-
;Diego Ahmed;BRA;SC Internacional;MD, M (C);31/12/2027;29/12/2025;7-10;11;1-3;2-6;18;MD, M (C);Pé Direito;Brasil;1,75 m;;30/5/2007;M (C);Média;;Vasco da Gama;;;2000380240;10;9;4-8;11;8-11;6-10;7;8;7-10;10;7;8-12;8-11;6-9;7;8;11;10;7;6-9;11-15;11;11;11;8-11;12;11-15;8;9;7;6-10;6-9;8-12;9-13;1-3;1-3;2-6;1-3;2-5;2-6;1-4
;Diego Esser;BRA;SC Internacional;GR;31/12/2027;30/12/2024;-;-;8-14;4-13;20;GR;Pé Preferido Desconhecido;Brasil;1,94 m;Santa Catarina;13/4/2005;GR;Abaixo da Média;;-;;;2000497901;-;-;-;-;-;-;-;-;-;-;-;-;-;-;-;-;-;-;-;-;-;-;-;-;-;-;-;-;-;-;-;-;-;-;5-11;10-18;8-15;-;6-13;-;8-14
;Diego Fernandes;BRA;Atlético Mineiro;GR;31/12/2027;1/5/2023;-;-;1-9;4-10;21;GR;Pé Preferido Desconhecido;Brasil;1,97 m;Minas Gerais;31/8/2004;GR;Abaixo da Média;;-;;;2000136136;-;-;-;-;-;-;-;-;-;-;-;-;-;-;-;-;-;-;-;-;-;-;-;-;-;-;-;-;-;-;-;-;-;-;11-19;11-16;10-15;-;10-16;-;10-18
For;Diego Minete;BRA;Vasco da Gama;PL (C);31/12/2026;30/12/2024;11;13;3;2;16;PL (C);Pé Esquerdo;Brasil;1,83 m;Espírito Santo;27/1/2009;PL (C);Abaixo da Média;;-;Itália;;2000481549;10;5;6;9;7;5;9;10;9;10;12;10;7;9;9;9;12;10;11;11;11;12;9;9;7;9;11;7;10;13;11;10;11;10;3;1;2;2;1;2;1
;Diego Santos;BRA;Santos;D (C);31/1/2027;28/3/2025;-;-;-;-;19;D (C);Pé Preferido Desconhecido;Brasil;1,89 m;;7/12/2006;D (C);Média;;-;;;2000293250;-;9-17;-;-;6-15;-;-;6-14;-;1-7;-;-;-;-;4-10;-;-;-;7-16;-;-;-;-;-;10-17;-;-;-;-;9-15;-;-;-;-;-;-;-;-;-;-;-
;Diego Santos;BRA;EC Bahia;D (C);31/12/2026;22/9/2025;-;-;-;-;17;D (C);Pé Preferido Desconhecido;Brasil;1,91 m;Bahia;15/2/2008;D (C);Alta;;-;;;2000442654;-;9-17;-;-;3-13;-;-;2-10;-;4-10;-;-;-;-;5-11;-;-;-;4-14;-;-;-;-;-;6-14;-;-;-;-;13-19;-;-;-;-;-;-;-;-;-;-;-
;Dieguinho;BRA;Corinthians;MO (DC);31/12/2029;20/10/2025;-;-;-;-;18;MO (DC);Pé Preferido Desconhecido;Brasil;1,71 m;São Paulo;16/9/2007;MO (D);Abaixo da Média;;-;;;2000480667;-;-;-;9-15;-;-;-;-;-;8-16;7-16;7-16;7-13;-;-;-;6-13;-;-;-;7-16;11-17;-;-;-;-;-;-;-;-;-;-;-;-;-;-;-;-;-;-;-
;Dija;BRA;RB Bragantino;D/DA/M (D);31/3/2027;10/12/2025;7-11;10-14;-;-;22;D/DA/M (D);Somente Pé Direito;Brasil;1,76 m;Bahia;14/4/2003;D (D);Alta;;SKA Brasil;;;2000197766;12-16;9-13;-;2-6;13-19;3-9;-;6-10;6-10;7-13;3-7;12-16;8-12;7-13;1-7;5-9;11-15;4-8;5-11;13-17;10-14;11-15;8-12;8-12;5-9;12-16;9-13;-;3-9;6-12;9-13;9-15;4-10;8-12;-;-;-;-;-;-;-
;Diogenes;BRA;Santos;GR;31/12/2028;20/8/2024;11-15;5-9;9-15;6-10;24;GR;Pé Direito;Brasil;1,86 m;São Paulo;6/1/2001;GR;Média;;Avaí;;;19399114;2-8;1-4;1-4;10-14;3-7;1;1-6;1-3;4-8;1;1-3;1-4;1-5;5-9;10-14;1-7;3-9;5-9;14-18;9-13;11-15;8-12;4-10;2-8;10-14;4-10;1-5;2-6;3-7;1-4;10-16;10-14;4-8;11-15;11-17;11-15;7-11;10-14;11-15;6-10;6-12
;Diogo Riquelme;BRA;Athletico-PR;MD, M (C);31/12/2027;2/8/2025;-;-;-;-;20;MD, M (C);Pé Preferido Desconhecido;Brasil;1,81 m;São Paulo;23/4/2005;M (C);Acima da Média;;RB Bragantino;;;2000211094;-;5-13;-;8-17;-;-;2-8;-;-;9-15;-;-;-;-;6-12;-;-;-;-;-;-;-;10-16;5-13;-;-;-;-;3-12;-;-;-;-;-;-;-;-;-;-;-;-
;Djhordney;BRA;São Paulo;MD, M (C);31/12/2028;29/12/2025;-;-;-;-;18;MD, M (C);Pé Preferido Desconhecido;Brasil;1,81 m;Mato Grosso do Sul;17/6/2007;M (C);Alta;;Novorizontino;;;2000290679;-;13-20;-;6-15;-;-;4-12;-;-;9-15;-;-;-;-;1-7;-;-;-;-;-;-;-;7-15;13-20;-;-;-;-;3-9;-;-;-;-;-;-;-;-;-;-;-;-
;Dodi;BRA;Grêmio;MD, M (C);31/12/2026;12/1/2024;14-18;11-17;1-4;1-5;29;MD, M (C);Pé Direito;Brasil;1,69 m;Paraná;17/4/1996;M (C);Média;;Santos;;;19212066;9-13;11-15;6-10;10-16;9-15;8-12;10-14;6-10;10-14;11-15;8-12;6-10;6-12;4-10;8-12;13-17;11-15;10-16;1-6;14-18;10-14;11-17;12-16;10-14;13-17;12-16;8-12;8-14;8-14;13-17;10-14;9-15;11-15;9-13;1-3;2-6;1;1-4;1-7;1-3;1-5
;Dodô;BRA;EC Bahia;D (C);31/12/2027;5/6/2025;-;-;-;-;19;D (C);Pé Preferido Desconhecido;Brasil;1,94 m;Bahia;1/7/2006;D (C);Alta;;-;;;2000335143;-;9-18;-;-;8-16;-;-;8-17;-;10-17;-;-;-;-;11-18;-;-;-;8-16;-;-;-;-;-;4-13;-;-;-;-;11-18;-;-;-;-;-;-;-;-;-;-;-
;Dória;BRA;São Paulo;D (C);31/12/2027;29/12/2025;11-15;12-16;1-6;1-3;31;D (C);Somente Pé Esquerdo;Brasil;1,88 m;Rio de Janeiro;8/11/1994;D (C);Acima da Média;;Atlas;;;19163540;9-15;10-16;11-15;11-15;14-18;8-12;9-15;11-17;11-15;8-12;6-10;8-12;9-13;7-11;11-15;13-19;10-16;13-17;14-18;12-16;10-14;10-14;11-17;8-14;11-15;10-16;11-15;12-16;12-16;7-11;10-16;12-16;10-14;12-16;1-7;1-4;1-4;1-5;1-4;1-2;1-5
;Douglas Telles;BRA;Flamengo;MO (D);31/12/2028;30/12/2024;-;-;-;-;18;MO (D);Pé Preferido Desconhecido;Brasil;1,77 m;Rio de Janeiro;1/6/2007;MO (D);Alta;;-;;;2000372630;-;-;-;6-13;-;-;-;-;-;6-15;8-16;10-17;3-10;-;-;-;9-15;-;-;-;13-20;6-13;-;-;-;-;-;-;-;-;-;-;-;-;-;-;-;-;-;-;-
;Dudu;BRA;São Paulo;MO (DE);31/12/2028;29/12/2025;-;-;-;-;17;MO (DE);Pé Preferido Desconhecido;Brasil;1,72 m;;11/11/2008;MO (D);Abaixo da Média;;Náutico;;;2000515138;-;-;-;10-16;-;-;-;-;-;9-17;11-20;3-13;10-16;-;-;-;4-12;-;-;-;3-13;10-16;-;-;-;-;-;-;-;-;-;-;-;-;-;-;-;-;-;-;-
;Dudu;BRA;Vitória;MD, M (C);30/6/2027;10/12/2025;15-19;15-19;1-4;1;26;MD, M (C);Pé Esquerdo;Cabo Verde;1,86 m;São Vicente;5/6/1999;MD;Abaixo da Média;;Volta Redonda;;;19382111;11-17;10-16;7-11;10-14;13-17;1-5;7-13;7-13;6-10;8-12;7-11;11-15;6-10;7-11;11-15;11-17;8-14;12-16;13-17;14-18;10-14;12-16;13-19;8-14;11-15;9-15;10-14;8-12;14-18;10-14;6-12;13-17;3-7;12-16;1-7;1-5;1-4;2-6;1-5;1;1-3
;Dudu;BRA;Atlético Mineiro;MO (DE);31/12/2026;5/5/2025;10-14;10-14;1-3;1;33;MO (DE);Pé Direito;Brasil;1,67 m;Goiás;7/1/1992;MO (DE);Média;;Cruzeiro;;;19058671;13-19;4-10;7-11;13-17;7-11;7-11;9-15;7-13;9-13;10-14;9-13;13-17;11-15;14-18;3-7;10-16;9-15;9-13;4-8;14-18;11-15;11-15;9-15;11-17;5-9;9-15;11-15;10-14;15-19;10-14;10-16;11-15;9-13;10-14;1-6;1-4;1-3;2-6;1-5;1-2;1-3
;Dudu;BRA;RB Bragantino;MO (EC);4/6/2027;4/6/2024;-;-;-;-;17;MO (EC);Pé Preferido Desconhecido;Brasil;1,67 m;;4/6/2008;MO (E);Alta;Ituano;-;;;2000319820;-;-;-;8-18;-;-;-;-;-;9-15;10-18;3-11;7-17;-;-;-;8-16;-;-;-;4-12;10-20;-;-;-;-;-;-;-;-;-;-;-;-;-;-;-;-;-;-;-
For;Dudu;BRA;Cruzeiro;MO (E);31/12/2026;30/12/2024;-;-;-;-;16;MO (E);Pé Preferido Desconhecido;Brasil;1,73 m;;18/2/2009;MO (E);Média;;São Cristóvão (RJ);;;2000495992;-;-;-;6-14;-;-;-;-;-;3-11;6-12;10-16;5-13;-;-;-;4-14;-;-;-;10-16;8-16;-;-;-;-;-;-;-;-;-;-;-;-;-;-;-;-;-;-;-
;Dudu;BRA;Athletico-PR;M/MO (C);31/12/2029;15/10/2025;5-10;8-13;1-4;1-7;19;M/MO (C);Pé Esquerdo;Brasil;1,76 m;Paraná;1/1/2006;M (C);Média;;-;;;2000218052;8-15;3-8;6-12;12-17;3-8;6-13;5-12;5-10;9-14;11-18;8-13;11-17;10-15;8-13;5-12;5-12;10-15;12-17;1-6;7-12;11-17;13-18;4-11;12-17;5-10;11-16;11-17;8-13;7-12;10-17;7-14;7-12;10-17;9-15;1-3;1-3;1-4;1-4;2-7;1-6;1-5
;Dudu Marques;BRA;Athletico-PR;D/DA/M (D);31/12/2026;14/1/2025;7-11;9-15;2-6;1-5;28;D/DA/M (D);Somente Pé Direito;Brasil;1,75 m;Distrito Federal;30/5/1997;D (D);Acima da Média;;Fortaleza;;;19242556;10-14;11-15;6-12;7-13;8-12;8-12;5-9;9-13;3-7;10-14;3-7;10-16;9-15;10-14;10-14;11-15;14-18;9-15;5-9;9-13;11-17;11-17;11-15;11-15;7-11;13-17;12-18;1-7;10-14;10-14;9-13;9-13;10-14;10-16;1-5;1;1-7;1-5;1-5;1-4;2-6
;Dudu Wozniak;BRA;Cruzeiro;D (DC);31/12/2027;29/12/2025;-;-;-;-;16;D (DC);Pé Preferido Desconhecido;Brasil;1,85 m;Paraná;21/3/2009;D (C);Média;;Avaí;;;2000487308;-;6-14;-;-;8-14;-;-;3-11;-;4-12;-;-;-;-;3-11;-;-;-;9-15;-;-;-;-;-;10-20;-;-;-;-;10-18;-;-;-;-;-;-;-;-;-;-;-
;Dyogo Alves;BRA;Flamengo;GR;31/12/2026;10/9/2024;-;-;12-18;2-7;21;GR;Pé Preferido Desconhecido;Brasil;1,88 m;Ceará;9/1/2004;GR;Abaixo da Média;;-;;;2000100102;-;-;-;-;-;-;-;-;-;-;-;-;-;-;-;-;-;-;-;-;-;-;-;-;-;-;-;-;-;-;-;-;-;-;11-17;7-13;11-19;-;7-15;-;10-16
;Edenílson;BRA;Botafogo;MD, M (DC);31/12/2026;29/12/2025;8-14;10-14;1-6;2-6;36;MD, M (DC);Pé Direito;Brasil;1,75 m;Rio Grande do Sul;18/12/1989;M (C);Abaixo da Média;;Grêmio;;;19090354;9-13;11-17;14-18;12-16;11-15;9-13;6-10;7-13;7-13;13-17;6-12;10-14;10-14;10-14;8-12;9-13;10-16;12-16;6-10;5-11;10-14;10-14;9-13;10-16;8-14;12-18;10-14;7-11;10-14;13-17;9-13;9-13;12-16;11-15;1-3;1-6;1-4;1-3;1-5;2-6;1-6
;Edenílson;BRA;Vitória;MD, M (C);31/12/2028;29/12/2025;-;-;-;-;20;MD, M (C);Pé Preferido Desconhecido;Brasil;1,86 m;Bahia;17/6/2005;M (C);Abaixo da Média;;-;;;2000308464;-;4-11;-;8-14;-;-;9-16;-;-;6-14;-;-;-;-;6-14;-;-;-;-;-;-;-;11-18;3-10;-;-;-;-;7-13;-;-;-;-;-;-;-;-;-;-;-;-
;Edson Kauã;BRA;Remo;D/DA (E);31/12/2026;2/1/2025;-;-;-;-;21;D/DA (E);Pé Preferido Desconhecido;Brasil;1,73 m;;9/1/2004;D (E);Acima da Média;;-;;;2000326346;-;9-17;-;-;9-15;-;-;-;-;5-11;-;-;9-15;-;1-7;-;2-10;-;-;-;-;9-15;-;-;7-12;-;-;-;-;-;-;-;-;-;-;-;-;-;-;-;-
Les;Edu;BRA;Vitória;D (C);31/12/2028;25/7/2024;8-12;8-14;1-5;1-4;25;D (C);Pé Direito;Brasil;1,85 m;Minas Gerais;16/6/2000;D (C);Média;;Goiás;;;19350726;9-13;13-17;4-10;7-13;12-16;11-15;7-11;13-17;1-5;10-14;3-7;6-12;5-11;3-7;11-15;11-15;13-17;8-14;11-15;6-10;10-16;9-15;11-15;9-13;9-13;12-16;9-15;4-10;5-9;10-14;10-14;10-14;9-13;10-16;1-5;1;1-6;2-6;1-4;2-6;3-7
;Eduardo;BRA;Mirassol;M/MO (C);31/12/2026;1/7/2025;6-12;11-15;1-5;1-5;36;M/MO (C);Pé Direito;Brasil;1,84 m;São Paulo;17/10/1989;MO (C);Alta;;Mirassol;;;19095200;11-15;7-13;13-17;12-16;4-8;9-13;9-13;6-12;11-17;14-18;10-16;13-17;6-10;14-18;7-11;9-13;11-17;8-12;10-14;8-14;11-15;10-14;9-13;12-18;2-8;10-16;11-15;4-8;15-19;13-17;6-10;10-14;15-19;8-12;1-3;1-3;1-4;1-5;1-3;2-6;1-5
;Eduardo;BRA;RB Bragantino;D (C);31/12/2028;1/1/2024;15;15;3;2;28;D (C);Somente Pé Direito;Brasil;1,96 m;São Paulo;28/11/1997;D (C);Média;;Slavia;;;19325873;12;13;11;12;12;9;8;13;8;11;8;9;8;5;15;15;13;13;17;12;12;14;12;12;15;8;5;8;12;6;11;10;8;13;3;3;1;2;1;2;3
;Eduardo;BRA;Chapecoense;D (EC);31/12/2026;29/12/2025;-;-;-;-;19;D (EC);Pé Preferido Desconhecido;Brasil;1,90 m;;7/4/2006;D (C);Acima da Média;;Juventude;;;2000498973;-;3-12;-;-;13-20;-;-;4-13;-;1-7;-;-;-;-;1-6;-;-;-;14-20;-;-;-;-;-;10-16;-;-;-;-;1-6;-;-;-;-;-;-;-;-;-;-;-
;Eduardo;BRA;SC Internacional;MO (C);31/12/2027;3/11/2025;-;-;-;-;18;MO (C);Pé Preferido Desconhecido;Brasil;1,69 m;São Paulo;22/1/2007;MO (C);Acima da Média;;Barretos;;;2000379531;7-13;-;-;8-17;-;-;4-10;-;-;9-15;12-19;-;-;-;-;-;-;-;-;-;-;-;-;4-12;-;-;-;-;2-11;-;-;-;6-12;-;-;-;-;-;-;-;-
;Eduardo Doma;BRA;Chapecoense;D (C);31/12/2027;28/8/2024;11-15;7-13;3-7;1-3;27;D (C);Somente Pé Direito;Brasil;1,87 m;Paraná;29/8/1998;D (C);Abaixo da Média;;Hope;;;2000070850;7-11;14-18;10-16;5-11;10-14;7-11;5-9;14-18;1-4;8-12;3-7;6-12;3-9;7-11;11-15;12-16;10-14;10-16;13-17;4-8;8-14;7-13;11-15;8-12;9-13;13-17;5-11;7-13;5-9;5-9;8-12;8-12;7-11;9-15;1-3;1;1-6;1-3;1-4;1-3;2-6
;Eduardo Melo;BRA;Remo;PL (C);31/12/2027;21/8/2025;10-16;9-13;1;1-5;24;PL (C);Pé Direito;Brasil;1,85 m;Bahia;13/5/2001;PL (C);Abaixo da Média;;Criciúma;;;2000009036;10-14;3-7;4-10;8-12;8-12;3-7;9-13;8-12;8-14;8-12;10-16;6-12;6-10;6-10;13-17;11-15;6-10;11-15;11-15;11-17;6-12;8-12;11-15;4-8;9-15;8-12;8-14;5-9;7-11;13-17;11-15;8-12;10-14;8-14;3-7;1-6;1-4;1-4;1-5;1-5;1-2
;Eduardo Pape;BRA;Cruzeiro;MD, M (C);31/1/2029;1/7/2025;-;-;-;-;16;MD, M (C);Pé Preferido Desconhecido;Brasil;1,86 m;Santa Catarina;20/3/2009;MD;Abaixo da Média;;-;;;2002042965;-;9-17;-;11-20;-;-;9-15;-;-;11-17;-;-;-;-;3-9;-;-;-;-;-;-;-;6-12;8-16;-;-;-;-;1-4;-;-;-;-;-;-;-;-;-;-;-;-
;Eduardo Sasha;BRA;RB Bragantino;MO (E), PL (C);31/12/2027;29/12/2025;9-13;7-13;3-7;1-3;33;MO (E), PL (C);Pé Direito;Brasil;1,73 m;Rio Grande do Sul;24/2/1992;PL (C);Abaixo da Média;;Atlético Mineiro;Itália;;19089313;11-15;6-10;11-17;9-15;4-8;4-8;9-13;15-19;4-8;12-16;12-16;11-17;8-14;4-8;9-13;9-13;13-17;8-14;6-10;9-13;11-17;10-16;14-18;12-16;2-6;14-18;13-19;5-11;12-16;13-17;11-15;11-15;10-14;11-17;1-5;1-2;1-7;1-5;1-3;1-3;1-5
;Emanuel;BRA;Vasco da Gama;MO (D);31/12/2026;31/3/2025;7;6;1;2;17;MO (D);Pé Direito;Brasil;1,79 m;;18/1/2008;MO (D);Abaixo da Média;;Coritiba;;;2000437296;12;6;3;11;3;6;5;6;6;14;11;10;11;6;8;8;6;10;9;10;11;11;8;8;4;7;7;11;11;9;9;9;10;4;1;1;2;2;1;1;4
;Emerson Buiu;BRA;Vitória;D/DA/M/MO (D);31/12/2027;1/1/2023;-;-;-;-;19;D/DA/M/MO (D);Pé Preferido Desconhecido;Brasil;1,81 m;Bahia;8/2/2006;D (D);Média;;-;;;2000440205;-;9-17;-;-;1-10;-;-;-;-;12-18;-;-;10-19;-;7-13;-;9-17;-;-;-;-;11-20;-;-;8-15;-;-;-;-;-;-;-;-;-;-;-;-;-;-;-;-
;Emerson Royal;BRA;Flamengo;D/DA (D);31/12/2028;28/7/2025;9-13;5-11;1-5;1-3;26;D/DA (D);Pé Direito;Brasil;1,81 m;São Paulo;14/1/1999;D (D);Média;;Milan;;;19325045;9-13;13-17;9-15;7-13;11-15;10-14;9-13;13-17;2-6;9-13;3-7;9-15;7-13;7-11;11-15;12-16;15-19;11-17;8-12;8-12;11-17;10-16;11-15;11-15;9-13;13-17;11-17;7-13;10-14;11-15;10-14;10-14;10-14;9-15;1-5;1-4;1-6;1-4;1-4;1-4;1-5
;José Enamorado;COL;Grêmio;MO (DE);31/12/2028;29/12/2025;11-15;7-13;1-3;1-4;26;MO (DE);Pé Direito;Colômbia;1,67 m;Caribe;13/1/1999;MO (D);Média;;Junior;;;76050433;12-16;3-7;7-11;11-17;1-6;1-4;8-12;4-8;11-15;11-15;10-14;10-14;10-16;8-14;7-11;10-14;11-15;11-17;2-8;11-15;10-14;12-18;9-13;12-16;8-12;9-13;10-14;7-13;10-16;11-15;11-15;8-14;9-13;8-12;1-4;2-6;1;1-5;1-5;1-4;1-5
;Ênio;BRA;Chapecoense;MO (DE);31/12/2028;26/3/2025;7-11;4-8;1-3;1-4;24;MO (DE);Pé Direito;Brasil;1,68 m;Rio de Janeiro;3/3/2001;MO (D);Abaixo da Média;Juventude;Amazonas;;;19381977;11-15;5-9;12-16;8-12;5-11;2-8;8-12;5-9;10-14;8-14;9-13;13-17;7-11;6-12;3-9;11-15;12-16;7-11;3-9;9-13;15-19;10-14;10-14;12-16;6-10;11-15;12-16;4-8;11-17;10-16;11-15;9-15;7-13;12-16;1-4;1-5;1-5;1-5;1-2;1-5;1-5
;Enrico;BRA;RB Bragantino;D (C), MD;31/3/2027;8/4/2024;-;-;-;-;17;D (C), MD;Pé Preferido Desconhecido;Brasil;1,80 m;;3/3/2008;MD;Abaixo da Média;;-;;;2000385704;-;10-18;-;6-16;-;-;5-11;-;-;9-15;-;-;-;-;5-11;-;-;-;-;-;-;-;5-11;2-10;-;-;-;-;1-7;-;-;-;-;-;-;-;-;-;-;-;-
;Enzo;BRA;Fluminense;MO (DE);31/12/2026;1/11/2023;-;-;-;-;20;MO (DE);Pé Preferido Desconhecido;Brasil;1,64 m;;12/9/2005;MO (D);Acima da Média;;-;;;2000219590;-;-;-;13-20;-;-;-;-;-;9-15;10-17;6-13;11-20;-;-;-;8-16;-;-;-;7-14;10-19;-;-;-;-;-;-;-;-;-;-;-;-;-;-;-;-;-;-;-
;Enzo Pereira;BRA;RB Bragantino;MO (C), PL (C);17/5/2027;19/5/2025;-;-;-;-;18;MO (C), PL (C);Pé Preferido Desconhecido;Brasil;1,84 m;;29/3/2007;MO (C);Alta;;Comercial (SP);;;2000278151;-;-;-;6-12;-;-;-;7-16;-;11-18;4-13;-;-;-;10-17;-;9-18;-;5-13;-;-;7-13;-;-;-;-;-;-;-;-;-;-;-;-;-;-;-;-;-;-;-
;Enzo Vagner;BRA;Coritiba;PL (C);31/12/2027;29/12/2025;-;-;-;-;19;PL (C);Pé Preferido Desconhecido;Brasil;1,88 m;;28/7/2006;PL (C);Alta;;Sport Recife;;;2000287911;-;-;-;1-4;-;-;-;11-20;-;13-20;6-15;-;-;-;9-16;-;9-18;-;10-18;-;-;9-15;-;-;-;-;-;-;-;-;-;-;-;-;-;-;-;-;-;-;-
;Eric;BRA;Atlético Mineiro;MD, M (C);31/12/2027;1/1/2025;-;-;-;-;19;MD, M (C);Pé Preferido Desconhecido;Brasil;1,75 m;Bahia;8/1/2006;MD;Acima da Média;;Vitória;;;2000335694;-;14-20;-;4-13;-;-;7-15;-;-;5-11;-;-;-;-;3-9;-;-;-;-;-;-;-;6-14;10-17;-;-;-;-;3-9;-;-;-;-;-;-;-;-;-;-;-;-
D;Eric Ramires;BRA;RB Bragantino;M (C), MO (DEC);31/12/2028;24/7/2025;11-15;8-14;1-3;1-4;25;M (C), MO (DEC);Pé Esquerdo;Brasil;1,72 m;Bahia;10/8/2000;M (C);Abaixo da Média;;EC Bahia;;;19350770;12-16;9-13;6-10;11-17;9-15;6-10;9-13;5-9;10-14;11-15;12-16;8-12;9-15;7-13;6-10;12-16;11-15;13-19;3-9;13-17;10-14;11-17;10-14;11-15;11-15;12-16;10-14;3-9;10-16;10-14;10-14;7-13;12-16;9-13;1-5;3-7;1-2;1-4;1-7;2-6;1-3
;Erick;BRA;EC Bahia;MD, M (C);31/12/2029;3/1/2025;10-16;10-14;1;1-4;28;MD, M (C);Somente Pé Direito;Brasil;1,76 m;Minas Gerais;14/11/1997;MD;Abaixo da Média;;Athletico-PR;;;19350363;14-18;10-14;7-13;11-15;11-15;8-12;13-17;6-10;7-13;10-14;9-15;9-15;9-13;7-11;9-13;14-18;9-13;12-16;8-12;10-16;10-16;11-15;15-19;8-12;10-16;11-15;8-14;11-15;11-15;11-15;13-17;9-13;10-14;9-15;2-6;1-6;1-3;2-6;1-5;2-6;1-2
;Erick;BRA;Vitória;M (D), MO (DE);31/12/2028;29/12/2025;7-11;9-15;1-3;1-3;28;M (D), MO (DE);Pé Esquerdo;Brasil;1,73 m;Pernambuco;10/12/1997;MO (D);Baixo;;São Paulo;;;19324930;12-16;4-8;7-11;10-16;1-7;3-7;12-16;3-7;10-14;11-15;12-16;14-18;9-15;5-11;4-8;11-15;13-17;9-15;1-7;10-14;12-16;12-18;10-14;11-15;5-9;4-8;9-13;4-10;12-18;10-14;10-14;5-11;11-15;8-12;1-5;2-6;1-3;1-3;1-5;1-4;1-4
;Erick Belé;BRA;Palmeiras;MO (C), PL (C);31/12/2028;20/5/2025;-;-;-;-;18;MO (C), PL (C);Pé Preferido Desconhecido;Brasil;1,79 m;Rio Grande do Sul;21/1/2007;MO (C);Abaixo da Média;;-;;;2000331301;10-16;-;-;3-10;-;-;12-18;-;-;5-14;8-16;-;-;-;-;-;-;-;-;-;-;-;-;7-13;-;-;-;-;12-20;-;-;-;2-11;-;-;-;-;-;-;-;-
;Erick Pulga;BRA;EC Bahia;MO (DE);31/12/2029;8/1/2025;12-16;8-14;1-5;1-3;25;MO (DE);Pé Direito;Brasil;1,69 m;Ceará;2/10/2000;MO (E);Média;;Ceará;;;2000143441;11-15;5-9;6-10;10-16;4-10;6-10;9-13;7-11;9-13;12-16;13-17;11-15;8-14;5-11;5-9;12-16;13-17;9-15;3-9;13-17;12-16;13-19;10-14;10-14;7-11;6-10;11-15;4-10;11-17;10-14;9-13;7-13;10-14;9-13;1-4;3-7;1-3;1-5;1-6;1-4;2-6
;Ernest;BRA;Flamengo;D (C);31/12/2027;1/7/2025;-;-;-;-;19;D (C);Pé Preferido Desconhecido;Brasil;1,90 m;;22/12/2006;D (C);Abaixo da Média;;Portuguesa;Espanha;;2000441263;-;4-10;-;-;12-20;-;-;9-15;-;1-8;-;-;-;-;1-8;-;-;-;11-20;-;-;-;-;-;9-17;-;-;-;-;1-7;-;-;-;-;-;-;-;-;-;-;-
;Gonzalo Escobar;ARG;Santos;D/DA (E);31/12/2026;1/1/2025;11-15;11-15;1-3;1-4;28;D/DA (E);Pé Esquerdo;Argentina;1,73 m;Buenos Aires;16/3/1997;D (E);Média;;Fortaleza;;;14172026;10-14;11-15;8-12;8-12;10-16;6-12;7-11;9-13;7-11;7-13;6-10;12-16;8-12;9-15;5-11;11-15;12-16;9-13;6-12;10-14;14-18;10-14;14-18;8-12;10-14;12-16;13-17;5-9;5-11;9-15;7-11;12-18;5-11;12-16;1-5;1-4;3-7;1-6;1-4;1-5;1-4
;Esley;BRA;SC Internacional;D (C);27/11/2026;30/12/2024;-;-;-;-;18;D (C);Pé Preferido Desconhecido;Brasil;1,85 m;Espírito Santo;25/11/2007;D (C);Acima da Média;;Porto Vitória;;;2000379520;-;6-12;-;-;11-20;-;-;9-15;-;1-8;-;-;-;-;1-10;-;-;-;8-17;-;-;-;-;-;9-17;-;-;-;-;6-15;-;-;-;-;-;-;-;-;-;-;-
;Lucas Esquivel;ARG;Athletico-PR;D (EC), DA/M (E);30/6/2029;29/12/2025;10-14;10-14;1-6;1-2;24;D (EC), DA/M (E);Pé Esquerdo;Argentina;1,83 m;Santa Fe;14/10/2001;D (E);Abaixo da Média;;Unión;Itália;;14236055;11-17;7-13;6-10;11-15;11-15;5-9;9-15;6-12;11-15;9-13;6-10;10-14;12-16;12-16;6-10;10-16;10-16;11-15;11-15;11-15;11-15;11-15;11-17;8-14;10-14;9-15;10-14;1-4;13-17;9-13;11-17;13-17;8-12;10-14;1-6;1-4;1-3;2-6;1-4;1;1-3
;Estevan;BRA;Atlético Mineiro;GR;17/1/2028;17/1/2025;-;-;13-20;6-13;18;GR;Pé Preferido Desconhecido;Brasil;1,89 m;Minas Gerais;3/7/2007;GR;Abaixo da Média;;-;;;2000379662;-;-;-;-;-;-;-;-;-;-;-;-;-;-;-;-;-;-;-;-;-;-;-;-;-;-;-;-;-;-;-;-;-;-;7-14;3-12;8-14;-;6-12;-;9-18
Prt;Euder;BRA;Vasco da Gama;MD;31/3/2027;1/4/2024;10;10;3;3;20;MD;Pé Esquerdo;Brasil;1,83 m;Pernambuco;18/3/2005;MD;Acima da Média;;Novo Hamburgo;;;2000481538;10;10;6;10;12;9;10;9;10;10;9;9;9;9;12;10;10;12;11;11;10;10;15;9;12;12;9;9;7;12;9;9;10;10;2;2;3;3;1;1;3
;Everaldo;BRA;EC Bahia;PL (C);31/12/2026;19/2/2025;10-14;8-12;1-4;1-4;34;PL (C);Pé Direito;Brasil;1,82 m;Rio Grande do Sul;5/7/1991;PL (C);Abaixo da Média;Fluminense;EC Bahia;;;19112560;10-14;3-7;14-18;7-11;3-9;1-5;10-14;12-16;7-11;7-13;11-15;12-16;6-10;7-13;10-16;12-16;10-14;8-12;11-17;11-15;12-16;9-13;10-14;9-13;6-10;10-14;13-17;4-8;10-16;8-14;10-14;10-16;7-13;13-17;1-5;1-4;1-5;1-6;1;1-3;1-3
;Everson;BRA;Atlético Mineiro;GR;31/12/2027;24/12/2024;13-17;10-14;13-17;9-15;35;GR;Pé Direito;Brasil;1,92 m;São Paulo;22/7/1990;GR;Média;;Santos;;;19045164;8-12;1-3;12-16;9-13;1-6;1-4;1-5;6-10;10-14;6-12;1-3;1-5;1-2;7-13;10-16;12-16;8-12;9-13;14-20;8-12;15-19;6-10;13-17;10-14;10-14;13-17;11-15;11-15;10-16;10-16;10-14;9-15;8-14;13-17;13-17;14-18;15-19;11-17;10-14;7-13;9-13
;Everton;BRA;Santos;M (C);31/1/2027;27/5/2024;-;-;-;-;19;M (C);Pé Preferido Desconhecido;Brasil;1,80 m;;9/2/2006;M (C);Acima da Média;;-;;;2000293257;-;8-14;-;11-18;-;-;5-14;-;-;10-19;-;-;-;-;4-13;-;-;-;-;-;-;-;6-15;10-16;-;-;-;-;1-7;-;-;-;-;-;-;-;-;-;-;-;-
;Everton;BRA;Chapecoense;D (D);31/12/2026;29/12/2025;3-7;9-13;1-3;1-4;30;D (D);Somente Pé Direito;Brasil;1,81 m;São Paulo;10/4/1995;D (D);Alta;;Serra Branca;Portugal;;19389545;11-15;10-14;8-12;8-12;10-16;7-13;9-13;10-14;2-6;8-14;8-12;12-16;7-11;7-13;7-13;11-15;11-15;7-11;10-16;12-16;13-17;9-13;10-14;10-14;10-14;12-16;11-15;8-12;3-9;1-4;10-14;11-17;9-15;13-17;1-4;1-3;1-5;1-6;1-3;1-3;1-4
TrL;Everton Cebolinha;BRA;Flamengo;MO (DE);31/12/2026;1/7/2022;8-12;9-15;3-7;1-5;29;MO (DE);Pé Direito;Brasil;1,74 m;Ceará;22/3/1996;MO (E);Alta;;Benfica;;;19233146;12-16;6-10;9-15;9-15;3-7;2-6;12-16;10-14;3-7;12-16;9-13;13-19;8-14;10-14;11-15;11-15;14-18;8-14;6-10;10-14;12-18;11-17;10-14;12-16;3-7;12-16;11-17;4-10;13-17;12-16;8-12;10-14;10-14;10-16;1-5;1;1-5;1-4;1-3;1-4;2-6
;Everton Galdino;BRA;Mirassol;MO (DEC), PL (C);31/12/2027;1/7/2025;9-13;8-14;2-6;1-5;28;MO (DEC), PL (C);Pé Esquerdo;Brasil;1,77 m;São Paulo;17/3/1997;MO (D);Abaixo da Média;;FC Tokyo;;;19264442;12-16;6-10;8-12;11-17;3-9;5-9;11-15;7-11;8-12;11-15;11-15;9-13;9-15;4-10;6-10;10-14;11-15;11-17;5-11;10-14;10-14;11-17;11-15;11-15;7-11;10-14;9-13;4-10;9-15;12-16;9-13;7-13;10-14;6-10;1-5;3-7;1;1-5;1-5;1-5;1-5
;Everton Ribeiro;BRA;EC Bahia;M/MO (DC);31/12/2026;29/12/2025;7-13;10-14;1-5;1-5;36;M/MO (DC);Somente Pé Esquerdo;Brasil;1,71 m;São Paulo;10/4/1989;M (D);Média;;Flamengo;;;19028921;14-18;8-14;11-15;14-18;5-9;4-8;7-11;4-10;8-14;17-20;7-13;16-20;11-15;11-15;6-10;7-11;10-16;12-16;4-8;8-14;11-15;10-14;9-13;14-20;4-10;11-17;12-16;14-18;16-20;14-18;8-12;10-14;14-18;13-17;1-2;1-5;1-3;1-5;1-5;2-6;1-5
;Evertton Araújo;BRA;Flamengo;MD, M (C);31/12/2028;8/1/2025;13-17;10-14;1-4;1-3;22;MD, M (C);Pé Direito;Brasil;1,85 m;Rio de Janeiro;28/2/2003;MD;Acima da Média;;Volta Redonda;;;2000164418;8-12;11-15;3-7;7-11;10-16;1-6;6-10;9-13;2-6;6-12;3-7;9-13;1-4;4-10;7-13;10-14;9-13;3-7;9-15;9-13;10-14;7-11;11-15;6-10;9-13;11-15;9-13;3-7;10-16;8-14;8-12;8-14;6-12;10-14;1-3;1-5;1-5;1-7;1-3;1-4;1-4
;Ezequiel;BRA;Vitória;GR;31/12/2026;29/12/2025;-;-;5-13;10-16;19;GR;Pé Preferido Desconhecido;Brasil;1,89 m;;21/7/2006;GR;Abaixo da Média;;-;;;2000335699;-;-;-;-;-;-;-;-;-;-;-;-;-;-;-;-;-;-;-;-;-;-;-;-;-;-;-;-;-;-;-;-;-;-;1-7;12-19;5-12;-;7-16;-;7-15
;Fabiano;BRA;Palmeiras;MO (DE);30/6/2027;12/3/2025;-;-;-;-;19;MO (DE);Pé Preferido Desconhecido;Brasil;1,83 m;Distrito Federal;15/4/2006;MO (D);Média;Karpaty;Botafogo;;;2000219167;-;-;-;3-10;-;-;-;-;-;4-13;7-15;12-19;3-10;-;-;-;8-14;-;-;-;12-19;6-13;-;-;-;-;-;-;-;-;-;-;-;-;-;-;-;-;-;-;-
;Fabinho;BRA;RB Bragantino;MD, M (C);31/12/2029;18/3/2025;13-17;9-15;1-4;1-5;23;MD, M (C);Pé Direito;Brasil;1,78 m;Rio Grande do Norte;9/4/2002;M (C);Abaixo da Média;;Palmeiras;;;19377986;10-14;10-14;3-7;10-16;8-14;5-9;13-17;7-11;8-12;10-14;9-13;7-11;8-14;4-10;10-14;10-14;10-14;11-17;5-11;13-17;8-12;10-16;12-16;10-14;13-17;12-16;7-11;9-15;6-12;11-15;9-13;7-13;10-14;8-12;2-6;3-7;1-2;1-5;1-6;1-5;1-5
;Fabinho;BRA;Coritiba;MO (DE), PL (C);31/12/2027;29/12/2025;12-16;10-16;1-5;1-3;26;MO (DE), PL (C);Pé Esquerdo;Brasil;1,80 m;São Paulo;18/11/1999;MO (D);Abaixo da Média;;América FC;;;19290887;10-14;4-8;6-10;9-15;4-10;1-5;8-12;8-12;7-11;10-14;11-15;9-13;8-14;4-10;9-13;9-13;11-15;12-18;6-12;12-16;9-13;11-17;11-15;9-13;8-12;8-12;8-12;3-9;9-15;11-15;7-11;5-11;7-11;8-12;1-3;3-7;1-2;1-4;2-8;1-5;1-3
;Fábio;BRA;Athletico-PR;D (C);31/12/2027;1/2/2024;-;-;-;-;19;D (C);Pé Preferido Desconhecido;Brasil;1,85 m;;29/10/2006;D (C);Alta;;Resende;;;2000281346;-;8-17;-;-;6-14;-;-;8-17;-;9-16;-;-;-;-;8-15;-;-;-;8-16;-;-;-;-;-;4-13;-;-;-;-;14-20;-;-;-;-;-;-;-;-;-;-;-
;Fábio;BRA;Fluminense;GR;31/12/2027;29/12/2025;12-16;11-15;9-15;8-12;45;GR;Somente Pé Direito;Brasil;1,88 m;Mato Grosso;30/9/1980;GR;Acima da Média;;Cruzeiro;Itália;;303204;8-14;2-8;7-11;9-13;3-7;1-4;1-7;3-9;1-3;6-10;4-8;8-12;3-7;1-5;9-13;15-20;6-12;16-20;14-18;7-11;10-14;6-10;10-16;6-12;13-17;9-15;1-5;13-17;2-6;14-18;11-17;13-17;9-13;13-17;12-18;12-16;9-13;15-19;13-17;10-14;9-15
D;Fabri;BRA;Vitória;MO (DE), PL (C);31/12/2026;11/1/2025;14-18;13-19;1-3;1-3;25;MO (DE), PL (C);Somente Pé Direito;Brasil;1,86 m;Rio Grande do Sul;8/10/2000;MO (E);Acima da Média;;Levante UD;;;19355039;9-13;5-9;7-11;8-14;4-10;4-8;9-13;9-13;8-12;9-13;12-16;9-13;7-13;3-9;11-15;9-13;14-18;11-17;8-14;12-16;9-13;14-20;11-15;8-12;8-12;6-10;9-13;5-11;10-16;11-15;5-9;7-13;8-12;7-11;1-5;2-6;1-3;1-5;1-5;1-5;1-3
;Fabricio;BRA;Atlético Mineiro;PL (C);30/11/2028;27/1/2024;-;-;-;-;19;PL (C);Pé Preferido Desconhecido;Brasil;1,85 m;Alagoas;10/12/2006;PL (C);Média;CRB;-;;;2000467809;-;-;-;1-7;-;-;-;7-13;-;2-11;9-17;-;-;-;1-9;-;7-13;-;11-20;-;-;6-13;-;-;-;-;-;-;-;-;-;-;-;-;-;-;-;-;-;-;-
;Fabrício;BRA;RB Bragantino;GR;31/12/2027;1/7/2025;9-15;3-7;10-16;12-16;25;GR;Somente Pé Direito;Brasil;1,90 m;Mato Grosso do Sul;15/6/2000;GR;Acima da Média;;Desportivo Brasil;;;19380337;4-8;-;-;-;-;-;-;-;-;8-12;-;-;-;-;13-17;6-10;8-14;10-14;13-17;5-11;12-16;8-12;3-7;-;9-15;9-15;4-8;3-7;-;11-15;9-13;8-12;8-12;7-11;2-6;10-16;8-12;9-13;12-16;9-13;12-18
;Fabrício Bruno;BRA;Cruzeiro;D (C);31/12/2030;29/12/2025;12-16;11-15;1-5;1-5;29;D (C);Pé Direito;Brasil;1,90 m;Minas Gerais;12/2/1996;D (C);Acima da Média;;Flamengo;;;19225861;10-14;10-14;8-12;9-13;13-19;2-8;7-11;13-17;2-6;7-13;8-12;9-13;5-9;4-10;11-17;11-15;13-17;8-12;13-19;10-14;11-15;10-14;12-16;10-14;12-16;12-16;11-15;8-12;7-13;7-13;11-15;11-17;9-15;13-17;1-5;1-5;3-7;1-5;1;1-4;1-4
;Fágner;BRA;Cruzeiro;D/DA (D);31/12/2026;29/12/2025;13-17;19-20;1-3;1-6;36;D/DA (D);Pé Direito;Brasil;1,68 m;São Paulo;11/6/1989;D (D);Alta;;Corinthians;;;19023829;10-16;13-17;8-12;13-17;9-13;7-13;7-13;5-9;10-14;12-18;6-10;12-16;13-17;10-14;6-12;8-14;10-14;11-15;2-6;8-12;11-15;12-16;10-16;11-15;12-16;13-17;13-17;16-20;6-10;11-17;8-14;7-11;10-16;12-16;1-4;1-5;1-5;1;2-6;1-6;1-4
;Felipe Anderson;BRA;Palmeiras;MO (DEC), PL (C);31/12/2027;10/7/2024;3-7;6-12;2-6;1-5;32;MO (DEC), PL (C);Pé Direito;Brasil;1,75 m;Distrito Federal;15/4/1993;MO (E);Alta;;SS Lazio;;;19105713;15-19;10-14;10-16;10-16;2-6;2-6;10-14;12-16;4-8;14-18;9-13;13-19;12-18;7-11;6-10;9-13;11-15;5-11;5-9;8-12;11-17;6-12;6-10;14-18;3-7;14-18;12-18;5-11;12-16;10-14;9-13;9-13;9-13;14-20;1-3;1-2;1-5;1-3;1-6;1-3;2-6
;Felipe Chiqueti;BRA;Athletico-PR;MO (C), PL (C);31/12/2029;17/10/2023;8-13;5-11;1-4;1;20;MO (C), PL (C);Pé Direito;Brasil;1,76 m;São Paulo;2/9/2005;MO (C);Alta;;-;;;2000218066;11-18;1-7;7-12;9-15;7-12;4-9;9-16;5-12;8-13;9-14;10-15;11-16;7-13;11-16;3-8;10-17;8-15;10-16;7-12;9-14;11-16;10-16;9-16;6-13;6-11;8-15;11-16;5-11;12-17;8-13;9-16;11-16;7-12;7-12;1-6;1-5;1-3;2-7;1-4;1-3;1-3
;Felipe Goto;BRA;Palmeiras;MD, M (C);31/1/2028;10/12/2025;-;-;-;-;18;MD, M (C);Pé Preferido Desconhecido;Brasil;1,76 m;São Paulo;24/6/2007;M (C);Acima da Média;;-;;;2000331311;-;6-15;-;6-14;-;-;8-17;-;-;6-13;-;-;-;-;1-4;-;-;-;-;-;-;-;9-18;4-13;-;-;-;-;5-12;-;-;-;-;-;-;-;-;-;-;-;-
;Felipe Januário;BRA;Botafogo;MO (D);8/10/2027;9/10/2024;-;-;-;-;18;MO (D);Pé Preferido Desconhecido;Brasil;1,83 m;;3/5/2007;MO (D);Alta;;-;;;2000377976;-;-;-;7-13;-;-;-;-;-;10-17;2-11;9-15;7-13;-;-;-;10-19;-;-;-;11-17;8-14;-;-;-;-;-;-;-;-;-;-;-;-;-;-;-;-;-;-;-
;Felipe Jonatan;BRA;Coritiba;D/DA (E);31/12/2027;1/7/2025;8-12;6-10;1-5;1-4;27;D/DA (E);Pé Esquerdo;Brasil;1,76 m;Ceará;15/2/1998;D (E);Abaixo da Média;;Coritiba;;;19352672;12-16;10-14;10-14;9-13;9-15;3-9;11-15;6-10;7-11;10-16;9-13;14-18;9-13;10-16;8-14;11-15;12-16;9-13;6-12;11-15;13-17;10-14;11-15;10-14;7-11;10-14;14-18;5-9;10-16;9-15;11-15;9-15;7-13;12-16;1-4;1-4;1-5;1-7;1-2;1-4;1-4
;Felipe Kisner;BRA;EC Bahia;MO (C);31/12/2027;30/12/2024;-;-;-;-;18;MO (C);Pé Preferido Desconhecido;Brasil;1,87 m;;25/4/2007;MO (C);Acima da Média;;Botafogo;Itália;;2000378961;7-15;-;-;3-12;-;-;5-13;-;-;6-12;6-13;-;-;-;-;-;-;-;-;-;-;-;-;11-18;-;-;-;-;6-12;-;-;-;3-9;-;-;-;-;-;-;-;-
;Felipe Longo;BRA;Corinthians;GR;30/3/2029;1/4/2024;-;-;5-14;2-9;20;GR;Pé Preferido Desconhecido;Brasil;1,88 m;São Paulo;5/3/2005;GR;Média;;-;Itália;;2000208429;-;-;-;-;-;-;-;-;-;-;-;-;-;-;-;-;-;-;-;-;-;-;-;-;-;-;-;-;-;-;-;-;-;-;6-15;9-15;5-11;-;6-14;-;4-13
;Felipe Maciel;BRA;Chapecoense;D/DA (E);31/12/2027;30/12/2024;-;-;-;-;18;D/DA (E);Pé Preferido Desconhecido;Brasil;1,84 m;Rio Grande do Sul;8/10/2007;D (E);Alta;;-;;;2000527015;-;4-11;-;-;2-8;-;-;-;-;6-14;-;-;7-13;-;2-10;-;7-14;-;-;-;-;12-18;-;-;7-16;-;-;-;-;-;-;-;-;-;-;-;-;-;-;-;-
;Felipe Morais;BRA;Cruzeiro;MO (C);31/12/2029;24/9/2024;-;-;-;-;17;MO (C);Pé Preferido Desconhecido;Brasil;1,75 m;;29/8/2008;MO (C);Abaixo da Média;;-;;;2000495995;3-11;-;-;8-14;-;-;1-7;-;-;11-19;1-11;-;-;-;-;-;-;-;-;-;-;-;-;10-20;-;-;-;-;6-14;-;-;-;11-19;-;-;-;-;-;-;-;-
;Felipe Oliveira;BRA;São Paulo;D/DA (E);30/6/2028;1/7/2025;-;-;-;-;19;D/DA (E);Pé Preferido Desconhecido;Brasil;1,78 m;São Paulo;23/9/2006;D (E);Abaixo da Média;;-;Portugal;;2000293238;-;1-8;-;-;4-10;-;-;-;-;9-17;-;-;9-15;-;2-10;-;6-13;-;-;-;-;10-16;-;-;8-17;-;-;-;-;-;-;-;-;-;-;-;-;-;-;-;-
;Felipe Preis;BRA;São Paulo;GR;31/12/2026;1/6/2023;-;-;11-17;9-18;20;GR;Pé Preferido Desconhecido;Brasil;1,88 m;Santa Catarina;19/11/2005;GR;Média;;Azuriz;;;2000210537;-;-;-;-;-;-;-;-;-;-;-;-;-;-;-;-;-;-;-;-;-;-;-;-;-;-;-;-;-;-;-;-;-;-;3-12;7-13;5-13;-;10-17;-;6-12
;Felipe Teresa;BRA;Palmeiras;MO (D), PL (C);30/9/2027;3/10/2025;-;-;-;-;19;MO (D), PL (C);Pé Preferido Desconhecido;Brasil;1,82 m;Paraná;2/1/2006;MO (D);Média;;Flamengo;;;2000328935;-;-;-;12-18;-;-;-;-;-;10-18;12-20;2-11;11-17;-;-;-;7-14;-;-;-;4-13;12-18;-;-;-;-;-;-;-;-;-;-;-;-;-;-;-;-;-;-;-
;Felipinho;BRA;Athletico-PR;MD, M (C);31/12/2027;14/2/2024;10-14;7-11;1-4;1-5;24;MD, M (C);Pé Esquerdo;Brasil;1,80 m;;18/10/2001;MD;Média;;Ponte Preta;;;2000088861;11-15;9-13;6-10;8-12;11-17;6-12;5-9;7-11;9-13;9-15;5-9;11-15;7-11;8-14;5-11;12-16;11-15;9-13;7-13;9-13;15-19;10-14;11-15;10-14;12-16;12-16;11-15;4-8;8-14;8-14;9-13;10-16;7-13;12-16;1-5;1-5;3-7;1-5;1-2;1-4;1-5
;Fellipe Magalhães;BRA;Grêmio;MO (DE), PL (C);31/1/2030;1/7/2025;-;-;-;-;18;MO (DE), PL (C);Pé Preferido Desconhecido;Brasil;1,83 m;Rio Grande do Sul;20/7/2007;MO (D);Abaixo da Média;;-;;;2002043483;-;-;-;7-16;-;-;-;-;-;10-16;13-20;6-13;10-19;-;-;-;9-17;-;-;-;4-11;12-20;-;-;-;-;-;-;-;-;-;-;-;-;-;-;-;-;-;-;-
;Fernando;BRA;RB Bragantino;MO (EC), PL (C);31/12/2027;1/1/2025;8-14;3-7;1;1-3;26;MO (EC), PL (C);Pé Direito;Brasil;1,76 m;Minas Gerais;1/3/1999;PL (C);Muito Alta;;Red Bull Salzburg;;;19302798;15-19;4-8;10-16;9-13;4-8;5-9;8-12;5-9;8-14;12-16;11-17;10-16;5-9;4-8;8-12;14-18;13-17;7-11;6-10;7-13;10-16;14-18;11-15;7-11;2-8;5-9;11-17;5-9;14-18;12-16;12-16;8-12;8-12;7-13;1-5;1-5;1-3;1-5;1-4;1-3;1-3
;Fernando Gabriel;BRA;EC Bahia;D/DA (D);31/12/2027;1/1/2025;-;-;-;-;18;D/DA (D);Pé Preferido Desconhecido;Brasil;1,58 m;Bahia;27/6/2007;D (D);Abaixo da Média;;-;;;2000501178;-;11-17;-;-;10-19;-;-;-;-;1-10;-;-;2-9;-;1-3;-;7-13;-;-;-;-;5-12;-;-;6-14;-;-;-;-;-;-;-;-;-;-;-;-;-;-;-;-
;Fernando Sobral;BRA;Coritiba;MD, M (C);31/12/2027;7/1/2025;12-16;10-16;1-5;1-5;31;MD, M (C);Pé Direito;Brasil;1,78 m;Ceará;17/12/1994;M (C);Abaixo da Média;Cuiabá;Ceará;;;19249856;11-15;11-15;9-13;11-17;8-14;2-6;9-13;4-8;11-15;9-13;10-14;9-13;11-17;8-14;8-12;12-16;11-15;13-19;5-11;11-15;8-12;10-16;12-16;10-14;13-17;10-14;6-10;9-15;8-14;10-14;10-14;9-15;10-14;9-13;1-5;3-7;1-3;1-5;1-6;1-3;1-4
;Nahuel Ferraresi;VEN;Botafogo;D (C);31/12/2027;1/1/2024;9-13;9-15;2-6;1-5;27;D (C);Pé Direito;Venezuela;1,88 m;;19/11/1998;D (C);Abaixo da Média;São Paulo;Montevideo City Torque;Argentina;A;14185468;11-15;14-18;4-10;9-15;11-15;6-10;5-9;15-19;2-6;8-12;6-10;10-16;4-10;9-13;11-15;10-14;12-16;10-16;13-17;6-10;10-16;9-15;11-15;12-16;9-13;13-17;6-12;7-13;8-12;12-16;10-14;8-12;11-15;12-18;1-4;1;1-6;1-5;1-5;1-3;1-5
D;Ferreirinha;BRA;São Paulo;MO (DE), PL (C);31/12/2027;8/1/2024;9-13;6-10;1-5;1-4;27;MO (DE), PL (C);Somente Pé Direito;Brasil;1,75 m;Mato Grosso do Sul;31/12/1997;MO (E);Muito Alta;;Grêmio;;;19387681;12-16;5-9;13-17;8-12;5-11;3-9;10-14;10-14;8-12;10-16;6-10;16-20;8-12;5-11;3-9;11-15;12-16;7-11;6-12;11-15;16-20;11-15;9-13;11-15;5-9;8-12;13-17;8-12;14-20;9-15;4-8;6-12;9-15;12-16;1-4;1-3;1-5;1-7;1-3;1-4;1-3
;Figueiredo;BRA;Palmeiras;MD, M (C);30/9/2026;30/12/2024;5-10;10-15;1-5;1-7;19;MD, M (C);Pé Direito;Brasil;1,73 m;São Paulo;3/3/2006;M (C);Muito Alta;;-;;;2000221613;7-14;12-17;4-10;14-19;4-9;3-10;7-14;5-10;2-7;12-19;2-7;2-8;7-12;1-6;3-10;1-8;10-15;14-19;1-6;6-11;9-15;12-17;8-15;5-10;4-9;11-16;5-11;11-16;1-5;15-20;7-14;3-8;6-13;7-13;1-5;1-5;1-5;1-3;1-6;1-7;1-4
;Filipe Gabriel;BRA;RB Bragantino;MO (DE);31/12/2027;8/7/2024;-;-;-;-;19;MO (DE);Pé Preferido Desconhecido;Brasil;1,78 m;;13/2/2006;MO (D);Média;;Canaã (DF);;;2000197765;-;-;-;10-19;-;-;-;-;-;9-15;13-20;6-13;8-17;-;-;-;8-16;-;-;-;7-14;11-20;-;-;-;-;-;-;-;-;-;-;-;-;-;-;-;-;-;-;-
;Filipe Sírio;BRA;SC Internacional;GR;2/6/2026;2/6/2024;-;-;2-9;7-15;18;GR;Pé Preferido Desconhecido;Brasil;1,92 m;Rio Grande do Sul;26/1/2007;GR;Acima da Média;;-;;;2000379463;-;-;-;-;-;-;-;-;-;-;-;-;-;-;-;-;-;-;-;-;-;-;-;-;-;-;-;-;-;-;-;-;-;-;8-15;10-19;3-12;-;11-17;-;3-10
D;Fintelman;BRA;Vitória;GR;31/12/2027;1/1/2024;10-14;8-12;9-13;7-13;24;GR;Somente Pé Direito;Brasil;1,95 m;Rio de Janeiro;20/7/2001;GR;Abaixo da Média;;CSA;Portugal;;19410805;5-9;1-4;2-6;3-7;1-5;1-5;1-5;1-3;7-11;3-9;1-4;6-10;1-2;6-12;7-13;8-12;7-11;9-13;14-20;3-7;13-17;5-9;10-14;5-9;10-14;9-13;5-9;4-8;6-12;9-15;10-14;8-14;8-14;11-15;8-12;11-15;11-15;9-15;9-13;5-11;13-17
;Francisco;BRA;Vitória;PL (C);31/12/2026;1/1/2024;-;-;-;-;18;PL (C);Pé Preferido Desconhecido;Brasil;1,81 m;São Paulo;27/12/2007;PL (C);Abaixo da Média;;-;;;2000440224;-;-;-;1-8;-;-;-;13-20;-;7-13;6-13;-;-;-;3-9;-;12-19;-;5-11;-;-;5-14;-;-;-;-;-;-;-;-;-;-;-;-;-;-;-;-;-;-;-
;Alan Franco;ARG;São Paulo;D (C);31/12/2028;1/9/2025;16-20;14-18;1-5;1-6;29;D (C);Somente Pé Direito;Argentina;1,81 m;Buenos Aires;11/10/1996;D (C);Média;;Atlanta United;;;14185004;6-12;12-16;6-10;12-16;9-13;11-17;5-11;11-15;2-6;10-16;3-7;9-13;6-10;1-4;13-19;11-17;11-15;16-20;8-12;15-19;9-13;13-17;10-16;7-11;11-15;15-19;7-11;14-18;4-8;12-18;8-14;8-12;10-16;12-16;1-5;1-4;2-6;1-2;3-7;1-7;1-4
;Alan Franco;ECU;Atlético Mineiro;MD, M (C);31/12/2027;15/1/2024;13-17;10-14;1-4;1-3;27;MD, M (C);Pé Direito;Equador;1,75 m;Los Ríos;21/8/1998;MD;Média;;Independiente del Valle;;A;86066841;10-16;10-16;7-11;10-14;13-17;1-5;8-14;4-10;5-9;8-12;8-12;9-13;8-12;7-11;8-12;15-20;9-15;13-17;7-11;10-14;11-15;11-15;14-20;8-14;12-16;12-18;10-14;8-12;12-16;8-12;10-16;13-17;8-12;13-17;1-5;1-4;1-5;1-5;1-4;1-3;1-5
;Fred Mundoco;BRA;EC Bahia;M/MO (C);31/12/2029;1/7/2025;-;-;-;-;21;M/MO (C);Pé Preferido Desconhecido;Brasil;1,79 m;Pará;2/2/2004;MO (C);Acima da Média;;-;;;2002043494;5-11;-;-;7-12;-;-;3-9;-;-;16-20;5-13;-;-;-;-;-;-;-;-;-;-;-;-;8-16;-;-;-;-;9-15;-;-;-;8-14;-;-;-;-;-;-;-;-
;Fredi;BRA;EC Bahia;D (C);31/12/2027;1/9/2024;-;-;-;-;19;D (C);Pé Preferido Desconhecido;Brasil;1,75 m;Rio Grande do Sul;23/5/2006;D (C);Média;;Grêmio;;;2000277682;-;9-18;-;-;8-16;-;-;10-19;-;9-16;-;-;-;-;9-16;-;-;-;7-15;-;-;-;-;-;5-14;-;-;-;-;12-19;-;-;-;-;-;-;-;-;-;-;-
;Freitas;BRA;Remo;MD, M (DEC);31/12/2027;29/12/2025;7-13;8-12;-;-;22;MD, M (DEC);Pé Direito;Brasil;1,78 m;;4/3/2003;MD;Acima da Média;Fluminense;Atlético Cearense;;;2000220366;6-10;8-14;-;9-13;9-13;-;7-11;8-14;7-13;10-14;5-11;8-12;8-12;-;11-15;7-11;9-15;12-16;8-12;7-13;10-14;10-14;7-11;7-13;7-13;8-14;9-13;7-11;8-12;12-16;5-9;8-12;10-14;8-12;-;-;-;-;-;-;-
;Juan Pablo Freytes;ARG;Fluminense;D (EC);31/12/2028;1/1/2025;13-17;10-14;1-5;1-3;25;D (EC);Pé Esquerdo;Argentina;1,86 m;Córdoba;11/1/2000;D (C);Abaixo da Média;;Alianza;;;14204629;9-13;11-15;12-16;6-10;12-18;4-10;7-11;12-16;9-13;6-12;5-9;8-12;4-8;9-15;11-17;12-16;10-14;11-15;11-17;10-14;10-14;9-13;13-17;5-9;13-17;11-15;10-14;6-10;5-11;7-13;11-15;10-16;8-14;12-16;1-5;1-4;2-6;1-6;1-3;1-5;1-3
;Adonis Frías;ARG;Santos;D (C);31/12/2028;12/9/2025;11-15;10-14;1-5;1;27;D (C);Pé Direito;Argentina;1,85 m;Buenos Aires;17/3/1998;D (C);Abaixo da Média;;León;;;14177869;10-16;10-16;5-9;10-14;15-19;6-10;5-11;10-16;4-8;7-11;4-8;9-13;4-8;5-9;10-14;10-16;8-14;11-15;13-17;11-15;10-14;10-14;10-16;8-14;12-16;8-14;8-12;10-14;4-8;11-15;10-16;12-16;8-12;12-16;1-7;1-3;1-4;2-6;1-4;1-3;1-3
;Gabriel;BRA;RB Bragantino;MD, M (C);31/12/2026;14/1/2025;12-16;13-19;1-5;1-3;33;MD, M (C);Pé Direito;Brasil;1,71 m;São Paulo;10/7/1992;MD;Muito Alta;;SC Internacional;Itália;;19154441;10-14;14-18;6-12;8-14;12-16;7-11;7-11;9-13;5-9;11-15;6-10;10-16;5-11;7-11;11-15;13-17;14-18;8-14;4-8;10-14;11-17;10-16;14-18;9-13;8-12;16-20;11-17;8-14;8-12;12-16;8-12;12-16;9-13;10-16;1-3;1-2;1-6;1-4;1-4;1-5;2-6
;Gabriel Abdias;BRA;Botafogo;D/DA (E);23/1/2028;2/2/2025;-;-;-;-;19;D/DA (E);Pé Preferido Desconhecido;Brasil;1,81 m;;19/6/2006;D (E);Abaixo da Média;Ituano;RB Bragantino;;;2000210808;-;8-17;-;-;10-17;-;-;-;-;3-10;-;-;9-17;-;1-8;-;6-15;-;-;-;-;10-18;-;-;8-14;-;-;-;-;-;-;-;-;-;-;-;-;-;-;-;-
;Gabriel Barbosa;BRA;Santos;MO (D), PL (C);31/12/2028;1/1/2025;13-17;7-11;1-3;1-5;29;MO (D), PL (C);Somente Pé Esquerdo;Brasil;1,78 m;São Paulo;30/8/1996;PL (C);Média;Cruzeiro;Flamengo;;;30035404;11-15;4-8;18-20;9-13;4-10;3-9;11-15;9-13;6-10;10-16;11-15;13-17;9-13;10-16;9-15;12-16;10-14;8-12;8-14;12-16;12-16;9-13;12-16;13-17;6-10;12-16;17-20;12-16;12-18;12-18;11-15;12-18;11-17;15-19;1-4;1-3;3-7;1-6;1-2;1-5;1-4
Prt;Gabriel Bontempo;BRA;Santos;M/MO (C);31/12/2030;25/4/2025;5-12;5-10;1-3;1-5;20;M/MO (C);Pé Direito;Brasil;1,81 m;;16/1/2005;M (C);Alta;;-;;;2000206863;14-19;4-9;5-12;12-17;7-12;5-11;11-16;5-10;9-16;11-17;9-16;7-14;7-12;4-9;8-14;14-19;8-13;11-16;8-13;10-17;8-15;11-16;13-18;7-12;10-17;8-13;10-17;6-11;7-12;10-16;11-16;9-14;9-15;6-13;2-7;1-6;1-3;1-4;1-6;1-4;1
;Gabriel Brazão;BRA;Santos;GR;31/12/2028;21/2/2024;12-16;10-14;13-17;9-15;25;GR;Pé Direito;Brasil;1,92 m;Minas Gerais;5/10/2000;GR;Acima da Média;;Inter;;;19338228;6-10;1-4;2-6;5-9;1-6;1-4;1-4;2-6;1-5;4-10;1-4;7-11;1;1-6;9-15;13-17;8-12;12-16;14-20;11-15;16-20;10-14;13-17;9-13;11-15;13-17;7-11;8-12;3-9;10-16;10-14;10-16;8-14;13-17;12-16;13-17;12-16;15-20;8-12;7-13;10-14
;Gabriel Carioca;BRA;EC Bahia;MO (DE);31/12/2028;2/12/2024;-;-;-;-;18;MO (DE);Pé Preferido Desconhecido;Brasil;1,74 m;Rio de Janeiro;28/2/2007;MO (E);Abaixo da Média;;-;;;2000272715;-;-;-;3-10;-;-;-;-;-;4-13;5-13;11-18;2-9;-;-;-;8-14;-;-;-;12-19;5-12;-;-;-;-;-;-;-;-;-;-;-;-;-;-;-;-;-;-;-
;Gabriel Delfim;BRA;Atlético Mineiro;GR;31/12/2029;27/4/2025;9-13;7-11;8-12;9-15;23;GR;Pé Direito;Brasil;1,91 m;Minas Gerais;10/7/2002;GR;Acima da Média;;Portuguesa Santista;;;2000029408;3-9;1-4;1-3;9-13;1-3;1-7;1-5;2-6;5-9;5-11;1-3;1-5;2-6;1-4;4-10;1-6;10-14;13-17;12-16;6-10;11-15;11-15;3-9;5-9;10-14;6-10;1-5;10-14;1-3;11-17;8-14;6-10;6-12;8-12;7-13;11-15;9-13;5-9;13-17;8-14;9-13
;Gabriel Faggioni;BRA;Mirassol;MD, M (C);9/4/2026;30/12/2024;-;-;-;-;18;MD, M (C);Pé Preferido Desconhecido;Brasil;1,75 m;São Paulo;24/2/2007;MD;Média;;-;Itália;;2000323755;-;7-14;-;9-15;-;-;8-15;-;-;8-16;-;-;-;-;1-9;-;-;-;-;-;-;-;10-17;3-10;-;-;-;-;1-7;-;-;-;-;-;-;-;-;-;-;-;-
;Gabriel Feitosa;BRA;Athletico-PR;MD, M (C);31/12/2028;1/6/2024;-;-;-;-;18;MD, M (C);Pé Preferido Desconhecido;Brasil;1,72 m;;20/1/2007;MD;Alta;;-;;;2000272690;-;10-17;-;8-17;-;-;4-12;-;-;7-13;-;-;-;-;4-10;-;-;-;-;-;-;-;9-17;11-18;-;-;-;-;6-12;-;-;-;-;-;-;-;-;-;-;-;-
;Gabriel Gorgulho;BRA;Fluminense;D (C);31/12/2028;5/3/2025;-;-;-;-;18;D (C);Pé Preferido Desconhecido;Brasil;1,83 m;São Paulo;5/3/2007;D (C);Acima da Média;;-;;;2000273244;-;11-17;-;-;3-10;-;-;10-16;-;8-17;-;-;-;-;9-18;-;-;-;5-12;-;-;-;-;-;9-15;-;-;-;-;10-19;-;-;-;-;-;-;-;-;-;-;-
;Gabriel Grando;BRA;Grêmio;GR;31/12/2029;29/12/2025;11-15;8-14;11-15;9-13;25;GR;Pé Direito;Brasil;1,92 m;Santa Catarina;29/3/2000;GR;Abaixo da Média;;-;Itália;;19382548;6-10;3-7;1-7;4-10;1-4;1-4;1-5;7-11;2-6;5-9;1-3;1-7;1-4;1-5;11-15;8-12;11-15;10-16;15-19;6-10;12-18;7-13;7-11;9-13;9-13;13-17;1-5;10-16;1-5;12-16;9-13;10-14;10-14;11-17;13-17;10-14;9-15;11-15;9-15;9-13;15-19
;Gabriel Ibson;BRA;Coritiba;D (C);31/12/2027;25/2/2025;-;-;-;-;17;D (C);Pé Preferido Desconhecido;Brasil;1,86 m;;25/3/2008;D (C);Abaixo da Média;;PSTC;;;2000437291;-;11-20;-;-;9-17;-;-;8-18;-;9-17;-;-;-;-;10-18;-;-;-;7-15;-;-;-;-;-;5-15;-;-;-;-;10-18;-;-;-;-;-;-;-;-;-;-;-
;Gabriel Justino;BRA;Botafogo;D (C), MD, M (C);30/11/2028;30/12/2024;-;-;-;-;19;D (C), MD, M (C);Pé Preferido Desconhecido;Brasil;1,84 m;Rio de Janeiro;16/4/2006;MD;Abaixo da Média;;-;;;2000219162;-;11-18;-;-;11-17;-;-;11-18;-;6-12;-;-;-;-;6-12;-;-;-;8-14;-;-;-;-;-;7-14;-;-;-;-;7-13;-;-;-;-;-;-;-;-;-;-;-
;Gabriel Lara;BRA;SC Internacional;D (C);31/12/2027;1/7/2024;-;-;-;-;18;D (C);Pé Preferido Desconhecido;Brasil;1,85 m;Mato Grosso;12/1/2007;D (C);Acima da Média;;-;;;2000498947;-;9-15;-;-;11-20;-;-;9-15;-;1-8;-;-;-;-;1-5;-;-;-;9-18;-;-;-;-;-;9-17;-;-;-;-;1-6;-;-;-;-;-;-;-;-;-;-;-
;Gabriel Leite;BRA;Coritiba;GR;31/12/2026;29/12/2025;11-15;9-13;6-12;9-13;38;GR;Somente Pé Direito;Brasil;1,87 m;Paraná;28/12/1987;GR;Alta;;Bangu;;;19032552;1-7;-;-;-;-;-;-;-;-;2-6;-;-;-;-;8-12;5-11;4-10;12-16;14-18;4-8;13-17;5-9;6-12;-;11-15;5-11;1-5;3-7;-;7-11;11-17;12-16;8-12;10-14;6-12;12-16;11-15;10-14;12-16;8-12;3-9
;Gabriel Lopes;BRA;RB Bragantino;M/MO (C);31/12/2028;2/9/2024;-;-;-;-;19;M/MO (C);Pé Preferido Desconhecido;Brasil;1,70 m;Minas Gerais;12/7/2006;MO (C);Abaixo da Média;;-;;;2000218038;5-14;-;-;12-19;-;-;1-10;-;-;11-20;6-12;-;-;-;-;-;-;-;-;-;-;-;-;10-16;-;-;-;-;5-12;-;-;-;8-17;-;-;-;-;-;-;-;-
;Gabriel Mec;BRA;Grêmio;MO (DEC);10/10/2027;10/10/2024;7-12;5-11;1-6;1-9;17;MO (DEC);Pé Direito;Brasil;1,73 m;Rio de Janeiro;11/4/2008;MO (E);Abaixo da Média;;-;;;2000385385;7-15;3-8;7-13;13-19;1-5;3-11;4-12;3-8;4-9;10-18;7-12;10-16;10-16;1-6;3-11;6-14;11-16;11-17;1-7;5-10;10-16;13-19;6-14;10-15;7-12;10-15;9-15;5-11;8-14;12-20;6-14;4-10;8-16;7-13;1-5;1-4;1-5;1-2;2-8;1-8;1-4
;Gabriel Menegon;BRA;Grêmio;GR;2/10/2028;2/10/2025;-;-;4-14;6-14;17;GR;Pé Preferido Desconhecido;Brasil;1,97 m;;14/10/2008;GR;Abaixo da Média;;-;;;2000491985;-;-;-;-;-;-;-;-;-;-;-;-;-;-;-;-;-;-;-;-;-;-;-;-;-;-;-;-;-;-;-;-;-;-;5-15;10-16;6-12;-;7-15;-;3-13
;Gabriel Menino;BRA;Santos;MD, M (DC);31/12/2028;8/1/2025;10-14;12-16;2-6;1-5;25;MD, M (DC);Pé Direito;Brasil;1,77 m;São Paulo;29/9/2000;M (C);Alta;Atlético Mineiro;Palmeiras;;;19333767;10-16;10-14;8-12;14-18;9-13;7-13;10-16;8-12;10-14;13-19;7-11;11-15;12-16;8-12;10-16;8-14;11-15;12-16;5-9;10-14;11-15;13-17;7-13;11-15;10-14;9-13;10-14;8-12;8-12;8-14;7-13;6-10;9-15;10-14;1-5;1-4;1-4;1;3-7;1-6;1-4
;Gabriel Novaes;BRA;RB Bragantino;MO (E), PL (C);1/5/2026;3/5/2021;9-13;5-11;3-7;2-6;26;MO (E), PL (C);Pé Direito;Brasil;1,82 m;São Paulo;5/4/1999;MO (E);Abaixo da Média;;São Paulo;;;19301645;10-14;7-11;10-16;7-13;5-9;3-7;10-14;14-18;2-6;10-14;10-14;9-15;3-9;3-7;11-15;8-12;14-18;10-16;10-14;9-13;9-15;9-15;10-14;9-13;3-7;9-13;12-18;2-8;9-13;14-18;8-12;7-11;12-16;9-15;1-3;1;1-5;1-3;1-4;1-4;3-7
;Gabriel Paulista;BRA;Corinthians;D (C);31/12/2027;1/7/2025;12-16;13-19;4-8;1-5;35;D (C);Pé Direito;Brasil;1,85 m;São Paulo;26/11/1990;D (C);Muito Alta;;Corinthians;Espanha;;19127830;11-15;15-19;4-10;8-14;13-17;8-12;8-12;14-18;3-7;9-13;4-8;7-13;4-10;3-7;13-17;12-16;10-14;6-12;12-16;9-13;9-15;7-13;15-19;11-15;10-14;15-19;8-14;12-18;4-8;15-19;10-14;12-16;10-14;13-19;1-3;1-4;1-7;1-5;1-5;1-5;3-7
;Gabriel Pires;BRA;Mirassol;MD, M/MO (C);31/12/2026;1/7/2025;12-16;14-20;1-3;1-4;32;MD, M/MO (C);Pé Esquerdo;Brasil;1,87 m;Rio de Janeiro;18/9/1993;M (C);Alta;;Portuguesa;Portugal;;19153477;13-17;12-16;7-11;13-19;7-13;7-11;11-15;10-14;13-17;12-16;10-14;9-13;10-16;8-14;12-16;8-12;9-13;10-16;8-14;15-19;6-10;8-14;8-12;13-17;11-15;11-15;7-11;11-17;10-16;12-16;6-10;4-10;11-15;11-15;2-6;1-5;1-3;1-5;1-7;1-4;2-6
;Gabriel Poveda;BRA;Remo;PL (C);31/12/2028;1/12/2025;6-12;9-13;1-5;4-8;27;PL (C);Pé Direito;Brasil;1,83 m;São Paulo;7/7/1998;PL (C);Abaixo da Média;Primavera;Vila Nova;;;19306964;7-11;4-10;15-19;10-14;2-6;5-9;5-9;11-17;7-13;12-16;11-17;10-14;8-12;6-10;12-16;8-12;10-16;11-15;11-15;7-13;10-14;10-14;8-12;7-13;6-12;6-12;9-13;9-13;9-13;13-17;7-11;8-12;13-17;11-15;1;1-3;1-3;1-4;1-5;1-5;1-7
;Gabriel Renan;BRA;Fluminense;M/MO (C);31/12/2028;17/11/2025;-;-;-;-;18;M/MO (C);Pé Preferido Desconhecido;Brasil;1,71 m;;5/7/2007;M (C);Acima da Média;;-;;;2000379895;-;1-8;-;8-14;-;-;10-17;-;-;5-13;-;-;-;-;4-12;-;-;-;-;-;-;-;12-19;7-14;-;-;-;-;3-9;-;-;-;-;-;-;-;-;-;-;-;-
;Gabriel Rodrigues;BRA;Mirassol;D (E);30/6/2026;14/6/2024;-;-;-;-;18;D (E);Pé Preferido Desconhecido;Brasil;1,75 m;;23/8/2007;D (E);Acima da Média;;-;;;2000520449;-;14-20;-;-;7-13;-;-;-;-;7-13;-;-;6-15;-;2-8;-;12-19;-;-;-;-;4-13;-;-;3-10;-;-;-;-;-;-;-;-;-;-;-;-;-;-;-;-
;Gabriel Schemes;BRA;Mirassol;MO (DE);26/3/2027;27/3/2024;-;-;-;-;18;MO (DE);Pé Preferido Desconhecido;Brasil;1,79 m;;11/6/2007;MO (D);Acima da Média;;-;;;2000520452;-;-;-;3-10;-;-;-;-;-;5-14;8-16;13-20;4-11;-;-;-;9-15;-;-;-;11-18;6-13;-;-;-;-;-;-;-;-;-;-;-;-;-;-;-;-;-;-;-
;Gabriel Taliari;BRA;Remo;MO (DC), PL (C);31/12/2028;29/12/2025;11-15;10-14;1-3;1-7;28;MO (DC), PL (C);Pé Direito;Brasil;1,77 m;Minas Gerais;13/4/1997;MO (C);Alta;;Juventude;;;19264778;9-15;6-10;11-15;12-16;3-7;4-10;8-14;9-13;8-12;11-17;11-15;10-14;10-14;7-11;8-14;9-15;10-14;14-18;4-8;11-15;11-15;13-17;9-15;10-14;10-14;12-16;12-16;9-13;10-14;10-16;9-15;10-14;10-16;10-14;1-5;1-5;1-3;1;2-6;1-6;1-4
;Gabriel Vasconcelos;BRA;Vitória;GR;31/12/2028;13/1/2025;10-14;9-13;10-16;11-15;33;GR;Somente Pé Direito;Brasil;1,94 m;Minas Gerais;27/9/1992;GR;Baixo;;Coritiba;;;19122782;6-12;1-3;1-3;6-10;1-5;4-8;1-5;1-5;1-3;4-8;1-3;1-3;1-3;1-5;11-15;13-19;9-15;12-16;16-20;12-16;12-16;9-13;7-13;4-10;10-14;4-10;1-3;8-12;2-6;8-12;9-15;12-16;8-12;11-15;11-17;14-18;13-17;12-16;12-16;9-13;9-15
;Gabriel Veneno;BRA;Atlético Mineiro;MO (D);16/7/2028;16/7/2025;-;-;-;-;16;MO (D);Pé Preferido Desconhecido;Brasil;1,67 m;Bahia;16/7/2009;MO (D);Abaixo da Média;;Santos;;;2000475982;-;-;-;1-11;-;-;-;-;-;6-12;1-8;10-20;1-11;-;-;-;12-20;-;-;-;9-19;4-14;-;-;-;-;-;-;-;-;-;-;-;-;-;-;-;-;-;-;-
;Gabriel Vinícius;BRA;SC Internacional;MO (C);31/7/2028;1/8/2025;-;-;-;-;17;MO (C);Pé Preferido Desconhecido;Brasil;1,69 m;São Paulo;23/4/2008;MO (C);Média;;-;;;2000379530;8-16;-;-;2-12;-;-;3-11;-;-;9-15;1-7;-;-;-;-;-;-;-;-;-;-;-;-;6-14;-;-;-;-;9-15;-;-;-;1-5;-;-;-;-;-;-;-;-
;Gabriel Werneck;BRA;Flamengo;GR;31/7/2028;11/8/2025;-;-;3-9;3-13;16;GR;Pé Preferido Desconhecido;Brasil;1,85 m;;14/2/2009;GR;Acima da Média;;-;;;2000525856;-;-;-;-;-;-;-;-;-;-;-;-;-;-;-;-;-;-;-;-;-;-;-;-;-;-;-;-;-;-;-;-;-;-;1-11;8-14;7-15;-;9-17;-;5-11
;Gabriel Xavier;BRA;EC Bahia;D (C);31/12/2029;15/1/2025;14;13;1;1;24;D (C);Pé Direito;Brasil;1,90 m;São Paulo;6/5/2001;D (C);Abaixo da Média;;Mirassol;;;83335593;11;15;8;11;13;7;8;15;5;11;7;7;7;5;15;15;12;14;15;11;10;11;13;8;13;13;9;9;9;13;12;13;12;12;3;3;3;2;3;2;2
;Gael;BFA;Athletico-PR;MD;1/6/2027;1/6/2025;-;-;-;-;19;MD;Pé Preferido Desconhecido;Burkina Fasso;1,79 m;;12/11/2006;MD;Média;;-;;S-20;2000500050;-;6-15;-;8-16;-;-;7-16;-;-;5-12;-;-;-;-;1-8;-;-;-;-;-;-;-;11-20;5-14;-;-;-;-;6-13;-;-;-;-;-;-;-;-;-;-;-;-
;Antonio Galeano;PAR;Mirassol;M (D), MO (DE);31/12/2027;29/12/2025;11-15;8-14;1-5;1-5;25;M (D), MO (DE);Pé Direito;Paraguai;1,69 m;Western Paraguay;22/3/2000;MO (D);Acima da Média;;Rubio Ñu;;A;79030409;10-14;7-11;4-8;9-15;5-11;8-12;7-11;7-11;11-15;11-15;9-13;9-13;11-17;8-14;7-11;12-16;11-15;10-16;1-7;7-11;11-15;13-19;12-16;7-11;9-13;12-16;9-13;5-11;8-14;6-10;7-11;7-13;7-11;5-9;2-6;1-5;1-2;1-5;2-8;1-3;1-3
;Ganso;BRA;Fluminense;M/MO (C);31/12/2026;6/6/2025;6-12;10-14;1-6;2-6;36;M/MO (C);Pé Esquerdo;Brasil;1,84 m;Pará;12/10/1989;MO (C);Muito Alta;;Sevilla;;;19028171;13-17;5-11;10-14;14-18;5-9;8-12;10-14;6-12;9-15;16-20;7-13;14-18;12-16;11-15;10-14;6-10;8-14;7-11;8-12;8-14;9-13;8-12;6-10;16-20;2-8;11-17;10-14;10-14;14-18;7-11;9-13;10-14;13-17;11-15;1-4;1-4;1-5;1-4;1-3;2-6;1-6
;Garcez;BRA;Chapecoense;MO (DE);31/12/2028;29/12/2025;12-16;6-12;1-3;2-6;28;MO (DE);Pé Direito;Brasil;1,84 m;Maranhão;16/3/1997;MO (E);Acima da Média;;Avaí;;;2000030782;9-13;3-7;7-11;10-16;1-6;2-6;8-12;11-15;5-9;8-12;13-17;8-12;9-15;1-7;10-14;10-14;13-17;11-17;9-15;14-18;8-12;12-18;11-15;9-13;6-10;11-15;9-13;8-14;9-15;11-15;10-14;6-12;10-14;9-13;1-4;2-6;1-3;1-3;1-5;1-4;1-5
;Alejandro García;COL;Athletico-PR;M/MO (C);31/12/2028;29/12/2025;10-14;6-12;1-3;1-4;24;M/MO (C);Pé Direito;Colômbia;1,85 m;Andina;28/2/2001;MO (C);Abaixo da Média;;Once Caldas DAF;;;76051058;11-15;5-9;1-2;11-17;4-10;7-11;8-12;8-12;11-15;10-14;10-14;8-12;9-15;6-12;9-13;10-14;11-15;10-16;8-14;12-16;9-13;11-17;9-13;11-15;10-14;10-14;9-13;2-8;8-14;10-14;10-14;7-13;9-13;8-12;1-3;3-7;1-3;1-3;1-6;1-5;2-6
;Rodrigo Garro;ARG;Corinthians;M (DC), MO (C);31/12/2028;5/1/2024;10-14;10-14;1-5;1-7;27;M (DC), MO (C);Pé Esquerdo;Argentina;1,74 m;La Pampa;4/1/1998;MO (C);Muito Alta;;Talleres;Itália;;14208032;12-18;5-9;11-15;17-20;3-7;5-11;11-17;7-11;13-17;14-20;10-14;10-14;13-17;11-15;10-16;10-16;11-15;11-15;4-8;12-16;11-15;13-17;9-15;14-18;9-13;10-14;11-15;6-10;10-14;13-19;11-17;8-12;11-17;9-13;1-3;1-5;1-5;1-3;2-6;1-7;2-6
;Gean;BRA;Vitória;D/DA (D);31/12/2027;1/1/2024;-;-;-;-;18;D/DA (D);Pé Preferido Desconhecido;Brasil;1,76 m;Bahia;11/6/2007;D (D);Abaixo da Média;;-;;;2000440215;-;10-18;-;-;7-16;-;-;-;-;9-15;-;-;9-18;-;2-8;-;8-16;-;-;-;-;10-19;-;-;8-15;-;-;-;-;-;-;-;-;-;-;-;-;-;-;-;-
;Georgemy;BRA;Mirassol;GR;31/12/2026;1/7/2025;10-16;8-12;7-11;8-12;30;GR;Pé Direito;Brasil;1,97 m;São Paulo;15/8/1995;GR;Abaixo da Média;;Caxias;Itália;;19210609;7-11;1-3;1-3;6-10;1-4;1-5;2-6;1-3;3-9;5-9;1-5;1-5;1-4;1-5;11-15;11-15;5-9;11-15;16-20;10-16;8-14;7-11;10-14;4-8;10-16;8-12;1-5;8-12;1-5;11-15;11-15;9-13;8-12;7-13;10-14;11-17;7-13;10-14;11-15;9-13;12-16
;Gerald;BRA;EC Bahia;D (C);31/12/2028;1/4/2024;-;-;-;-;18;D (C);Pé Preferido Desconhecido;Brasil;1,92 m;Bahia;1/11/2007;D (C);Média;;-;;;2000335144;-;4-11;-;-;5-11;-;-;5-12;-;3-11;-;-;-;-;4-12;-;-;-;8-14;-;-;-;-;-;9-18;-;-;-;-;12-20;-;-;-;-;-;-;-;-;-;-;-
;Germano;BRA;Flamengo;D (E);31/1/2027;1/9/2023;-;-;-;-;19;D (E);Pé Preferido Desconhecido;Brasil;1,83 m;Mato Grosso;26/2/2006;D (E);Alta;;-;;;2000443495;-;9-17;-;-;1-10;-;-;-;-;9-15;-;-;10-19;-;6-12;-;6-14;-;-;-;-;6-15;-;-;6-13;-;-;-;-;-;-;-;-;-;-;-;-;-;-;-;-
;Gérson;BRA;Cruzeiro;M/MO (DC);31/12/2030;29/12/2025;11-17;6-10;1;1-3;28;M/MO (DC);Pé Esquerdo;Brasil;1,83 m;Rio de Janeiro;20/5/1997;M (C);Média;;Zenit;;;19217413;16-20;8-12;8-14;14-18;9-13;2-6;13-17;2-6;10-16;14-18;9-15;11-17;10-14;10-14;11-15;13-17;9-13;14-18;8-12;11-17;8-14;11-15;13-17;10-14;11-17;6-10;9-15;15-19;14-18;13-17;13-17;10-14;11-15;10-16;2-6;1-7;1-3;1-3;1-3;1-5;1-3
;Agustín Giay;ARG;Palmeiras;D/DA (D);30/9/2030;2/10/2025;15-19;11-17;1-5;1-3;21;D/DA (D);Pé Direito;Argentina;1,80 m;Santa Fe;16/1/2004;D (D);Acima da Média;;San Lorenzo;;;2000044680;11-15;12-16;4-8;11-17;9-15;11-15;6-10;7-11;6-10;10-14;9-13;8-12;8-14;4-10;12-16;11-15;11-15;13-19;5-11;13-17;10-14;11-17;12-16;9-13;12-16;12-16;7-11;4-10;7-13;11-15;9-13;8-14;9-13;7-11;1-3;1-5;1-2;1-3;1-7;1-3;1-3
;Gil;BRA;Vitória;MO (DEC);31/12/2027;1/1/2025;-;-;-;-;17;MO (DEC);Pé Preferido Desconhecido;Brasil;1,74 m;Bahia;2/5/2008;MO (D);Abaixo da Média;;-;;;2000501208;-;-;-;10-20;-;-;-;-;-;10-16;6-14;4-12;5-15;-;-;-;8-16;-;-;-;4-12;10-20;-;-;-;-;-;-;-;-;-;-;-;-;-;-;-;-;-;-;-
;Gilberto;BRA;Athletico-PR;D/DA/M (D);31/12/2027;25/4/2025;-;-;-;-;20;D/DA/M (D);Pé Preferido Desconhecido;Brasil;1,64 m;São Paulo;27/3/2005;D (D);Alta;Palmeiras;-;;;2000246376;-;-;-;4-10;-;-;-;-;-;9-16;1-6;10-16;7-13;-;-;-;10-19;-;-;-;13-19;9-15;-;-;-;-;-;-;-;-;-;-;-;-;-;-;-;-;-;-;-
;Gilberto;BRA;EC Bahia;D/DA (D);30/6/2026;4/7/2023;16-20;13-17;1-3;1-5;32;D/DA (D);Pé Direito;Brasil;1,81 m;Rio de Janeiro;7/3/1993;D (D);Abaixo da Média;;Benfica;;;19171411;9-13;12-16;7-11;8-12;11-17;10-16;9-13;8-12;6-10;8-14;9-13;10-14;9-13;8-14;9-15;12-16;11-15;12-16;10-16;13-17;11-15;8-12;14-18;10-14;10-14;14-18;15-19;10-14;10-16;12-18;10-14;8-14;8-14;14-18;1-4;1-4;4-8;1-7;1-2;1-3;1-3
;Giovanni Augusto;BRA;Chapecoense;M (C), MO (EC);31/12/2027;29/4/2025;3-7;8-14;2-6;1-3;36;M (C), MO (EC);Pé Direito;Brasil;1,75 m;Pará;5/9/1989;MO (C);Acima da Média;;Portuguesa;;;19073767;12-16;8-12;10-16;9-15;7-11;3-7;11-15;11-15;6-10;11-15;8-12;11-17;9-15;12-16;10-14;9-13;11-15;6-12;6-10;7-11;10-16;8-14;10-14;13-17;6-10;11-15;11-17;9-15;11-15;8-12;10-14;9-13;7-11;10-16;1-3;1-3;1-6;1-4;1-3;1-5;2-6
;Giovanni Pavani;BRA;Remo;MD, M/MO (C);31/12/2027;29/12/2025;9-13;9-13;1-3;1-7;29;MD, M/MO (C);Pé Direito;Brasil;1,78 m;São Paulo;22/11/1996;M (C);Acima da Média;;Linense (SP);;;2000026616;8-14;6-10;10-14;11-15;4-8;5-11;6-12;6-10;9-13;9-15;12-16;9-13;11-15;5-9;6-12;6-12;11-15;10-14;5-9;9-13;10-14;13-17;10-16;9-13;7-11;8-12;8-12;13-17;9-13;3-9;11-17;6-10;11-17;11-15;1-4;1-5;1-5;1;1-5;1-6;1-3
;Nicolás Girón;COL;Corinthians;MO (D);31/12/2028;29/12/2025;-;-;-;-;18;MO (D);Pé Preferido Desconhecido;Colômbia;1,72 m;;1/7/2007;MO (D);Média;Univ. Católica;-;Chile;;2000515866;-;-;-;4-13;-;-;-;-;-;8-14;2-9;10-19;4-13;-;-;-;12-19;-;-;-;9-18;7-16;-;-;-;-;-;-;-;-;-;-;-;-;-;-;-;-;-;-;-
;Gleidson Lima;BRA;Chapecoense;MO (E), PL (C);31/12/2027;16/9/2024;-;-;-;-;18;MO (E), PL (C);Pé Preferido Desconhecido;Brasil;1,81 m;Bahia;13/4/2007;PL (C);Acima da Média;;Vitória;;;2000520303;-;-;-;4-10;-;-;-;7-16;-;12-19;7-16;-;-;-;5-12;-;10-19;-;7-15;-;-;7-13;-;-;-;-;-;-;-;-;-;-;-;-;-;-;-;-;-;-;-
;Godoy;BRA;Chapecoense;MD, M (C);31/12/2027;11/11/2025;-;-;-;-;18;MD, M (C);Pé Preferido Desconhecido;Brasil;1,75 m;;6/6/2007;MD;Abaixo da Média;;-;;;2000520429;-;11-17;-;13-20;-;-;5-14;-;-;11-20;-;-;-;-;2-11;-;-;-;-;-;-;-;3-12;5-11;-;-;-;-;1-5;-;-;-;-;-;-;-;-;-;-;-;-
;Andrés Gómez;COL;Vasco da Gama;MO (DE);31/12/2029;29/12/2025;9;8;1;1;23;MO (DE);Pé Direito;Colômbia;1,75 m;Pacífica;22/9/2002;MO (E);Abaixo da Média;;Rennes;;A;2000148761;14;7;10;12;6;9;12;7;12;12;12;15;14;10;10;12;15;13;8;12;13;15;12;11;7;11;12;7;14;14;12;12;12;12;1;1;2;3;2;2;4
;Gustavo Gómez;PAR;Palmeiras;D (C);31/12/2027;29/12/2025;15-19;13-17;1-6;1-2;32;D (C);Pé Direito;Paraguai;1,85 m;Southern Paraguay;6/5/1993;D (C);Abaixo da Média;;Milan;;A;79010306;9-15;11-17;11-15;9-13;15-19;7-11;4-10;11-17;5-9;7-11;5-9;6-10;7-11;5-9;12-16;18-20;8-14;18-20;14-18;11-15;9-13;9-13;14-20;6-12;14-18;12-18;6-10;15-19;5-9;12-16;11-17;13-17;9-13;14-18;1-5;1-4;1-5;1-5;1-4;1-2;1-4
;Román Gómez;ARG;EC Bahia;D (D);31/12/2030;29/12/2025;11-15;8-12;1-4;1-5;21;D (D);Pé Direito;Argentina;1,81 m;Buenos Aires;14/7/2004;D (D);Acima da Média;;Estudiantes de La Plata;;;2000241159;10-14;12-16;8-12;8-12;11-17;5-11;9-13;10-14;2-6;7-13;8-12;13-17;6-10;6-12;7-13;8-12;9-13;7-11;6-12;14-18;11-15;8-12;12-16;11-15;9-13;13-17;12-16;4-8;11-17;8-14;9-13;10-16;8-14;12-16;1-4;1-5;1-5;1-7;1-2;1-5;1-5
;Ryan Gomez;PAN;Grêmio;MO (E), PL (C);30/6/2028;1/1/2025;-;-;-;-;19;MO (E), PL (C);Pé Preferido Desconhecido;Panamá;1,82 m;;4/1/2006;MO (E);Média;CA Independiente;-;;;2000469127;-;-;-;1-8;-;-;-;-;-;8-14;6-13;10-19;1-10;-;-;-;13-20;-;-;-;11-20;6-15;-;-;-;-;-;-;-;-;-;-;-;-;-;-;-;-;-;-;-
;Sebastián Gómez;COL;Coritiba;MD, M (C);31/12/2028;24/12/2025;12-18;9-13;1-3;1-5;29;MD, M (C);Pé Esquerdo;Colômbia;1,72 m;Andina;3/6/1996;MD;Alta;;Atlético Nacional;;;76046577;13-17;9-13;6-12;12-16;10-14;2-6;11-15;4-8;8-14;11-15;8-14;7-13;6-10;5-9;11-15;14-18;8-12;11-15;5-9;11-17;8-14;10-14;13-17;10-14;12-18;10-14;6-12;12-16;8-12;10-14;13-17;9-13;10-14;8-14;1-5;1-7;1-4;1-5;1-4;1-4;1-4
;Edgar González;PAR;RB Bragantino;D (C);31/1/2029;1/1/2025;-;-;-;-;18;D (C);Pé Preferido Desconhecido;Paraguai;1,86 m;;10/4/2007;D (C);Média;Cerro Porteño;-;;S-20;2000494551;-;6-13;-;-;8-14;-;-;5-12;-;3-11;-;-;-;-;2-10;-;-;-;6-12;-;-;-;-;-;11-20;-;-;-;-;11-19;-;-;-;-;-;-;-;-;-;-;-
;Guga;BRA;Fluminense;D/DA (D);31/12/2029;18/9/2025;7-13;9-13;1-7;3-7;27;D/DA (D);Pé Direito;Brasil;1,74 m;Rio de Janeiro;29/8/1998;D (D);Baixo;;Atlético Mineiro;Portugal;;19266494;9-13;11-17;10-14;11-15;10-14;13-17;7-11;7-13;8-14;13-17;5-11;10-14;11-15;10-14;8-12;10-14;11-17;12-16;4-8;10-16;11-15;11-15;8-12;10-16;7-13;11-17;11-15;6-10;9-13;12-16;8-12;9-13;12-16;11-15;1-2;1-4;1-4;1-5;2-6;2-6;1-5
;Gui Amorim;BRA;Corinthians;MO (C);31/7/2027;14/8/2024;-;-;-;-;17;MO (C);Pé Preferido Desconhecido;Brasil;1,82 m;;15/1/2008;MO (C);Abaixo da Média;;-;;;2000484252;10-16;-;-;2-10;-;-;8-14;-;-;3-13;8-16;-;-;-;-;-;-;-;-;-;-;-;-;7-13;-;-;-;-;10-20;-;-;-;1-11;-;-;-;-;-;-;-;-
;Gui Negão;BRA;Corinthians;PL (C);30/8/2030;1/9/2025;-;-;-;-;18;PL (C);Pé Preferido Desconhecido;Brasil;1,89 m;;6/2/2007;PL (C);Acima da Média;;-;;;2000273913;-;-;-;6-13;-;-;-;5-11;-;3-12;8-16;-;-;-;5-14;-;8-14;-;11-20;-;-;4-11;-;-;-;-;-;-;-;-;-;-;-;-;-;-;-;-;-;-;-
;Guilherme Alves;BRA;Athletico-PR;GR;31/12/2027;30/12/2024;-;-;3-11;7-13;18;GR;Pé Preferido Desconhecido;Brasil;1,91 m;;27/10/2007;GR;Média;;SKA Brasil;;;2000378908;-;-;-;-;-;-;-;-;-;-;-;-;-;-;-;-;-;-;-;-;-;-;-;-;-;-;-;-;-;-;-;-;-;-;5-11;12-19;1-6;-;10-19;-;8-16
;Guilherme Arana;BRA;Fluminense;D/DA/M (E);31/12/2029;29/12/2025;12-16;11-17;1-4;1-5;28;D/DA/M (E);Pé Esquerdo;Brasil;1,78 m;São Paulo;14/4/1997;D (E);Alta;;Atlético Mineiro;;;19232508;12-16;10-14;8-12;13-19;9-15;10-14;9-13;6-10;9-13;11-15;10-14;9-13;13-19;9-15;9-13;11-15;11-15;11-17;4-10;12-16;9-13;11-17;12-16;11-15;12-16;13-17;11-15;7-13;9-15;13-17;11-15;8-14;11-15;10-14;1-3;3-7;1;1-4;1-7;1-3;1-4
;Guilherme Back;BRA;Athletico-PR;M/MO (C);31/12/2027;29/12/2025;-;-;-;-;19;M/MO (C);Pé Preferido Desconhecido;Brasil;1,84 m;Santa Catarina;23/9/2006;M (C);Abaixo da Média;;-;;;2000264294;-;2-9;-;9-15;-;-;9-16;-;-;7-15;-;-;-;-;3-11;-;-;-;-;-;-;-;11-18;4-11;-;-;-;-;5-11;-;-;-;-;-;-;-;-;-;-;-;-
;Guilherme Barbosa;BRA;Flamengo;MO (C);24/8/2028;1/9/2025;-;-;-;-;18;MO (C);Pé Preferido Desconhecido;Brasil;1,71 m;Rio de Janeiro;8/1/2007;MO (C);Abaixo da Média;;SC Internacional;;;2000379528;13-20;-;-;11-17;-;-;12-19;-;-;6-14;6-15;-;-;-;-;-;-;-;-;-;-;-;-;1-7;-;-;-;-;9-15;-;-;-;3-11;-;-;-;-;-;-;-;-
;Guilherme Batista;BRA;São Paulo;M (DC);31/12/2027;9/4/2025;-;-;-;-;19;M (DC);Pé Preferido Desconhecido;Brasil;1,79 m;São Paulo;20/3/2006;M (C);Alta;;-;;;2000218543;-;7-13;-;5-12;-;-;8-14;-;-;3-12;-;-;-;-;4-13;-;-;-;-;-;-;-;12-18;4-10;-;-;-;-;5-14;-;-;-;-;-;-;-;-;-;-;-;-
;Guilherme Brito;BRA;São Paulo;D/DA (D);31/12/2028;1/9/2025;-;-;-;-;18;D/DA (D);Pé Preferido Desconhecido;Brasil;1,74 m;;19/1/2007;D (D);Acima da Média;;Flamengo;;;2000443437;-;9-18;-;-;2-10;-;-;-;-;9-16;-;-;8-14;-;5-12;-;12-20;-;-;-;-;10-16;-;-;1-8;-;-;-;-;-;-;-;-;-;-;-;-;-;-;-;-
;Guilherme Calci;BRA;São Paulo;MO (DE);30/4/2028;1/6/2025;-;-;-;-;17;MO (DE);Pé Preferido Desconhecido;Brasil;1,70 m;Espírito Santo;3/1/2008;MO (D);Média;;-;;;2000520244;-;-;-;10-16;-;-;-;-;-;4-12;12-20;2-12;9-15;-;-;-;3-11;-;-;-;3-13;10-16;-;-;-;-;-;-;-;-;-;-;-;-;-;-;-;-;-;-;-
;Guilherme Caraguá;BRA;Corinthians;MD;31/12/2028;28/7/2025;-;-;-;-;18;MD;Pé Preferido Desconhecido;Brasil;1,70 m;;27/1/2007;MD;Abaixo da Média;;-;;;2000379966;-;11-20;-;9-15;-;-;1-8;-;-;13-20;-;-;-;-;2-9;-;-;-;-;-;-;-;3-10;9-18;-;-;-;-;1-9;-;-;-;-;-;-;-;-;-;-;-;-
;Guilherme Costa;BRA;RB Bragantino;D/DA/M/MO (E);31/1/2028;29/12/2025;-;-;-;-;18;D/DA/M/MO (E);Pé Preferido Desconhecido;Brasil;1,80 m;;15/2/2007;DA (E);Abaixo da Média;;Novorizontino;;;2000492646;-;-;-;14-20;-;-;-;-;-;8-17;6-12;5-13;11-18;-;-;-;11-17;-;-;-;5-13;14-20;-;-;-;-;-;-;-;-;-;-;-;-;-;-;-;-;-;-;-
;Guilherme Cruz;BRA;Santos;D/DA (D);27/11/2027;28/11/2024;-;-;-;-;17;D/DA (D);Pé Preferido Desconhecido;Brasil;1,75 m;;7/5/2008;D (D);Média;;-;;;2000379985;-;14-20;-;-;6-12;-;-;-;-;6-12;-;-;4-14;-;4-10;-;12-20;-;-;-;-;5-15;-;-;1-8;-;-;-;-;-;-;-;-;-;-;-;-;-;-;-;-
For;Guilherme Gama;BRA;Athletico-PR;D (C);31/12/2026;29/12/2025;-;-;-;-;17;D (C);Pé Preferido Desconhecido;Brasil;1,78 m;;1/6/2008;D (C);Média;;Corinthians;;;2000480665;-;5-15;-;-;13-20;-;-;5-15;-;1-4;-;-;-;-;1-6;-;-;-;7-15;-;-;-;-;-;11-17;-;-;-;-;2-10;-;-;-;-;-;-;-;-;-;-;-
;Guilherme Gomes;BRA;Flamengo;MO (C);31/12/2028;1/7/2023;-;-;-;-;19;MO (C);Pé Preferido Desconhecido;Brasil;1,80 m;Paraná;2/2/2006;MO (C);Acima da Média;;-;;;2000337350;6-13;-;-;8-14;-;-;3-10;-;-;14-20;7-16;-;-;-;-;-;-;-;-;-;-;-;-;8-17;-;-;-;-;8-16;-;-;-;8-15;-;-;-;-;-;-;-;-
;Guilherme Inácio;BRA;Vitória;D (C);31/12/2027;1/1/2025;-;-;-;-;17;D (C);Pé Preferido Desconhecido;Brasil;1,92 m;Alagoas;14/4/2008;D (C);Média;;-;;;2000501207;-;13-20;-;-;10-16;-;-;11-19;-;3-9;-;-;-;-;4-10;-;-;-;12-18;-;-;-;-;-;3-11;-;-;-;-;5-11;-;-;-;-;-;-;-;-;-;-;-
;Guilherme Lino;BRA;São Paulo;MO (E);31/5/2028;15/7/2025;-;-;-;-;17;MO (E);Pé Preferido Desconhecido;Brasil;1,86 m;;15/3/2008;MO (E);Abaixo da Média;;-;;;2000492536;-;-;-;5-13;-;-;-;-;-;4-12;6-12;7-13;7-15;-;-;-;5-15;-;-;-;7-13;9-17;-;-;-;-;-;-;-;-;-;-;-;-;-;-;-;-;-;-;-
;Guilherme Lira;BRA;Palmeiras;D (C);14/2/2029;29/12/2025;-;-;-;-;16;D (C);Pé Preferido Desconhecido;Brasil;1,80 m;Pernambuco;6/1/2009;D (C);Média;;Sport Recife;;;2000485017;-;13-20;-;-;11-17;-;-;11-19;-;2-8;-;-;-;-;4-10;-;-;-;7-13;-;-;-;-;-;5-13;-;-;-;-;2-8;-;-;-;-;-;-;-;-;-;-;-
;Guilherme Nogueira;BRA;Palmeiras;MD, M (C);26/8/2028;26/8/2025;-;-;-;-;19;MD, M (C);Pé Preferido Desconhecido;Brasil;1,83 m;Alagoas;27/11/2006;M (C);Acima da Média;América FC;RB Bragantino;;;2000275673;-;8-14;-;13-20;-;-;1-10;-;-;11-20;-;-;-;-;4-13;-;-;-;-;-;-;-;5-14;4-10;-;-;-;-;1-5;-;-;-;-;-;-;-;-;-;-;-;-
;Guilherme Pires;BRA;Corinthians;D (E), M (C);31/12/2027;6/3/2024;-;-;-;-;19;D (E), M (C);Pé Preferido Desconhecido;Brasil;1,74 m;;23/1/2006;D (E);Acima da Média;;Botafogo;;;2000532781;-;8-14;-;-;1-5;-;-;-;-;8-17;-;-;9-16;-;6-15;-;10-16;-;-;-;-;12-19;-;-;5-11;-;-;-;-;-;-;-;-;-;-;-;-;-;-;-;-
;Guilherme Reis;BRA;São Paulo;D/DA (E);31/7/2029;1/8/2025;-;-;-;-;19;D/DA (E);Pé Preferido Desconhecido;Brasil;1,73 m;Piauí;10/2/2006;DA (E);Média;;Futebol com Vida;;;2000293243;-;10-17;-;-;5-11;-;-;-;-;5-11;-;-;6-15;-;3-9;-;11-18;-;-;-;-;7-16;-;-;3-10;-;-;-;-;-;-;-;-;-;-;-;-;-;-;-;-
;Guima;BRA;Vasco da Gama;MO (C);31/1/2027;29/12/2025;6;13;2;2;19;MO (C);Pé Direito;Brasil;1,77 m;;16/3/2006;MO (C);Média;;Referência;;;2000441842;11;7;1;14;5;1;10;6;6;12;10;11;6;3;5;9;11;14;11;7;12;11;12;13;6;8;7;7;15;16;7;7;5;8;3;4;1;1;1;2;1
;Gustavo;BRA;Cruzeiro;D/DA (E);31/12/2029;1/5/2024;-;-;-;-;18;D/DA (E);Pé Preferido Desconhecido;Brasil;1,79 m;;17/1/2007;D (E);Abaixo da Média;;-;;;2000381875;-;7-15;-;-;3-12;-;-;-;-;9-15;-;-;8-17;-;6-12;-;8-16;-;-;-;-;10-19;-;-;11-18;-;-;-;-;-;-;-;-;-;-;-;-;-;-;-;-
;Gustavo;BRA;SC Internacional;M (C);31/12/2026;28/8/2024;-;-;-;-;19;M (C);Pé Preferido Desconhecido;Brasil;1,76 m;Santa Catarina;28/8/2006;M (C);Abaixo da Média;Cuiabá;-;;;2000273163;-;7-16;-;11-17;-;-;2-9;-;-;14-20;-;-;-;-;7-14;-;-;-;-;-;-;-;3-10;11-20;-;-;-;-;2-10;-;-;-;-;-;-;-;-;-;-;-;-
;Gustavo;BRA;Corinthians;MO (D);31/12/2027;29/12/2025;-;-;-;-;18;MO (D);Pé Preferido Desconhecido;Brasil;1,73 m;;16/1/2007;MO (D);Acima da Média;;América FC;;;2000378238;-;-;-;8-17;-;-;-;-;-;9-15;7-14;4-11;8-17;-;-;-;8-16;-;-;-;5-12;10-19;-;-;-;-;-;-;-;-;-;-;-;-;-;-;-;-;-;-;-
;Gustavo;BRA;Vasco da Gama;M (C);31/12/2027;29/12/2025;5;10;3;1;19;M (C);Pé Direito;Brasil;1,77 m;;30/8/2006;M (C);Abaixo da Média;;-;;;2000264137;13;9;6;14;9;5;9;7;10;14;6;9;10;10;5;13;10;14;8;8;8;14;9;8;6;8;9;6;11;2;7;8;7;6;2;2;2;4;1;2;1
;Gustavo Felix;BRA;Fluminense;GR;31/12/2028;10/4/2025;-;-;6-15;15-20;18;GR;Pé Preferido Desconhecido;Brasil;1,83 m;;4/4/2007;GR;Acima da Média;;Azuriz;;;2000379894;-;-;-;-;-;-;-;-;-;-;-;-;-;-;-;-;-;-;-;-;-;-;-;-;-;-;-;-;-;-;-;-;-;-;3-10;3-12;5-11;-;7-13;-;8-17
;Gustavo Gomes;BRA;Athletico-PR;MO (C);31/12/2029;1/9/2024;-;-;-;-;17;MO (C);Pé Preferido Desconhecido;Brasil;1,71 m;Distrito Federal;10/1/2008;MO (C);Abaixo da Média;;-;;;2000378921;7-15;-;-;4-14;-;-;7-15;-;-;7-13;4-12;-;-;-;-;-;-;-;-;-;-;-;-;12-20;-;-;-;-;7-13;-;-;-;8-14;-;-;-;-;-;-;-;-
For;Gustavo Guedes;BRA;Athletico-PR;MO (C);31/12/2026;29/12/2025;-;-;-;-;16;MO (C);Pé Preferido Desconhecido;Brasil;1,81 m;;18/1/2009;MO (C);Média;;Ferroviária;;;2000490693;7-15;-;-;4-14;-;-;4-12;-;-;6-12;1-8;-;-;-;-;-;-;-;-;-;-;-;-;13-20;-;-;-;-;7-13;-;-;-;6-12;-;-;-;-;-;-;-;-
;Gustavo Henrique;BRA;Santos;D/DA (D);31/12/2030;19/6/2025;-;-;-;-;20;D/DA (D);Pé Preferido Desconhecido;Brasil;1,74 m;;7/4/2005;D (D);Abaixo da Média;;-;;;2000206870;-;10-17;-;-;9-15;-;-;-;-;7-13;-;-;3-12;-;3-9;-;12-19;-;-;-;-;5-14;-;-;4-11;-;-;-;-;-;-;-;-;-;-;-;-;-;-;-;-
;Gustavo Henrique;BRA;Corinthians;D (C);31/12/2027;15/1/2024;11-17;14-18;1-5;2-6;32;D (C);Pé Direito;Brasil;1,96 m;São Paulo;24/3/1993;D (C);Alta;;Real Valladolid;;;19167576;8-12;10-16;8-12;11-15;12-16;7-11;2-6;12-18;4-10;10-14;5-11;7-11;4-8;1-5;16-20;9-13;10-16;12-16;15-19;10-16;7-11;7-11;5-9;8-14;9-15;9-15;5-9;10-14;6-10;14-18;8-12;12-16;10-14;12-16;1;1-4;2-6;1-4;1-3;2-6;1-6
;Gustavo Marques;BRA;RB Bragantino;D (C);30/6/2029;1/7/2024;11-15;11-17;2-6;1-4;24;D (C);Pé Direito;Brasil;1,92 m;Minas Gerais;9/10/2001;D (C);Abaixo da Média;Benfica;América FC;;;2000132673;7-11;13-17;3-9;5-11;11-15;5-9;4-8;14-18;1-5;6-10;2-6;5-11;3-9;4-8;11-15;10-14;15-19;10-16;12-16;9-13;11-17;9-15;11-15;8-12;8-12;13-17;7-13;7-13;4-8;12-16;11-15;11-15;11-15;12-18;1-5;1-3;1-5;1-4;1-6;1-3;3-7
;Gustavo Martins;BRA;Grêmio;D (DC);31/12/2027;23/5/2024;12-18;11-15;1;1-5;23;D (DC);Pé Direito;Brasil;1,91 m;Rio de Janeiro;11/8/2002;D (C);Abaixo da Média;;-;;;2000083129;10-14;9-13;4-10;10-14;11-15;9-13;6-10;10-14;5-11;10-14;7-13;5-11;7-11;6-10;11-15;13-17;10-14;11-15;14-18;11-17;8-14;11-15;12-16;6-10;11-17;9-13;5-11;8-12;3-7;11-15;12-16;9-13;9-13;9-15;1-5;1-7;1-3;1-5;1-5;1-3;1
;Gustavo Milani;BRA;Corinthians;GR;30/6/2028;1/7/2025;-;-;5-15;9-17;16;GR;Pé Preferido Desconhecido;Brasil;1,96 m;;2/3/2009;GR;Acima da Média;;-;;;2000484241;-;-;-;-;-;-;-;-;-;-;-;-;-;-;-;-;-;-;-;-;-;-;-;-;-;-;-;-;-;-;-;-;-;-;1-7;2-12;7-13;-;8-14;-;7-17
;Gustavo Miranda;BRA;São Paulo;PL (C);30/9/2027;5/11/2025;-;-;-;-;18;PL (C);Pé Preferido Desconhecido;Brasil;1,85 m;São Paulo;16/5/2007;PL (C);Alta;;-;;;2000460061;-;-;-;3-9;-;-;-;5-12;-;8-16;10-19;-;-;-;4-12;-;5-12;-;7-13;-;-;10-16;-;-;-;-;-;-;-;-;-;-;-;-;-;-;-;-;-;-;-
;Gustavo Neves;BRA;RB Bragantino;M (DC), MO (C);31/12/2029;29/12/2025;6-10;7-13;1-5;1-3;21;M (DC), MO (C);Pé Direito;Brasil;1,76 m;Goiás;23/4/2004;MO (C);Média;;Goiás;;;2000157429;11-15;8-12;9-15;10-16;8-12;6-10;8-12;8-12;4-8;11-15;7-11;11-17;6-12;10-14;6-10;11-15;13-17;9-15;5-9;5-9;13-19;9-15;6-10;14-18;7-11;15-19;13-19;4-10;11-15;11-15;11-15;10-14;11-15;10-16;1-3;1;1-5;1-3;1-3;1-5;3-7
;Gustavo Oliveira;BRA;Coritiba;M/MO (C);31/12/2027;29/12/2025;7-13;11-15;2-8;3-7;23;M/MO (C);Pé Direito;Brasil;1,78 m;Maranhão;11/9/2002;MO (C);Abaixo da Média;;Shabab Al-Ahli;;;2000048797;9-13;6-12;8-12;10-14;6-10;8-12;6-10;7-13;4-10;12-16;6-12;10-14;8-12;7-11;9-13;7-11;9-15;8-12;7-11;9-15;11-15;10-14;8-12;11-17;4-10;10-16;9-13;5-9;11-15;13-17;7-11;9-13;11-15;9-13;1-3;1-4;1-3;1-4;1-4;4-8;1-6
;Gustavo Reis;BRA;RB Bragantino;GR;31/5/2028;12/6/2023;-;-;4-13;6-13;20;GR;Pé Preferido Desconhecido;Brasil;1,95 m;;10/6/2005;GR;Média;;RB Bragantino II;;;2000135310;-;-;-;-;-;-;-;-;-;-;-;-;-;-;-;-;-;-;-;-;-;-;-;-;-;-;-;-;-;-;-;-;-;-;12-20;12-18;3-9;-;10-18;-;5-14
;Gustavo Santana;BRA;São Paulo;PL (C);31/10/2028;28/11/2025;-;-;-;-;20;PL (C);Pé Preferido Desconhecido;Brasil;1,84 m;São Paulo;2/9/2005;PL (C);Média;;Cuiabá;;;2000450081;-;-;-;2-9;-;-;-;8-14;-;4-13;8-16;-;-;-;1-7;-;6-12;-;8-17;-;-;6-13;-;-;-;-;-;-;-;-;-;-;-;-;-;-;-;-;-;-;-
;Gustavo Scarpa;BRA;Atlético Mineiro;M (DE), MO (DEC);31/12/2027;1/1/2024;5-9;7-13;1-5;2-6;31;M (DE), MO (DEC);Pé Esquerdo;Brasil;1,77 m;São Paulo;5/1/1994;MO (D);Média;;Nottingham Forest;Itália;;19139020;14-18;8-12;13-19;12-18;6-10;4-8;12-16;9-13;10-14;13-17;8-12;13-19;11-17;14-18;7-11;10-14;12-16;8-14;6-10;9-13;12-18;8-14;10-14;16-20;6-10;13-17;10-16;4-10;14-18;11-15;13-17;8-12;10-14;11-17;1-5;1-2;1-5;1-4;1-5;1-3;2-6
;Gustavo Talles;BRA;Chapecoense;D/DA (D);30/4/2026;29/8/2025;8-14;13-17;-;-;22;D/DA (D);Pé Direito;Brasil;1,75 m;São Paulo;14/7/2003;D (D);Abaixo da Média;;Portuguesa;;;2000210427;10-14;4-8;-;6-10;8-12;5-9;-;5-9;3-9;9-13;4-10;4-10;11-15;5-9;6-10;8-12;8-12;9-13;6-10;7-13;8-14;10-14;9-13;5-9;10-16;5-9;4-10;-;3-7;14-18;13-17;7-11;5-9;5-11;-;-;-;-;-;-;-
;Gustavo Ulguim;BRA;SC Internacional;PL (C);31/12/2027;27/8/2025;-;-;-;-;19;PL (C);Pé Preferido Desconhecido;Brasil;1,76 m;;22/6/2006;PL (C);Abaixo da Média;;EC Bahia;;;2000272497;-;-;-;10-17;-;-;-;11-17;-;4-13;10-16;-;-;-;9-18;-;8-14;-;5-12;-;-;10-17;-;-;-;-;-;-;-;-;-;-;-;-;-;-;-;-;-;-;-
;Gustavo Veiga;BRA;Athletico-PR;D (C);31/12/2027;29/12/2025;-;-;-;-;19;D (C);Pé Preferido Desconhecido;Brasil;1,87 m;;16/1/2006;D (C);Média;;-;;;2000383261;-;7-15;-;-;6-15;-;-;4-12;-;6-12;-;-;-;-;4-10;-;-;-;6-15;-;-;-;-;-;13-20;-;-;-;-;5-11;-;-;-;-;-;-;-;-;-;-;-
;Gustavo Zago;BRA;Cruzeiro;MO (EC);31/12/2027;30/12/2024;-;-;-;-;19;MO (EC);Pé Preferido Desconhecido;Brasil;1,71 m;;14/8/2006;MO (C);Alta;;Ferroviária;;;2000274392;-;-;-;10-16;-;-;-;-;-;14-20;4-13;8-14;7-13;-;-;-;12-20;-;-;-;11-17;10-16;-;-;-;-;-;-;-;-;-;-;-;-;-;-;-;-;-;-;-
;Gusttavo;BRA;Flamengo;D (D);30/7/2028;11/8/2025;-;-;-;-;19;D (D);Pé Preferido Desconhecido;Brasil;1,86 m;Maranhão;10/1/2006;D (D);Abaixo da Média;;-;;;2000443497;-;12-18;-;-;8-17;-;-;-;-;4-13;-;-;7-14;-;1-9;-;8-14;-;-;-;-;5-12;-;-;5-13;-;-;-;-;-;-;-;-;-;-;-;-;-;-;-;-
;Gutte;BRA;Atlético Mineiro;M/MO (C);31/3/2028;1/4/2025;-;-;-;-;17;M/MO (C);Pé Preferido Desconhecido;Brasil;1,77 m;Rio Grande do Sul;5/4/2008;MO (C);Acima da Média;;Azuriz;;;2000353032;4-12;-;-;8-14;-;-;1-9;-;-;11-19;1-10;-;-;-;-;-;-;-;-;-;-;-;-;10-20;-;-;-;-;9-17;-;-;-;12-20;-;-;-;-;-;-;-;-
;Halerrandrio;BRA;Palmeiras;M/MO (D);31/12/2026;30/12/2024;-;-;-;-;19;M/MO (D);Pé Preferido Desconhecido;Brasil;1,75 m;Pará;8/7/2006;MO (D);Acima da Média;Goiás;-;;;2000272348;-;-;-;3-10;-;-;-;-;-;3-12;6-14;12-19;2-9;-;-;-;8-14;-;-;-;12-19;5-12;-;-;-;-;-;-;-;-;-;-;-;-;-;-;-;-;-;-;-
;Harlley;BRA;Grêmio;PL (C);31/12/2028;1/9/2025;-;-;-;-;17;PL (C);Pé Preferido Desconhecido;Brasil;1,83 m;Pernambuco;30/5/2008;PL (C);Média;;Nação Araquari;;;2000484269;-;-;-;1-11;-;-;-;11-19;-;5-11;4-12;-;-;-;9-15;-;10-18;-;10-16;-;-;3-13;-;-;-;-;-;-;-;-;-;-;-;-;-;-;-;-;-;-;-
;Heittor;BRA;Palmeiras;PL (C);30/6/2029;2/10/2025;-;-;-;-;18;PL (C);Pé Preferido Desconhecido;Brasil;1,77 m;Pernambuco;18/9/2007;PL (C);Alta;;-;;;2000521530;-;-;-;1-9;-;-;-;10-17;-;7-13;6-13;-;-;-;5-11;-;13-20;-;5-11;-;-;6-15;-;-;-;-;-;-;-;-;-;-;-;-;-;-;-;-;-;-;-
;Henrique Aguiar;BRA;SC Internacional;MO (D);31/12/2027;30/12/2024;-;-;-;-;19;MO (D);Pé Preferido Desconhecido;Brasil;1,76 m;Rio Grande do Sul;10/4/2006;MO (D);Média;;Juventude;;;2000283259;-;-;-;7-16;-;-;-;-;-;7-13;7-14;10-19;2-11;-;-;-;14-20;-;-;-;11-20;7-16;-;-;-;-;-;-;-;-;-;-;-;-;-;-;-;-;-;-;-
;Henrique Bell;BRA;São Paulo;D (C);2/3/2028;4/3/2025;-;-;-;-;18;D (C);Pé Preferido Desconhecido;Brasil;1,91 m;;10/7/2007;D (C);Abaixo da Média;;-;Itália;;2000519047;-;10-17;-;-;11-17;-;-;13-20;-;2-8;-;-;-;-;3-9;-;-;-;10-16;-;-;-;-;-;3-10;-;-;-;-;9-15;-;-;-;-;-;-;-;-;-;-;-
;Henrique Moritz;BRA;Athletico-PR;M (C);31/12/2026;29/12/2025;-;-;-;-;16;M (C);Pé Preferido Desconhecido;Brasil;1,81 m;Paraná;13/1/2009;M (C);Abaixo da Média;;-;;;2000496039;-;7-13;-;12-20;-;-;1-7;-;-;9-19;-;-;-;-;5-15;-;-;-;-;-;-;-;5-15;9-15;-;-;-;-;2-10;-;-;-;-;-;-;-;-;-;-;-;-
Prt;Hércules;BRA;Fluminense;MD, M (C);31/12/2029;15/1/2025;9-13;7-13;1-5;1-5;25;MD, M (C);Somente Pé Direito;Brasil;1,78 m;;20/10/2000;M (C);Alta;;Fortaleza;;;2000148372;11-15;14-18;5-11;9-15;12-16;5-9;12-16;11-15;7-11;11-15;8-12;10-16;4-10;9-13;12-16;12-16;14-18;9-15;8-12;9-13;11-17;10-16;12-16;12-16;10-14;14-18;10-16;7-13;9-13;10-14;11-15;10-14;10-14;11-17;1-4;1;1-6;2-6;1-5;2-6;3-7
;Diego Hernández;URU;Remo;MO (DEC);31/12/2026;1/7/2025;10-14;8-12;1-5;1-7;25;MO (DEC);Pé Esquerdo;Uruguai;1,75 m;Montevideo;22/6/2000;MO (E);Acima da Média;Botafogo;Remo;;;2000022936;10-16;3-7;8-12;13-17;1-4;5-11;9-15;6-10;11-15;11-17;10-14;12-16;13-17;9-13;5-11;7-13;10-14;13-17;4-8;4-8;14-18;14-18;6-12;11-15;5-9;7-11;12-16;9-13;11-15;12-18;5-11;4-8;7-13;11-15;1-5;1-4;1-3;1-3;2-6;1-5;2-6
;Jhoan Hernández;COL;Botafogo;D/DA (E);30/6/2027;11/7/2024;-;-;-;-;19;D/DA (E);Pé Preferido Desconhecido;Colômbia;1,79 m;Pacífica;20/2/2006;D/DA (E);Alta;Millonarios F.C.;-;;S-20;2000231497;-;12-20;-;-;4-12;-;-;-;-;14-20;-;-;9-15;-;4-11;-;11-20;-;-;-;-;10-16;-;-;1-10;-;-;-;-;-;-;-;-;-;-;-;-;-;-;-;-
;José María Herrera;ARG;RB Bragantino;M (E), MO (DE);31/12/2030;29/12/2025;10-16;10-14;1-3;1-5;22;M (E), MO (DE);Pé Esquerdo;Argentina;1,72 m;Tucumán;16/4/2003;MO (E);Alta;;Fortaleza;;;2000051680;15-19;1-5;10-16;13-17;4-8;4-8;12-16;7-11;9-15;14-18;12-18;11-17;8-12;9-13;6-10;12-16;9-13;9-13;5-9;8-14;10-16;11-15;13-17;8-12;11-17;8-12;9-15;2-6;11-15;10-14;12-16;10-14;10-14;9-15;2-6;1-7;1-4;1-4;1-3;1-5;1
;Hiago;BRA;Vitória;MD, M (C);31/12/2027;1/1/2024;-;-;-;-;17;MD, M (C);Pé Preferido Desconhecido;Brasil;1,73 m;Bahia;17/9/2008;M (C);Alta;;-;;;2000440221;-;11-20;-;9-15;-;-;1-5;-;-;11-19;-;-;-;-;5-13;-;-;-;-;-;-;-;1-9;11-20;-;-;-;-;1-9;-;-;-;-;-;-;-;-;-;-;-;-
;Higor Meritão;BRA;Chapecoense;MD, M (C);31/12/2026;29/12/2025;9-15;9-13;1-5;3-7;31;MD, M (C);Pé Esquerdo;Brasil;1,86 m;São Paulo;23/6/1994;MD;Acima da Média;;CRB;;;19384386;8-12;12-18;10-14;11-15;12-16;4-8;4-8;8-14;2-8;12-16;3-9;7-11;5-9;3-7;14-18;9-13;10-16;11-15;8-12;7-13;10-14;10-14;10-14;8-14;7-13;11-17;9-13;10-14;11-15;11-15;9-13;10-14;11-15;10-14;1-3;1-3;1-3;1-4;2-6;1-5;1-7
;Marino Hinestroza;COL;Vasco da Gama;MO (DE);31/12/2029;1/7/2025;11;9;2;3;23;MO (DE);Pé Direito;Colômbia;1,70 m;Andina;8/7/2002;MO (DE);Abaixo da Média;;Boca Juniors;;;76057670;15;8;9;13;4;4;12;7;11;12;12;14;12;10;10;12;14;13;7;11;13;14;10;12;8;11;13;8;14;11;12;11;12;12;1;2;3;2;4;3;3
;Hugo;BRA;Palmeiras;D/DA/M/MO (E);31/12/2029;7/4/2025;-;-;-;-;19;D/DA/M/MO (E);Pé Preferido Desconhecido;Brasil;1,82 m;São Paulo;24/1/2006;D (E);Abaixo da Média;Primavera;Grêmio Prudente;;;2000439846;-;-;-;5-14;-;-;-;-;-;9-15;14-20;2-9;8-17;-;-;-;10-18;-;-;-;7-14;12-20;-;-;-;-;-;-;-;-;-;-;-;-;-;-;-;-;-;-;-
D;Hugo;BRA;Corinthians;D/DA (E);31/12/2026;8/1/2024;10-14;8-12;1-5;1-4;28;D/DA (E);Pé Esquerdo;Brasil;1,79 m;Alagoas;29/8/1997;D (E);Abaixo da Média;;Goiás;;;19305767;10-14;10-14;7-11;8-12;9-15;8-14;8-12;8-12;4-8;9-15;7-11;11-15;6-10;8-14;6-12;13-17;11-15;10-14;9-15;11-15;13-17;10-14;12-16;9-13;9-13;10-14;13-17;4-8;10-16;8-14;10-14;9-15;7-13;12-16;1-3;1-3;2-6;1-6;1-2;1-6;1-5
;Hugo Leonardo;BRA;São Paulo;MD, M (C);31/12/2028;27/2/2025;-;-;-;-;21;MD, M (C);Pé Preferido Desconhecido;Brasil;1,75 m;;19/1/2004;M (C);Alta;;SKA Brasil;;;2000280695;-;6-14;-;8-14;-;-;9-17;-;-;3-9;-;-;-;-;4-10;-;-;-;-;-;-;-;10-18;5-13;-;-;-;-;5-11;-;-;-;-;-;-;-;-;-;-;-;-
;Hugo Martins;BRA;São Paulo;D (EC);31/12/2028;1/6/2025;-;-;-;-;18;D (EC);Pé Preferido Desconhecido;Brasil;1,84 m;São Paulo;25/4/2007;D (EC);Média;;-;;;2000378982;-;11-18;-;-;8-14;-;-;10-17;-;5-11;-;-;-;-;6-12;-;-;-;9-15;-;-;-;-;-;5-12;-;-;-;-;11-17;-;-;-;-;-;-;-;-;-;-;-
;Hugo Moura;BRA;Vasco da Gama;MD, M (C);31/12/2026;4/1/2025;15;14;3;1;27;MD, M (C);Pé Direito;Brasil;1,77 m;Rio de Janeiro;3/1/1998;MD;Abaixo da Média;;Athletico-PR;;;19270228;12;13;5;13;13;6;13;10;8;13;10;10;12;8;13;13;13;13;9;12;11;13;13;13;13;12;11;9;5;11;11;11;12;13;3;3;3;1;2;2;2
;Hugo Souza;BRA;Corinthians;GR;31/12/2030;29/12/2025;12-16;11-17;13-17;11-15;26;GR;Somente Pé Direito;Brasil;1,99 m;Rio de Janeiro;31/1/1999;GR;Abaixo da Média;;Flamengo;;;19270232;6-10;1-5;2-8;4-10;1-3;1-3;1-5;3-7;9-13;6-10;1-3;1-5;1-5;7-11;12-16;12-16;12-16;10-16;17-20;8-12;14-20;9-15;10-14;10-14;8-12;13-17;1-7;5-11;1-4;12-16;10-14;10-14;9-13;10-16;12-16;10-14;6-12;12-16;10-16;9-13;17-20
;Huguinho;BRA;Botafogo;MD, M (C);31/12/2030;3/4/2025;-;-;-;-;18;MD, M (C);Pé Preferido Desconhecido;Brasil;1,69 m;;4/6/2007;M (C);Acima da Média;;-;;;2000273232;-;5-14;-;9-17;-;-;7-16;-;-;3-10;-;-;-;-;2-9;-;-;-;-;-;-;-;10-19;5-14;-;-;-;-;6-13;-;-;-;-;-;-;-;-;-;-;-;-
TrL;Hulk;BRA;Fluminense;MO (D), PL (C);31/12/2027;29/12/2025;13-17;10-14;1-3;1-3;39;MO (D), PL (C);Pé Esquerdo;Brasil;1,79 m;Paraíba;25/7/1986;PL (C);Média;;Atlético Mineiro;;;2105510;13-19;4-10;14-18;13-17;5-9;7-11;15-20;4-10;14-18;10-14;13-17;12-16;13-17;11-15;14-18;11-17;7-13;16-20;9-13;13-17;10-14;10-14;14-20;11-17;7-11;4-10;13-17;10-14;17-20;14-18;11-17;12-16;9-13;11-15;1-6;1-4;1-5;3-7;1-3;1-2;1-4
;José Hurtado;ECU;RB Bragantino;D/DA/M (D);31/12/2027;23/1/2024;7-11;6-12;2-6;1-4;24;D/DA/M (D);Pé Direito;Equador;1,78 m;Santo Domingo de los Tsáchilas;23/12/2001;D (D);Média;;Independiente del Valle;;A;86078361;10-14;14-18;6-12;9-15;8-12;11-15;6-10;11-15;3-7;10-14;2-6;10-16;9-15;7-11;7-11;14-18;14-18;11-17;7-11;7-11;11-17;10-16;9-13;8-12;5-9;10-14;9-15;2-8;10-14;9-13;10-14;9-13;10-14;10-16;1-4;1-2;1-5;1-5;1-3;1-3;4-8
;Iago;BRA;Chapecoense;D/DA (E);31/12/2027;1/3/2024;-;-;-;-;18;D/DA (E);Pé Preferido Desconhecido;Brasil;1,82 m;;17/5/2007;D (E);Média;;-;;;2000520426;-;7-13;-;-;4-13;-;-;-;-;4-13;-;-;3-10;-;1-8;-;10-16;-;-;-;-;7-14;-;-;5-13;-;-;-;-;-;-;-;-;-;-;-;-;-;-;-;-
;Iago Borduchi;BRA;EC Bahia;D/DA (E);31/12/2028;1/7/2024;9-15;11-15;1-5;2-6;28;D/DA (E);Pé Esquerdo;Brasil;1,81 m;São Paulo;23/3/1997;D (E);Alta;;FC Augsburg;Itália;;19287778;8-12;10-16;5-9;9-13;9-13;15-19;5-9;9-15;6-12;12-16;4-10;9-13;10-14;9-13;11-15;10-14;12-18;10-14;9-13;7-13;11-15;13-17;9-13;9-15;8-14;10-16;9-13;5-9;11-15;13-17;6-10;8-12;11-15;9-13;1-3;1-5;1-5;2-6;1-4;4-8;2-8
;Iago Machado;BRA;Corinthians;D (C);16/4/2028;5/5/2025;-;-;-;-;16;D (C);Pé Preferido Desconhecido;Brasil;1,92 m;;17/2/2009;D (C);Alta;;-;;;2000503806;-;3-13;-;-;10-18;-;-;3-13;-;3-11;-;-;-;-;1-9;-;-;-;11-19;-;-;-;-;-;8-14;-;-;-;-;6-14;-;-;-;-;-;-;-;-;-;-;-
;Igão;BRA;São Paulo;D (C);31/12/2029;29/12/2025;-;-;-;-;18;D (C);Pé Preferido Desconhecido;Brasil;1,87 m;São Paulo;19/8/2007;D (C);Abaixo da Média;;-;;;2000324795;-;14-20;-;-;7-13;-;-;14-20;-;1-6;-;-;-;-;4-10;-;-;-;10-16;-;-;-;-;-;5-12;-;-;-;-;1-3;-;-;-;-;-;-;-;-;-;-;-
;Ignacio;BRA;Fluminense;D (C);30/6/2028;19/7/2024;10-14;10-16;2-6;1-3;29;D (C);Pé Direito;Brasil;1,90 m;Rio Grande do Norte;1/12/1996;D (C);Muito Alta;;Sp.Cristal;;;19357955;10-14;14-18;7-13;6-12;12-16;5-9;6-10;15-19;2-6;10-14;4-8;6-12;4-10;4-8;13-17;13-17;13-17;7-13;14-18;7-11;8-14;9-15;12-16;7-11;9-13;14-18;9-15;7-13;9-13;11-15;10-14;10-14;9-13;10-16;1-4;1;1-6;1-3;1-4;1-3;2-6
;Ígor;BRA;Chapecoense;D (C);31/12/2027;16/9/2024;-;-;-;-;18;D (C);Pé Preferido Desconhecido;Brasil;1,96 m;;24/1/2007;D (C);Média;;-;;;2000520422;-;6-13;-;-;9-15;-;-;6-13;-;1-9;-;-;-;-;4-12;-;-;-;12-18;-;-;-;-;-;10-19;-;-;-;-;8-16;-;-;-;-;-;-;-;-;-;-;-
;Igor Cariús;BRA;Mirassol;D/DA (DE);31/12/2026;1/7/2025;10-14;11-15;1-5;1-3;32;D/DA (DE);Usa Ambos os Pés;Brasil;1,82 m;Ceará;1/5/1993;D (E);Abaixo da Média;;Chapecoense;;;19278016;9-15;6-12;3-7;9-13;9-13;4-8;8-14;3-9;8-12;7-11;6-10;10-14;9-13;11-15;6-10;10-16;8-14;11-15;9-13;9-13;11-15;11-15;9-15;7-13;6-10;8-14;10-14;6-10;13-17;1-5;10-16;11-15;7-11;9-13;1-6;1-3;1-5;1-5;1-3;1-3;1-4
;Igor Felisberto;BRA;São Paulo;D/DA (D);31/3/2029;1/6/2025;-;-;-;-;18;D/DA (D);Pé Preferido Desconhecido;Brasil;1,76 m;Santa Catarina;7/3/2007;D (D);Alta;;-;;;2000272196;-;8-17;-;-;6-14;-;-;-;-;15-20;-;-;7-13;-;8-15;-;10-19;-;-;-;-;8-14;-;-;3-12;-;-;-;-;-;-;-;-;-;-;-;-;-;-;-;-
;Igor Formiga;BRA;Mirassol;D/DA/M/MO (D);31/12/2027;29/12/2025;9-13;10-14;1-3;1-2;26;D/DA/M/MO (D);Somente Pé Direito;Brasil;1,77 m;Rio de Janeiro;8/1/1999;D (D);Abaixo da Média;;Juventude;;;19355315;11-17;7-13;9-13;10-14;11-15;9-13;8-14;3-9;5-9;8-12;7-11;11-15;10-14;8-12;4-8;12-18;11-17;12-16;10-14;6-10;13-17;13-17;12-18;5-11;9-13;8-14;13-17;9-13;13-17;8-12;9-15;12-16;8-12;11-15;1-5;1-3;1-4;2-6;1-3;1-3;1-4
D;Igor Gomes;BRA;Atlético Mineiro;M (EC), MO (C);31/12/2026;6/1/2023;9-13;10-14;1-3;1-3;26;M (EC), MO (C);Pé Direito;Brasil;1,82 m;São Paulo;17/3/1999;M (C);Abaixo da Média;;São Paulo;;;19290872;12-18;5-11;10-14;13-17;8-12;5-9;11-17;4-10;8-12;10-14;9-13;11-15;11-15;12-16;6-10;11-17;9-15;11-15;11-15;10-14;11-15;12-16;11-17;10-16;7-11;9-15;11-15;8-12;13-17;8-12;10-16;12-16;9-13;10-14;2-8;2-6;1-3;3-7;1-3;1;1-5
;Igor Rabello;BRA;Fluminense;D (C);31/12/2027;19/8/2025;12-18;10-14;1-2;1-3;30;D (C);Pé Direito;Brasil;1,90 m;Rio de Janeiro;28/4/1995;D (C);Alta;;Atlético Mineiro;Portugal;;19193798;12-16;10-14;3-9;10-14;11-15;5-9;8-12;11-15;6-12;10-14;8-14;5-11;4-8;4-8;13-17;12-16;6-10;10-14;13-17;9-15;6-12;7-11;13-17;8-12;12-18;8-12;8-14;12-16;9-13;10-14;11-15;11-15;11-15;8-14;1-5;1-6;1-3;1-5;1-3;2-6;1
;Igor Toledo;BRA;Atlético Mineiro;D/DA (D), MD, M (C);31/12/2027;6/8/2025;6-9;10;2-5;1-5;19;D/DA (D), MD, M (C);Pé Direito;Brasil;1,81 m;Rio de Janeiro;3/2/2006;MD;Acima da Média;;Vasco da Gama;;;2000219458;10;10;1-5;11;8;1-4;6-10;7;5-8;9;3-6;7;12;5-8;6;10;13;11-14;11;6-9;11-15;14;13;4-7;7;8;6-10;12-15;2-5;9;11-15;4-7;5;10;1-4;1-2;1-3;1;1-4;1-4;2-5
;Igor Vinicius;BRA;Santos;D/DA (D);30/6/2028;10/7/2025;8-14;14-18;1-7;3-7;28;D/DA (D);Pé Direito;Brasil;1,75 m;Mato Grosso;1/4/1997;D (D);Muito Alta;;São Paulo;;;19258929;9-13;9-15;8-12;11-15;9-13;12-16;3-7;8-14;10-16;12-16;5-11;12-16;10-14;10-14;9-13;10-14;13-19;12-16;6-10;6-12;11-15;14-18;10-14;9-15;5-11;12-18;12-16;2-6;10-14;14-18;7-11;9-13;11-15;11-15;1;1-3;1-3;1-5;1-4;3-7;1-5
;Índio;BRA;Atlético Mineiro;M/MO (C);31/12/2028;9/4/2024;-;-;-;-;17;M/MO (C);Pé Preferido Desconhecido;Brasil;1,81 m;São Paulo;3/4/2008;M (C);Média;;-;;;2000417192;-;6-12;-;12-20;-;-;4-14;-;-;8-18;-;-;-;-;8-18;-;-;-;-;-;-;-;7-17;9-15;-;-;-;-;5-13;-;-;-;-;-;-;-;-;-;-;-;-
;Isaac;BRA;Athletico-PR;MO (EC), PL (C);31/12/2027;13/1/2025;8-12;8-12;1-5;1-6;21;MO (EC), PL (C);Pé Direito;Brasil;1,69 m;;24/4/2004;MO (C);Alta;;Fluminense;;;2000220354;9-15;5-9;3-7;12-16;3-7;5-11;5-11;5-9;5-9;11-17;8-12;11-15;10-14;5-9;5-11;8-14;11-15;12-16;3-7;10-14;12-16;13-17;6-12;11-15;5-9;10-14;11-15;7-11;10-14;3-9;7-13;6-10;10-16;10-14;1-3;1-4;1-3;1-2;3-7;1-6;1-4
;Isaac Leocadio;BRA;Palmeiras;D (EC);28/2/2029;29/12/2025;-;-;-;-;16;D (EC);Pé Preferido Desconhecido;Brasil;1,86 m;Rio de Janeiro;1/4/2009;D (C);Média;;Comercial (SP);;;2000530217;-;4-14;-;-;6-14;-;-;5-15;-;1-4;-;-;-;-;1-6;-;-;-;12-20;-;-;-;-;-;8-14;-;-;-;-;5-13;-;-;-;-;-;-;-;-;-;-;-
;Isaac Nicolas;BRA;Palmeiras;M/MO (C);31/12/2027;29/12/2025;-;-;-;-;16;M/MO (C);Pé Preferido Desconhecido;Brasil;1,73 m;São Paulo;12/2/2009;MO (C);Alta;;-;;;2000485025;1-11;-;-;13-20;-;-;1-9;-;-;12-20;8-14;-;-;-;-;-;-;-;-;-;-;-;-;8-14;-;-;-;-;1-8;-;-;-;3-13;-;-;-;-;-;-;-;-
;Isac;BRA;São Paulo;D (DC);31/12/2027;26/2/2025;10;11;2;2;19;D (DC);Somente Pé Direito;Brasil;1,92 m;Ceará;2/4/2006;D (C);Alta;;RB Bragantino;;;2000204242;10;12;5;11;11;7;5;9;5;10;7;9;9;5;10;10;12;13;13;8;11;12;10;11;12;12;9;8;7;12;10;10;9;11;3;2;3;2;1;2;2
;Isack;BRA;Fluminense;PL (C);31/8/2028;1/9/2025;-;-;-;-;18;PL (C);Pé Preferido Desconhecido;Brasil;1,75 m;;4/2/2007;PL (C);Média;;Novorizontino;;;2000263547;-;-;-;1-9;-;-;-;13-20;-;9-15;6-13;-;-;-;4-10;-;11-18;-;4-10;-;-;6-15;-;-;-;-;-;-;-;-;-;-;-;-;-;-;-;-;-;-;-
;Iseppe;BRA;Atlético Mineiro;MO (EC);31/12/2028;1/10/2024;-;-;-;-;19;MO (EC);Pé Preferido Desconhecido;Brasil;1,77 m;São Paulo;2/5/2006;MO (C);Alta;;-;;;2000270859;13-20;-;-;10-16;-;-;11-18;-;-;9-17;9-18;-;-;-;-;-;-;-;-;-;-;-;-;6-13;-;-;-;-;9-15;-;-;-;9-17;-;-;-;-;-;-;-;-
;Italo;BRA;Vitória;MO (DEC);31/12/2026;1/1/2024;-;-;-;-;17;MO (DEC);Pé Preferido Desconhecido;Brasil;1,82 m;Bahia;13/5/2008;MO (C);Acima da Média;;-;;;2000440227;1-11;-;-;14-20;-;-;1-9;-;-;12-20;7-13;-;-;-;-;-;-;-;-;-;-;-;-;7-13;-;-;-;-;1-8;-;-;-;3-13;-;-;-;-;-;-;-;-
;Ítalo;BRA;Chapecoense;MO (E);30/11/2027;28/8/2025;9-13;6-12;1-4;1-4;23;MO (E);Pé Direito;Brasil;1,80 m;Rio Grande do Sul;13/10/2002;MO (E);Alta;;Brasil de Farroupilha;;;2000343154;11-15;10-14;5-9;9-15;3-9;8-12;8-12;9-13;11-15;11-15;12-16;10-14;10-16;3-9;9-13;9-13;10-14;10-16;7-13;13-17;10-14;10-16;12-16;9-13;11-15;5-9;8-12;7-13;9-15;5-9;9-13;5-11;10-14;8-12;1-5;1-5;1;1-4;1-6;1-4;1-5
;Ítalo;BRA;Fluminense;MO (E);31/1/2027;17/2/2025;-;-;-;-;19;MO (E);Pé Preferido Desconhecido;Brasil;1,70 m;;19/12/2006;MO (E);Média;;América TO (MG);;;2000281083;-;-;-;4-13;-;-;-;-;-;10-16;7-14;9-18;6-15;-;-;-;12-19;-;-;-;10-19;5-14;-;-;-;-;-;-;-;-;-;-;-;-;-;-;-;-;-;-;-
;Ítalo;BRA;Athletico-PR;M/MO (C);31/3/2027;1/3/2025;-;-;-;-;17;M/MO (C);Pé Preferido Desconhecido;Brasil;1,85 m;Minas Gerais;29/5/2008;M (C);Acima da Média;;-;;;2000454287;-;6-12;-;12-20;-;-;1-11;-;-;10-20;-;-;-;-;6-16;-;-;-;-;-;-;-;1-11;10-16;-;-;-;-;5-13;-;-;-;-;-;-;-;-;-;-;-;-
;Ítalo Silva;BRA;Vasco da Gama;M/MO (D);31/7/2027;1/1/2024;7;8;3;3;18;M/MO (D);Pé Esquerdo;Brasil;1,77 m;Maranhão;24/2/2007;MO (D);Acima da Média;;Palmeiras;;;2000524504;10;5;3;13;6;6;5;6;6;10;11;14;11;7;3;6;10;7;10;7;9;8;8;5;6;7;6;9;9;4;9;6;6;7;3;1;1;1;1;3;1
;Iuri Jean;BRA;EC Bahia;GR;31/12/2027;1/1/2024;-;-;6-13;7-13;18;GR;Pé Preferido Desconhecido;Brasil;1,94 m;Bahia;11/2/2007;GR;Média;;-;;;2000442650;-;-;-;-;-;-;-;-;-;-;-;-;-;-;-;-;-;-;-;-;-;-;-;-;-;-;-;-;-;-;-;-;-;-;2-10;4-11;11-20;-;6-15;-;12-19
;Ivan;BRA;Remo;GR;31/12/2026;29/12/2025;8-14;7-11;11-17;12-16;28;GR;Pé Direito;Brasil;1,92 m;São Paulo;2/7/1997;GR;Alta;;SC Internacional;;;19261048;5-9;1-6;1-5;7-11;1-5;1-5;1;5-11;4-10;8-12;1-3;5-9;1-3;2-6;13-17;8-12;8-14;9-13;14-18;7-13;11-15;9-13;7-11;6-12;8-14;9-15;4-8;11-15;6-10;13-17;9-13;10-14;9-13;9-13;11-15;10-16;10-14;12-16;13-17;12-16;11-17
;Ivan Henrique;BRA;Vitória;D (C);31/12/2027;6/8/2025;-;-;-;-;19;D (C);Pé Preferido Desconhecido;Brasil;1,86 m;;29/6/2006;D (C);Média;;Atlético Goianiense;;;2000274039;-;12-19;-;-;11-17;-;-;13-20;-;3-9;-;-;-;-;1-6;-;-;-;9-15;-;-;-;-;-;6-13;-;-;-;-;14-20;-;-;-;-;-;-;-;-;-;-;-
For;Ivanilson;BRA;Cruzeiro;D/DA (D);31/12/2026;30/12/2024;-;-;-;-;17;D/DA (D);Pé Preferido Desconhecido;Brasil;1,75 m;;11/3/2008;D (D);Abaixo da Média;;-;;;2000404723;-;9-17;-;-;6-12;-;-;-;-;5-11;-;-;4-14;-;4-10;-;12-20;-;-;-;-;5-15;-;-;1-9;-;-;-;-;-;-;-;-;-;-;-;-;-;-;-;-
;Jacaré;BRA;RB Bragantino;MO (E);31/12/2026;29/12/2025;-;-;-;-;17;MO (E);Pé Preferido Desconhecido;Brasil;1,73 m;;3/2/2008;MO (E);Acima da Média;;-;;;2000378265;-;-;-;11-17;-;-;-;-;-;9-17;6-16;4-14;7-13;-;-;-;5-13;-;-;-;4-14;10-16;-;-;-;-;-;-;-;-;-;-;-;-;-;-;-;-;-;-;-
;Jacaré;BRA;Corinthians;D (D);30/10/2029;1/11/2024;-;-;-;-;18;D (D);Pé Preferido Desconhecido;Brasil;1,79 m;;3/1/2007;D (D);Acima da Média;;-;;;2000517004;-;13-20;-;-;8-14;-;-;-;-;9-15;-;-;6-15;-;3-9;-;13-20;-;-;-;-;7-16;-;-;1-7;-;-;-;-;-;-;-;-;-;-;-;-;-;-;-;-
;Jackson;BRA;Santos;GR;31/3/2026;30/12/2024;-;-;10-19;11-18;19;GR;Pé Preferido Desconhecido;Brasil;1,87 m;Santo Domingo de los Tsáchilas;23/6/2006;GR;Acima da Média;;Canaã (DF);;;2000272618;-;-;-;-;-;-;-;-;-;-;-;-;-;-;-;-;-;-;-;-;-;-;-;-;-;-;-;-;-;-;-;-;-;-;1-7;4-13;8-14;-;11-17;-;6-15
;Jacy Maranhão;BRA;Coritiba;D (C), MD;31/12/2028;21/5/2025;10-14;7-13;3-7;1-3;28;D (C), MD;Somente Pé Direito;Brasil;1,92 m;Maranhão;11/7/1997;MD;Abaixo da Média;;Operário Ferroviário;;;19259024;6-10;12-16;4-10;6-12;12-16;6-10;3-7;12-16;3-7;6-10;1-5;6-12;4-10;3-7;14-18;12-16;10-14;9-15;11-15;4-8;8-14;7-13;12-16;8-12;11-15;14-18;6-12;7-13;3-7;11-15;11-15;10-14;8-12;10-16;1-5;1-3;1-6;1-3;1-3;1-5;2-6
;Jaderson;BRA;Remo;M (DC), MO (DEC);31/12/2027;2/1/2025;9-13;10-14;1-6;1-3;25;M (DC), MO (DEC);Pé Esquerdo;Brasil;1,71 m;Rio Grande do Sul;12/8/2000;MO (E);Alta;;Athletico-PR;;;19319725;10-16;5-11;11-15;10-14;9-13;3-7;9-15;7-13;8-12;7-11;9-13;10-14;9-13;8-12;7-11;10-16;9-15;12-16;9-13;10-14;12-16;12-16;11-17;7-13;5-9;8-14;10-14;8-12;13-17;9-13;7-13;10-14;7-11;8-12;1-7;1-4;1-5;2-6;1-3;1-3;1-5
;Jádson;BRA;Athletico-PR;MD, M (DC);31/12/2027;29/12/2025;8-14;11-15;2-8;2-6;32;MD, M (DC);Pé Direito;Brasil;1,72 m;São Paulo;30/8/1993;M (C);Acima da Média;;Juventude;;;19180532;7-11;11-17;10-14;10-14;11-15;10-14;7-11;8-14;7-13;12-16;7-13;9-13;9-13;8-12;10-14;9-13;10-16;10-14;5-9;7-13;11-15;11-15;9-13;10-16;8-14;12-18;10-14;8-12;10-14;13-17;7-11;8-12;13-17;11-15;1;1-3;1-5;1-5;1-3;2-6;2-8
;Jair;BRA;Vasco da Gama;MD, M (C);31/12/2026;29/12/2025;13;16;3;3;31;MD, M (C);Pé Direito;Brasil;1,78 m;Rio Grande do Sul;26/8/1994;M (C);Muito Alta;;Atlético Mineiro;;;19190120;14;16;12;14;13;11;12;12;10;12;10;12;11;10;13;13;10;13;10;11;9;10;12;14;13;13;13;11;13;12;13;12;13;14;1;3;2;1;2;1;2
For;Jaison Gabriel;ESP;Athletico-PR;D (C);31/12/2026;30/12/2024;-;-;-;-;17;D (C);Pé Preferido Desconhecido;Espanha;1,95 m;Comunidade de Madrid;28/5/2008;D (C);Média;;-;Brasil;;2000454286;-;8-14;-;-;11-20;-;-;6-12;-;1-8;-;-;-;-;1-7;-;-;-;10-20;-;-;-;-;-;9-17;-;-;-;-;3-13;-;-;-;-;-;-;-;-;-;-;-
;Jaja Silva;BRA;Remo;MO (DE), PL (C);31/12/2027;29/12/2025;6-10;8-12;-;-;27;MO (DE), PL (C);Somente Pé Direito;Brasil;1,78 m;Minas Gerais;12/11/1998;MO (DE);Abaixo da Média;;Goiás;;;19410262;7-13;1-6;5-9;8-12;-;-;4-10;2-8;5-9;6-10;5-9;10-14;8-12;7-11;1-3;9-15;10-16;12-16;5-9;8-12;11-15;13-17;6-12;4-10;-;2-8;8-12;3-7;13-17;10-14;6-12;10-14;3-7;5-9;-;-;-;-;-;-;-
;Jamerson;BRA;Vitória;D/DA (E);31/12/2026;8/4/2023;11-15;7-11;1-4;1-4;27;D/DA (E);Pé Esquerdo;Brasil;1,78 m;Bahia;9/9/1998;D (E);Abaixo da Média;Coritiba;Guarani FC;;;83261113;10-14;9-13;10-14;9-13;9-15;6-12;10-14;6-10;10-14;8-14;9-13;12-16;10-14;8-14;11-17;13-17;12-16;14-18;7-13;9-13;13-17;10-14;11-15;11-15;8-12;9-13;14-18;4-8;9-15;9-15;6-10;10-16;7-13;11-15;1-4;1-4;2-6;1-5;1;1-3;1-5
Les;Janderson;BRA;Cruzeiro;D (C);31/12/2027;3/2/2025;-;-;-;-;20;D (C);Pé Preferido Desconhecido;Brasil;1,89 m;;31/8/2005;D (C);Acima da Média;;Fluminense (PI);;;2000403448;-;10-16;-;-;4-11;-;-;11-17;-;6-15;-;-;-;-;9-18;-;-;-;6-13;-;-;-;-;-;8-14;-;-;-;-;9-18;-;-;-;-;-;-;-;-;-;-;-
;Japa;BRA;Cruzeiro;M/MO (C);31/12/2030;29/12/2025;7-11;7-13;2-6;1-3;21;M/MO (C);Pé Esquerdo;Brasil;1,77 m;Rio Grande do Norte;2/1/2004;M (C);Acima da Média;;-;;;2000137880;11-15;8-12;8-14;9-15;10-14;4-8;9-13;8-12;7-11;11-15;7-11;11-17;7-13;8-12;7-11;10-14;12-16;7-13;7-11;7-11;11-17;9-15;11-15;13-17;6-10;12-16;10-16;4-10;11-15;13-17;10-14;10-14;10-14;10-16;1-4;1-2;1-7;1-5;1-3;1-4;3-7
;Jean Carlos;BRA;Chapecoense;M (C), MO (EC);31/12/2026;29/12/2025;8-14;10-14;1-2;1-3;33;M (C), MO (EC);Pé Esquerdo;Brasil;1,78 m;Paraná;15/2/1992;MO (C);Média;;Criciúma;;;19149436;13-17;3-7;11-17;12-16;5-9;7-11;14-18;3-7;13-19;11-15;10-16;8-14;10-14;12-16;6-10;12-16;8-12;11-15;5-9;10-16;8-14;10-14;11-15;10-14;7-13;9-13;9-15;10-14;10-14;11-15;13-17;10-14;10-14;8-14;3-7;1-7;1-3;1-4;1-3;1-5;1
;Jean Lucas;BRA;EC Bahia;MD, M (C);31/12/2028;9/1/2024;12-16;11-15;1-5;1;27;MD, M (C);Pé Direito;Brasil;1,81 m;Rio de Janeiro;22/6/1998;M (C);Média;;Santos;;;19328100;12-18;9-15;8-12;11-15;13-17;2-6;11-17;7-13;8-12;9-13;10-14;9-13;7-11;8-12;10-14;13-19;10-16;13-17;11-15;11-15;10-14;12-16;12-18;8-14;11-15;9-15;12-16;9-13;12-16;9-13;11-17;13-17;9-13;12-16;1-7;1-4;1-4;1-5;1-4;1;1-3
;Jéferson Forneck;BRA;Grêmio;MO (DEC);31/12/2027;29/12/2025;-;-;-;-;19;MO (DEC);Pé Preferido Desconhecido;Brasil;1,70 m;Rio Grande do Sul;14/12/2006;MO (C);Abaixo da Média;;-;;;2000256321;5-12;-;-;7-13;-;-;1-8;-;-;13-20;2-11;-;-;-;-;-;-;-;-;-;-;-;-;9-18;-;-;-;-;9-17;-;-;-;10-17;-;-;-;-;-;-;-;-
;Jefté;BRA;Palmeiras;D/DA/M (E);15/8/2030;17/8/2025;6-10;9-13;1-5;1-7;22;D/DA/M (E);Somente Pé Esquerdo;Brasil;1,83 m;Rio de Janeiro;21/12/2003;D (E);Abaixo da Média;;Rangers;;;2000079323;9-15;9-13;5-9;12-16;8-12;7-13;5-11;10-14;6-10;10-16;6-10;11-15;13-17;9-13;9-15;10-16;12-16;15-19;7-11;12-16;12-16;15-19;8-14;10-14;7-11;10-14;9-13;10-14;7-11;11-17;6-12;5-9;8-14;7-11;1-5;1-5;1-4;1-2;3-7;1-6;1-4
;Jemmes;BRA;Fluminense;D (C);31/12/2030;29/12/2025;10-14;12-16;1-5;1-6;25;D (C);Pé Direito;Brasil;1,90 m;Mato Grosso;9/4/2000;D (C);Média;;Capivariano;;;2000035202;5-11;11-15;3-7;10-14;11-15;6-12;1-7;11-15;3-7;7-13;3-7;5-9;5-9;1-5;10-16;11-17;11-15;16-20;9-13;10-14;9-13;14-18;10-16;5-9;13-17;11-15;7-11;10-14;3-7;11-17;10-16;9-13;10-16;12-16;1-4;1-3;1-4;1;1-5;1-7;1-3
;Jhefinho;BRA;Flamengo;MO (C);15/9/2027;1/10/2024;-;-;-;-;17;MO (C);Pé Preferido Desconhecido;Brasil;1,65 m;;8/5/2008;MO (C);Abaixo da Média;;-;;;2000525846;9-17;-;-;11-17;-;-;6-14;-;-;9-17;7-17;-;-;-;-;-;-;-;-;-;-;-;-;1-7;-;-;-;-;5-11;-;-;-;6-14;-;-;-;-;-;-;-;-
;Jhonatan Almeida;BRA;SC Internacional;D (D);31/12/2027;1/1/2024;-;-;-;-;20;D (D);Pé Preferido Desconhecido;Brasil;1,75 m;São Paulo;17/5/2005;D (D);Acima da Média;;-;;;2000498949;-;11-17;-;-;1-7;-;-;-;-;9-18;-;-;11-18;-;5-14;-;10-16;-;-;-;-;9-16;-;-;4-10;-;-;-;-;-;-;-;-;-;-;-;-;-;-;-;-
;Jhuan;BRA;RB Bragantino;MO (D);6/5/2027;1/6/2024;-;-;-;-;18;MO (D);Pé Preferido Desconhecido;Brasil;1,72 m;;3/6/2007;MO (D);Abaixo da Média;;-;;;2000378256;-;-;-;10-16;-;-;-;-;-;9-17;6-15;6-15;7-13;-;-;-;6-13;-;-;-;6-15;11-17;-;-;-;-;-;-;-;-;-;-;-;-;-;-;-;-;-;-;-
;João Alencar;BRA;Santos;D (C);30/6/2030;24/7/2025;-;-;-;-;18;D (C);Pé Preferido Desconhecido;Brasil;1,75 m;;25/6/2007;D (C);Acima da Média;;-;;;2000276354;-;7-15;-;-;3-12;-;-;6-14;-;8-14;-;-;-;-;7-13;-;-;-;5-14;-;-;-;-;-;13-20;-;-;-;-;6-12;-;-;-;-;-;-;-;-;-;-;-
;João Almeida;BRA;Coritiba;D/DA (E);31/12/2029;29/12/2025;-;-;-;-;19;D/DA (E);Pé Preferido Desconhecido;Brasil;1,77 m;Paraná;16/1/2006;D (E);Abaixo da Média;;-;;;2000298281;-;7-13;-;-;3-10;-;-;-;-;9-18;-;-;9-16;-;6-15;-;9-15;-;-;-;-;12-19;-;-;4-10;-;-;-;-;-;-;-;-;-;-;-;-;-;-;-;-
;João Alves;BRA;Santos;MO (D);31/10/2027;19/12/2024;-;-;-;-;18;MO (D);Pé Preferido Desconhecido;Brasil;1,75 m;;12/8/2007;MO (D);Acima da Média;;-;;;2000277720;-;-;-;9-15;-;-;-;-;-;7-15;8-17;4-13;12-18;-;-;-;4-11;-;-;-;5-14;10-16;-;-;-;-;-;-;-;-;-;-;-;-;-;-;-;-;-;-;-
;João Ananias;BRA;Santos;D (C);30/6/2030;24/7/2025;-;-;-;-;18;D (C);Pé Preferido Desconhecido;Brasil;1,89 m;;12/2/2007;D (C);Alta;;-;;;2000272636;-;6-14;-;-;3-12;-;-;6-14;-;7-13;-;-;-;-;7-13;-;-;-;4-13;-;-;-;-;-;12-19;-;-;-;-;5-11;-;-;-;-;-;-;-;-;-;-;-
;João Andrade;BRA;EC Bahia;MO (E);31/12/2027;1/7/2024;-;-;-;-;19;MO (E);Pé Preferido Desconhecido;Brasil;1,88 m;Santo Domingo de los Tsáchilas;15/6/2006;MO (E);Média;;-;;;2000272721;-;-;-;10-17;-;-;-;-;-;8-17;2-8;7-15;10-17;-;-;-;10-16;-;-;-;8-16;12-19;-;-;-;-;-;-;-;-;-;-;-;-;-;-;-;-;-;-;-
;João Bom;BRA;Chapecoense;PL (C);31/12/2027;29/12/2025;-;-;-;-;20;PL (C);Pé Preferido Desconhecido;Brasil;1,83 m;;21/5/2005;PL (C);Acima da Média;;Volta Redonda;;;2000534976;-;-;-;1-9;-;-;-;13-20;-;9-15;4-11;-;-;-;7-13;-;12-19;-;8-14;-;-;5-14;-;-;-;-;-;-;-;-;-;-;-;-;-;-;-;-;-;-;-
;João Borne;BRA;Grêmio;MO (C);1/9/2026;1/9/2024;-;-;-;-;17;MO (C);Pé Preferido Desconhecido;Brasil;1,75 m;Alagoas;29/2/2008;MO (C);Baixo;;Santa Cruz (AL);;;2000484266;10-20;-;-;8-16;-;-;10-20;-;-;3-11;10-16;-;-;-;-;-;-;-;-;-;-;-;-;3-13;-;-;-;-;11-19;-;-;-;4-12;-;-;-;-;-;-;-;-
;João Cervi;BRA;Cruzeiro;D (C);31/12/2028;1/7/2025;-;-;-;-;17;D (C);Pé Preferido Desconhecido;Brasil;1,90 m;São Paulo;23/1/2008;D (C);Alta;;-;;;2002043471;-;8-14;-;-;5-13;-;-;13-19;-;8-18;-;-;-;-;9-19;-;-;-;4-12;-;-;-;-;-;7-13;-;-;-;-;16-20;-;-;-;-;-;-;-;-;-;-;-
;João Costa;BRA;São Paulo;PL (C);31/7/2028;1/8/2025;-;-;-;-;17;PL (C);Pé Preferido Desconhecido;Brasil;1,85 m;;6/9/2008;PL (C);Abaixo da Média;;Osasco Sporting;;;2000520222;-;-;-;4-12;-;-;-;10-16;-;10-20;8-14;-;-;-;5-15;-;10-16;-;3-11;-;-;12-20;-;-;-;-;-;-;-;-;-;-;-;-;-;-;-;-;-;-;-
;João Cruz;BRA;Athletico-PR;M/MO (C);28/1/2028;10/6/2024;7-12;3-10;1-4;1-4;19;M/MO (C);Pé Direito;Brasil;1,72 m;São Paulo;12/5/2006;MO (C);Alta;;-;;S-20;2000230043;11-16;4-10;6-11;11-18;5-12;5-10;5-10;4-10;11-16;11-16;11-16;7-12;11-18;8-15;3-8;10-15;9-15;11-18;1-8;11-16;10-15;11-18;7-12;12-18;11-16;9-15;9-14;5-12;7-14;11-16;8-13;6-13;10-15;5-10;1-4;1-6;1-2;1-4;1-8;1-5;1-5
;João Dalla Corte;BRA;SC Internacional;D (EC), MD;31/12/2028;1/1/2024;-;-;-;-;19;D (EC), MD;Pé Preferido Desconhecido;Brasil;1,79 m;Rio Grande do Sul;7/6/2006;D (C);Acima da Média;;-;;;2000227264;-;9-15;-;-;9-18;-;-;8-14;-;3-12;-;-;-;-;2-11;-;-;-;9-18;-;-;-;-;-;8-16;-;-;-;-;7-16;-;-;-;-;-;-;-;-;-;-;-
;João Disaró;BRA;Corinthians;D/DA (E);31/7/2029;29/12/2025;-;-;-;-;18;D/DA (E);Pé Preferido Desconhecido;Brasil;1,68 m;Paraná;6/11/2007;D (E);Abaixo da Média;;Athletico-PR;;;2000378914;-;1-10;-;-;8-15;-;-;-;-;4-11;-;-;6-14;-;1-7;-;4-13;-;-;-;-;7-15;-;-;7-13;-;-;-;-;-;-;-;-;-;-;-;-;-;-;-;-
;João Galindo;BRA;SC Internacional;M (C);31/12/2027;29/12/2025;-;-;-;-;18;M (C);Pé Preferido Desconhecido;Brasil;1,79 m;Paraná;11/9/2007;M (C);Acima da Média;;PSTC;;;2000379526;-;4-13;-;10-16;-;-;1-7;-;-;13-20;-;-;-;-;6-13;-;-;-;-;-;-;-;1-8;8-17;-;-;-;-;2-10;-;-;-;-;-;-;-;-;-;-;-;-
For;João Grando;BRA;Santos;PL (C);31/12/2026;14/8/2024;-;-;-;-;17;PL (C);Pé Preferido Desconhecido;Brasil;1,80 m;;5/4/2008;PL (C);Acima da Média;;Azuriz;;;2000488877;-;-;-;5-11;-;-;-;2-10;-;8-16;8-18;-;-;-;4-12;-;3-11;-;5-11;-;-;9-15;-;-;-;-;-;-;-;-;-;-;-;-;-;-;-;-;-;-;-
;João Kempes;BRA;SC Internacional;MO (C);31/12/2026;8/9/2025;-;-;-;-;16;MO (C);Pé Preferido Desconhecido;Brasil;1,69 m;Santa Catarina;25/4/2009;MO (C);Média;;Grêmio;;;2000498736;5-13;-;-;9-15;-;-;1-7;-;-;13-20;1-11;-;-;-;-;-;-;-;-;-;-;-;-;11-20;-;-;-;-;9-17;-;-;-;5-13;-;-;-;-;-;-;-;-
;João Lourenço;BRA;Fluminense;MO (DE);31/12/2026;30/12/2024;-;-;-;-;20;MO (DE);Pé Preferido Desconhecido;Brasil;1,62 m;;15/7/2005;MO (E);Acima da Média;;-;;;2000219535;-;-;-;3-10;-;-;-;-;-;6-15;5-13;14-20;2-9;-;-;-;8-14;-;-;-;15-20;6-13;-;-;-;-;-;-;-;-;-;-;-;-;-;-;-;-;-;-;-
;João Lucas;BRA;Remo;D/DA (D);31/12/2027;8/1/2025;12-18;11-15;1;1-4;27;D/DA (D);Somente Pé Direito;Brasil;1,81 m;Minas Gerais;9/3/1998;D (D);Média;Grêmio;Santos;;;19351927;11-15;8-12;7-13;10-14;9-13;11-15;11-15;5-9;6-12;10-14;6-12;7-13;10-14;10-14;10-14;14-18;10-14;12-16;9-13;8-14;9-15;12-16;13-17;9-13;10-16;10-14;10-16;6-10;11-15;16-20;13-17;10-14;11-15;9-15;3-7;1-5;1-5;1-3;1-4;1-4;1-3
;João Lucas;BRA;EC Bahia;MD, M (C);31/12/2027;29/12/2025;-;-;-;-;19;MD, M (C);Pé Preferido Desconhecido;Brasil;1,88 m;;23/7/2006;MD;Média;;RB Bragantino;;;2000519055;-;10-18;-;9-18;-;-;5-11;-;-;12-18;-;-;-;-;4-10;-;-;-;-;-;-;-;8-14;4-12;-;-;-;-;1-7;-;-;-;-;-;-;-;-;-;-;-;-
;João Madeira;BRA;RB Bragantino;GR;31/1/2028;5/2/2025;-;-;6-14;7-13;17;GR;Pé Preferido Desconhecido;Brasil;1,86 m;;23/7/2008;GR;Média;;Comercial (SP);;;2000494582;-;-;-;-;-;-;-;-;-;-;-;-;-;-;-;-;-;-;-;-;-;-;-;-;-;-;-;-;-;-;-;-;-;-;3-9;13-20;5-13;-;11-20;-;3-11
;João Marcelo;BRA;Cruzeiro;D (C);31/12/2028;24/5/2024;13;10;1;3;25;D (C);Pé Direito;Brasil;1,90 m;Rio de Janeiro;13/6/2000;D (C);Abaixo da Média;;Porto B;;;2000022861;10;13;8;11;14;7;8;15;5;10;6;9;7;5;16;12;10;15;16;14;8;10;14;11;13;14;8;11;5;14;13;12;13;13;3;1;2;2;3;2;1
;João Marques;BRA;Vitória;D/DA (D);31/12/2027;1/1/2025;-;-;-;-;17;D/DA (D);Pé Preferido Desconhecido;Brasil;1,73 m;Bahia;25/6/2008;D (D);Abaixo da Média;;-;;;2000501199;-;9-15;-;-;1-7;-;-;-;-;9-19;-;-;10-18;-;3-13;-;5-11;-;-;-;-;12-20;-;-;2-8;-;-;-;-;-;-;-;-;-;-;-;-;-;-;-;-
;João Moreira;BRA;São Paulo;D/DA (D);30/6/2027;1/2/2023;10-14;5-9;1-5;1-3;21;D/DA (D);Pé Direito;Brasil;1,75 m;São Paulo;21/5/2004;D (D);Alta;;-;Portugal;;2000139248;10-16;6-12;4-8;11-15;10-14;5-9;7-13;4-10;7-11;8-12;5-9;10-14;10-14;11-15;6-10;11-17;10-16;6-10;10-14;9-13;11-15;12-16;10-16;8-14;6-10;9-15;11-15;7-11;12-16;8-12;8-14;12-16;8-12;11-15;1-6;1-4;1-3;3-7;1-4;1-3;1-4
Prt;João Nazari;BRA;São Paulo;GR;11/4/2029;12/5/2025;-;-;4-10;4-13;18;GR;Pé Preferido Desconhecido;Brasil;1,91 m;São Paulo;11/4/2007;GR;Acima da Média;;-;Portugal;;2000378972;-;-;-;-;-;-;-;-;-;-;-;-;-;-;-;-;-;-;-;-;-;-;-;-;-;-;-;-;-;-;-;-;-;-;10-16;9-17;8-15;-;2-9;-;5-11
;João Neto;BRA;RB Bragantino;M/MO (C);31/8/2028;2/9/2024;-;5-9;-;-;22;M/MO (C);Pé Direito;Brasil;1,86 m;São Paulo;21/5/2003;MO (C);Média;;Famalicão;;;83313464;11-17;-;6-10;10-14;8-12;-;7-13;3-9;7-11;9-13;7-11;9-13;9-13;10-14;7-11;8-14;8-14;12-16;11-15;9-13;10-14;9-13;6-12;8-14;6-10;4-10;10-14;2-6;14-18;9-13;10-16;10-14;8-12;7-11;-;-;-;-;-;-;-
;João Paulo;BRA;Palmeiras;D (C);31/1/2028;2/10/2025;-;-;-;-;18;D (C);Pé Preferido Desconhecido;Brasil;1,81 m;São Paulo;9/2/2007;D (C);Abaixo da Média;;-;;;2000521536;-;7-16;-;-;14-20;-;-;7-16;-;1-7;-;-;-;-;2-9;-;-;-;11-18;-;-;-;-;-;10-16;-;-;-;-;10-17;-;-;-;-;-;-;-;-;-;-;-
;João Paulo;BRA;EC Bahia;GR;31/12/2027;11/1/2024;11-17;11-15;12-16;10-14;30;GR;Somente Pé Direito;Brasil;1,88 m;Mato Grosso do Sul;29/6/1995;GR;Baixo;Santos;-;;;19231041;9-13;1-3;1-5;7-11;1-3;1-3;1-5;1-5;1-5;5-9;1-5;1-5;1-4;1-5;13-17;12-16;6-10;11-15;13-17;8-14;11-17;9-13;12-16;7-11;11-17;8-12;1-7;13-17;2-6;14-18;13-17;11-15;9-13;9-15;13-17;14-20;6-12;12-16;12-16;10-14;7-11
;João Pedro;BRA;Santos;GR;30/4/2027;10/5/2024;12-17;8-14;10-15;11-19;17;GR;Pé Direito;Brasil;1,99 m;;18/3/2008;GR;Acima da Média;;-;;S-20;2000379974;2-10;1-5;1-6;8-14;1-2;1-7;1-3;1-4;6-11;6-14;1-4;1-6;3-9;1-5;9-17;3-11;8-13;10-16;6-12;7-12;11-17;11-17;4-12;8-13;10-15;10-15;1-4;4-10;1-3;3-11;6-14;3-9;7-15;9-15;6-14;11-16;5-11;3-9;13-19;8-16;8-13
;João Pedro;BRA;São Paulo;GR;30/6/2028;8/7/2024;-;-;5-14;7-14;19;GR;Pé Preferido Desconhecido;Brasil;1,91 m;São Paulo;10/4/2006;GR;Acima da Média;;SKA Brasil;;;2000272195;-;-;-;-;-;-;-;-;-;-;-;-;-;-;-;-;-;-;-;-;-;-;-;-;-;-;-;-;-;-;-;-;-;-;9-18;11-17;5-11;-;6-14;-;3-12
;João Pedro;BRA;Grêmio;D/DA/M/MO (D);31/12/2027;10/1/2024;9-13;10-14;1-4;1-5;29;D/DA/M/MO (D);Somente Pé Direito;Brasil;1,79 m;São Paulo;15/11/1996;D (D);Alta;;Porto B;;;19212659;8-14;10-14;7-11;12-16;6-10;7-13;6-12;6-10;6-10;10-16;8-12;10-14;12-16;6-10;12-18;10-16;12-16;11-15;4-8;12-16;12-16;14-18;8-14;9-13;8-12;10-14;11-15;5-9;8-12;9-15;8-14;7-11;10-16;10-14;1-4;1-4;1-3;1;2-6;1-6;1-4
Trn;João Pedro Tchoca;BRA;Corinthians;D (C);30/11/2030;5/12/2025;8-12;6-12;1-5;1-3;21;D (C);Pé Direito;Brasil;1,92 m;Minas Gerais;31/12/2003;D (C);Alta;;-;;;2000208450;7-11;13-17;9-15;7-13;10-14;6-10;6-10;12-16;1-4;7-11;1-5;7-13;6-12;6-10;11-15;10-14;12-16;10-16;14-18;6-10;11-17;10-16;10-14;9-13;9-13;13-17;9-15;7-13;5-9;12-16;9-13;10-14;9-13;11-17;1-4;1-3;1-6;1-4;1-3;1-5;1-5
;João Schmidt;BRA;Santos;MD, M (C);31/12/2027;11/1/2024;6-12;10-14;1-7;2-6;32;MD, M (C);Somente Pé Esquerdo;Brasil;1,83 m;São Paulo;19/5/1993;M (C);Acima da Média;;Kawasaki-F;;;19102937;10-14;11-17;9-13;13-17;11-15;11-15;4-8;8-14;9-15;13-17;8-14;11-15;10-14;11-15;13-17;10-14;10-16;10-14;11-15;8-14;10-14;10-14;10-14;13-19;8-14;12-18;10-14;8-12;13-17;14-18;10-14;12-16;13-17;10-14;1-2;1-4;1-3;1-3;1-3;3-7;1-6
;João Soato;BRA;São Paulo;GR;31/5/2028;15/7/2025;-;-;2-12;5-13;16;GR;Pé Preferido Desconhecido;Brasil;1,78 m;São Paulo;7/5/2009;GR;Acima da Média;;-;;;2000530755;-;-;-;-;-;-;-;-;-;-;-;-;-;-;-;-;-;-;-;-;-;-;-;-;-;-;-;-;-;-;-;-;-;-;10-20;11-17;9-15;-;9-17;-;1-6
;João Teixeira;USA;Atlético Mineiro;PL (C);31/12/2028;13/5/2024;-;-;-;-;17;PL (C);Pé Preferido Desconhecido;E.U.A.;1,83 m;Connecticut;14/4/2008;PL (C);Alta;;-;Brasil;S-21;2000327504;-;-;-;8-18;-;-;-;6-14;-;6-12;11-19;-;-;-;9-15;-;6-14;-;5-15;-;-;8-18;-;-;-;-;-;-;-;-;-;-;-;-;-;-;-;-;-;-;-
Prt;João Victor;BRA;Remo;GR;31/12/2026;23/1/2024;-;-;10-16;1-10;20;GR;Pé Preferido Desconhecido;Brasil;1,90 m;Pará;5/8/2005;GR;Alta;;-;;;2000326317;-;-;-;-;-;-;-;-;-;-;-;-;-;-;-;-;-;-;-;-;-;-;-;-;-;-;-;-;-;-;-;-;-;-;12-18;8-16;10-17;-;5-12;-;7-13
;João Victor;BRA;Mirassol;D (C);30/6/2028;24/7/2025;11-15;10-16;1-3;1-3;28;D (C);Pé Direito;Brasil;1,88 m;Pernambuco;2/9/1997;D (C);Abaixo da Média;;Vitória;;;19351947;10-14;13-17;4-8;12-18;9-15;2-6;6-10;12-16;5-9;10-14;8-12;4-8;6-12;1-7;12-16;13-17;10-14;13-19;10-16;12-16;7-11;11-17;12-16;8-12;13-17;12-16;8-12;5-11;7-13;9-13;9-13;6-12;11-15;8-12;1-3;3-7;1-3;1-3;1-5;2-6;1-4
;João Victor;BRA;São Paulo;PL (C);31/1/2027;29/12/2025;-;-;-;-;17;PL (C);Pé Preferido Desconhecido;Brasil;1,74 m;;31/7/2008;PL (C);Acima da Média;;Retrô;;;2000533855;-;-;-;5-13;-;-;-;10-16;-;10-20;8-14;-;-;-;6-16;-;10-16;-;1-4;-;-;12-20;-;-;-;-;-;-;-;-;-;-;-;-;-;-;-;-;-;-;-
;João Victor;BRA;Grêmio;GR;31/12/2027;1/3/2024;-;-;10-16;7-16;19;GR;Pé Preferido Desconhecido;Brasil;1,89 m;Distrito Federal;16/2/2006;GR;Acima da Média;;-;;;2000277658;-;-;-;-;-;-;-;-;-;-;-;-;-;-;-;-;-;-;-;-;-;-;-;-;-;-;-;-;-;-;-;-;-;-;5-14;9-15;9-17;-;10-17;-;7-13
;João Victor;BRA;Flamengo;D (C);31/12/2029;8/1/2025;-;-;-;-;18;D (C);Pé Preferido Desconhecido;Brasil;1,85 m;Rio de Janeiro;1/1/2007;D (C);Alta;;-;;S-20;2000345808;-;10-16;-;-;11-20;-;-;10-16;-;3-12;-;-;-;-;3-12;-;-;-;11-20;-;-;-;-;-;10-18;-;-;-;-;1-7;-;-;-;-;-;-;-;-;-;-;-
;João Vitor;BRA;Chapecoense;D (D), MD, M (C);31/12/2026;5/12/2025;6-12;11-15;1-6;3-7;27;D (D), MD, M (C);Pé Direito;Brasil;1,73 m;Paraíba;31/3/1998;M (C);Acima da Média;CSP;São Paulo Crystal;;;19381428;8-12;7-13;5-9;9-13;9-13;8-12;7-11;5-11;7-13;11-15;5-11;10-14;9-13;6-10;12-16;9-13;10-16;10-14;5-9;6-12;11-15;10-14;9-13;9-15;6-12;11-17;9-13;8-12;9-13;13-17;6-10;7-11;10-14;8-12;1-4;1-4;1-5;1-5;1-5;1-5;1-5
;João Vitor Couto;BRA;Flamengo;MO (EC);31/5/2028;16/6/2025;-;-;-;-;16;MO (EC);Pé Preferido Desconhecido;Brasil;1,73 m;;2/3/2009;MO (C);Abaixo da Média;;-;;;2000522302;-;-;-;9-19;-;-;-;-;-;11-17;13-20;2-10;4-14;-;-;-;9-17;-;-;-;5-13;11-20;-;-;-;-;-;-;-;-;-;-;-;-;-;-;-;-;-;-;-
;John Kennedy;BRA;Fluminense;MO (E), PL (C);31/12/2027;11/10/2023;11-15;12-16;2-6;1-7;23;MO (E), PL (C);Pé Direito;Brasil;1,73 m;Minas Gerais;18/5/2002;PL (C);Alta;;Social;;;19400559;8-14;5-9;10-14;12-16;3-7;6-12;8-14;10-14;6-10;11-17;11-15;11-15;10-14;2-6;10-16;9-15;12-16;14-18;4-8;10-14;13-17;15-19;10-16;9-13;5-9;11-15;13-17;7-11;9-13;10-16;7-13;7-11;11-17;11-15;1-5;2-6;1-3;1;3-7;1-5;1-3
;Johnny;BRA;Flamengo;D (EC);30/11/2027;29/12/2025;-;-;-;-;18;D (EC);Pé Preferido Desconhecido;Brasil;1,89 m;;27/3/2007;D (C);Abaixo da Média;;-;;;2000443501;-;8-14;-;-;2-9;-;-;9-15;-;8-17;-;-;-;-;6-15;-;-;-;4-11;-;-;-;-;-;6-12;-;-;-;-;10-19;-;-;-;-;-;-;-;-;-;-;-
;Jonathan Jesus;BRA;Cruzeiro;D (C);30/6/2029;10/7/2024;-;-;-;-;21;D (C);Pé Preferido Desconhecido;Brasil;1,87 m;;27/5/2004;D (C);Acima da Média;;Ceará;;;2000158496;-;10-16;-;-;6-14;-;-;7-13;-;8-13;-;-;-;-;10-15;-;-;-;7-15;-;-;-;-;-;11-17;-;-;-;-;10-15;-;-;-;-;-;-;-;-;-;-;-
;Jorge Luiz;BRA;Chapecoense;MO (E), PL (C);31/12/2027;1/11/2025;-;-;-;-;18;MO (E), PL (C);Pé Preferido Desconhecido;Brasil;1,72 m;;28/5/2007;MO (E);Abaixo da Média;;-;;;2000520421;-;-;-;4-10;-;-;-;-;-;13-20;3-12;11-17;6-12;-;-;-;11-20;-;-;-;10-16;8-14;-;-;-;-;-;-;-;-;-;-;-;-;-;-;-;-;-;-;-
;Jorginho;ITA;Flamengo;MD, M (C);31/7/2028;6/6/2025;13-15;10;1-2;1-2;34;MD, M (C);Pé Direito;Brasil;1,80 m;Santa Catarina;20/12/1991;MD;Baixo;;Arsenal;Brasil;;43036641;15;14;15-17;16;9-12;1-3;9;7;10-12;17;8;12-14;10-12;10-13;9;13;10;15;9;13-15;11-13;10;15;16;13-15;19;15-17;14;13;15;14-16;12-15;14-17;17-19;1-2;2-4;3-5;2-5;1-2;1-4;1-3
;José Aldo;BRA;Mirassol;MD, M (DC), MO (C);31/12/2027;29/12/2025;7-13;10-14;1-3;1-4;27;MD, M (DC), MO (C);Pé Direito;Brasil;1,74 m;Pernambuco;25/7/1998;M (C);Alta;;Ituano;;;19271927;13-17;7-11;8-14;11-15;9-13;3-7;8-12;4-8;6-12;10-14;9-15;9-15;7-11;6-10;5-9;12-16;8-12;10-14;5-9;8-14;10-16;10-14;11-15;10-14;7-13;7-11;8-14;2-6;12-16;10-14;11-15;8-12;9-13;6-12;2-6;1-5;1-5;1-3;1-4;1-4;1-2
;Joshua;BRA;Flamengo;MO (C);31/5/2030;5/6/2025;-;-;-;-;18;MO (C);Pé Preferido Desconhecido;Brasil;1,80 m;Rio de Janeiro;26/5/2007;MO (C);Alta;;-;;;2000372627;10-16;-;-;8-17;-;-;5-11;-;-;12-18;10-17;-;-;-;-;-;-;-;-;-;-;-;-;8-16;-;-;-;-;6-15;-;-;-;5-11;-;-;-;-;-;-;-;-
;Josmar;BRA;Flamengo;MO (D), PL (C);31/12/2028;29/12/2025;-;-;-;-;17;MO (D), PL (C);Pé Preferido Desconhecido;Brasil;1,82 m;Pernambuco;22/9/2008;PL (C);Acima da Média;;Avaí;;;2000521651;-;-;-;6-12;-;-;-;9-19;-;13-20;5-15;-;-;-;7-15;-;9-19;-;6-14;-;-;6-12;-;-;-;-;-;-;-;-;-;-;-;-;-;-;-;-;-;-;-
;Josué;POR;Coritiba;M/MO (C);31/12/2026;29/12/2025;6-10;13-17;1-4;1-7;35;M/MO (C);Somente Pé Esquerdo;Portugal;1,75 m;Área Metropolitana de Porto;17/9/1990;M/MO (C);Baixo;;Legia;;;55013011;12-18;3-7;11-15;18-20;2-6;3-9;9-15;4-8;13-17;14-20;9-13;14-18;16-20;9-13;8-14;6-12;8-12;13-17;4-8;15-19;10-14;10-14;6-12;14-18;7-11;8-12;10-14;16-20;12-16;15-20;10-16;10-14;13-19;14-18;1-3;1-3;1-4;1;2-6;1-7;1-5
;JP;BRA;Vasco da Gama;M/MO (C);31/12/2027;1/1/2024;10;8;1;3;20;M/MO (C);Pé Direito;Brasil;1,82 m;Goiás;19/4/2005;M (C);Abaixo da Média;;Goiás;;;2000218977;13;10;10;13;10;5;10;8;10;13;10;12;9;7;11;12;12;12;11;11;12;11;12;13;11;12;10;7;11;14;11;10;12;8;1;3;2;3;1;3;2
;JP Chermont;BRA;Coritiba;D/DA (D);31/12/2027;27/6/2024;5-10;2-9;1-6;1-5;19;D/DA (D);Pé Direito;Brasil;1,79 m;;18/1/2006;D (D);Média;Santos;-;;S-20;2000218555;10-16;11-16;8-15;8-15;9-14;7-12;5-11;10-15;3-8;9-14;4-9;10-17;9-16;8-13;5-10;9-15;13-18;8-15;7-12;4-9;11-18;8-15;9-15;12-17;8-13;13-18;10-17;4-11;8-13;10-15;11-17;12-17;9-14;10-17;1-6;1;1-7;1-4;1-3;1-4;1-6
;Juan Gabriel;BRA;Palmeiras;MO (C), PL (C);31/7/2028;1/8/2025;-;-;-;-;17;MO (C), PL (C);Pé Preferido Desconhecido;Brasil;1,88 m;Minas Gerais;5/7/2008;MO (C);Acima da Média;;Athletic (MG);;;2000408340;-;-;-;2-10;-;-;-;9-15;-;5-15;7-15;-;-;-;1-9;-;9-15;-;11-20;-;-;5-13;-;-;-;-;-;-;-;-;-;-;-;-;-;-;-;-;-;-;-
;Juan Torres;BRA;Athletico-PR;MO (EC);31/12/2027;30/12/2024;-;-;-;-;20;MO (EC);Pé Preferido Desconhecido;Brasil;1,71 m;;29/3/2005;MO (C);Alta;;-;Espanha;;2000218050;-;-;-;3-10;-;-;-;-;-;4-13;6-14;11-18;3-10;-;-;-;8-14;-;-;-;12-19;5-12;-;-;-;-;-;-;-;-;-;-;-;-;-;-;-;-;-;-;-
;Juliano;BRA;Palmeiras;PL (C);13/8/2028;15/8/2025;-;-;-;-;17;PL (C);Pé Preferido Desconhecido;Brasil;1,84 m;São Paulo;1/3/2008;PL (C);Baixo;RB Bragantino;-;;;2000378258;-;-;-;2-12;-;-;-;10-18;-;6-12;4-12;-;-;-;4-10;-;11-19;-;10-16;-;-;3-13;-;-;-;-;-;-;-;-;-;-;-;-;-;-;-;-;-;-;-
;Juliano Santini;BRA;Athletico-PR;MO (D), PL (C);1/6/2026;1/6/2024;-;-;-;-;18;MO (D), PL (C);Pé Preferido Desconhecido;Brasil;1,85 m;Paraná;23/2/2007;MO (D);Média;;-;;;2000378924;-;-;-;14-20;-;-;-;-;-;8-14;10-17;3-10;6-15;-;-;-;8-16;-;-;-;4-11;10-19;-;-;-;-;-;-;-;-;-;-;-;-;-;-;-;-;-;-;-
;Julimar;BRA;Athletico-PR;MO (DE), PL (C);31/12/2028;29/12/2025;11-15;8-12;1-3;1-2;24;MO (DE), PL (C);Pé Direito;Brasil;1,82 m;Pará;25/1/2001;MO (E);Alta;;Criciúma;;;19356259;10-16;4-10;7-11;9-13;8-12;5-9;10-16;8-14;6-10;8-12;11-15;11-15;8-12;7-11;9-13;11-17;9-15;11-15;12-16;11-15;11-15;11-15;10-16;7-13;7-11;8-14;12-16;5-9;10-14;8-12;8-14;11-15;8-12;11-15;1-5;1-5;1-4;3-7;1-3;1-2;1-3
;Júlio Fidelis;BRA;Fluminense;D/DA (D);31/12/2028;10/4/2025;-;-;-;-;19;D/DA (D);Pé Preferido Desconhecido;Brasil;1,77 m;;6/11/2006;D (D);Média;;-;;;2000273239;-;4-12;-;-;2-11;-;-;-;-;8-14;-;-;7-16;-;5-11;-;8-16;-;-;-;-;11-20;-;-;9-16;-;-;-;-;-;-;-;-;-;-;-;-;-;-;-;-
;Juninho;BRA;Botafogo;MO (E);30/5/2028;1/6/2025;-;-;-;-;17;MO (E);Pé Preferido Desconhecido;Brasil;1,65 m;Minas Gerais;17/2/2008;MO (E);Média;;-;;;2000369810;-;-;-;10-18;-;-;-;-;-;10-20;6-12;8-16;9-17;-;-;-;10-16;-;-;-;10-18;12-20;-;-;-;-;-;-;-;-;-;-;-;-;-;-;-;-;-;-;-
;Juninho;BRA;Vasco da Gama;M (C), MO (DEC);31/7/2029;1/11/2025;10;12;3;2;18;M (C), MO (DEC);Pé Direito;Brasil;1,65 m;;24/4/2007;MO (EC);Acima da Média;;-;;;2000380236;11;5;5;10;7;9;8;5;10;11;8;11;8;10;3;10;12;10;3;7;15;13;15;10;8;10;12;9;12;12;8;8;8;11;1;2;1;2;2;1;3
;Juninho;BRA;SC Internacional;D (EC);31/12/2027;28/2/2025;11-17;12-16;1-2;1-5;30;D (EC);Pé Esquerdo;Brasil;1,85 m;Paraná;1/2/1995;D (C);Média;;FC Midtjylland;;;19233485;11-15;9-13;7-13;9-13;11-15;7-11;8-12;8-12;6-12;8-12;6-12;6-12;9-13;6-10;12-16;15-19;7-11;11-15;12-16;9-15;8-14;10-14;15-19;5-9;10-16;9-13;7-13;9-13;9-13;11-15;12-16;9-13;9-13;8-14;1-5;2-8;1-5;1-5;1-3;1-4;1-2
;Juninho Capixaba;BRA;RB Bragantino;D/DA (E);31/12/2028;29/12/2025;9-15;11-15;1-7;3-7;28;D/DA (E);Pé Esquerdo;Brasil;1,76 m;Espírito Santo;6/7/1997;D (E);Média;;Grêmio;;;19311395;9-13;9-15;11-15;10-14;10-14;12-16;6-10;10-16;6-12;12-16;9-15;10-14;10-14;8-12;9-13;11-15;11-17;12-16;5-9;9-15;12-16;12-16;10-14;8-14;7-13;12-18;12-16;7-11;10-14;14-18;9-13;10-14;13-17;9-13;1-2;1-3;1-3;1-5;1-3;2-6;1-6
Les;Júnior Santos;BRA;Botafogo;MO (DE), PL (C);31/12/2028;21/1/2025;8-12;4-10;3-7;1-4;31;MO (DE), PL (C);Pé Direito;Brasil;1,88 m;Bahia;11/10/1994;PL (C);Muito Alta;Atlético Mineiro;Botafogo;;;19366935;11-15;9-13;3-9;7-13;7-11;6-10;11-15;13-17;2-6;10-14;8-12;14-20;6-12;2-6;12-16;11-15;14-18;8-14;11-15;7-11;10-16;11-17;11-15;12-16;4-8;11-15;11-17;11-17;9-13;3-7;7-11;7-11;9-13;8-14;2-6;1-3;1-6;1-3;1-4;1-3;2-6
;Kadu Santos;BRA;Botafogo;D (D);31/12/2027;19/8/2023;-;-;-;-;20;D (D);Pé Preferido Desconhecido;Brasil;1,77 m;;16/8/2005;D (D);Alta;Remo;-;;;2000455818;-;10-16;-;-;7-16;-;-;-;-;3-12;-;-;6-13;-;1-9;-;9-15;-;-;-;-;7-14;-;-;4-12;-;-;-;-;-;-;-;-;-;-;-;-;-;-;-;-
;Kaiki;BRA;Cruzeiro;D/DA (E);31/12/2027;1/7/2025;12-18;13-17;1-2;1-4;22;D/DA (E);Pé Esquerdo;Brasil;1,73 m;Minas Gerais;8/3/2003;D (E);Acima da Média;;Como 1907;;;2000086175;13-17;9-13;3-9;11-15;10-14;7-11;11-15;3-7;10-16;11-15;8-14;9-15;10-14;10-14;9-13;15-19;10-14;11-15;7-11;11-17;10-16;11-15;15-19;8-12;10-16;11-15;9-15;5-9;10-14;9-13;12-16;9-13;10-14;9-15;1-5;2-8;1-3;1-3;1-5;1-4;1-3
;Kainã;BRA;Chapecoense;GR;31/12/2027;15/2/2024;-;-;3-12;6-13;20;GR;Pé Preferido Desconhecido;Brasil;1,88 m;Santa Catarina;17/5/2005;GR;Média;;-;;;2000247258;-;-;-;-;-;-;-;-;-;-;-;-;-;-;-;-;-;-;-;-;-;-;-;-;-;-;-;-;-;-;-;-;-;-;5-14;11-17;8-14;-;9-17;-;5-14
;Kaio;BRA;Atlético Mineiro;GR;31/12/2028;22/7/2024;-;-;1-9;1-9;17;GR;Pé Preferido Desconhecido;Brasil;1,85 m;Espírito Santo;3/5/2008;GR;Acima da Média;;Avaí;;;2000473805;-;-;-;-;-;-;-;-;-;-;-;-;-;-;-;-;-;-;-;-;-;-;-;-;-;-;-;-;-;-;-;-;-;-;6-16;11-17;9-15;-;9-17;-;1-10
;Kaio Borges;BRA;Fluminense;D/DA (D);31/12/2028;1/3/2025;-;-;-;-;18;D/DA (D);Pé Preferido Desconhecido;Brasil;1,74 m;;19/2/2007;D (D);Acima da Média;;-;;;2000379996;-;1-9;-;-;10-17;-;-;-;-;4-11;-;-;5-13;-;1-7;-;4-13;-;-;-;-;8-16;-;-;9-15;-;-;-;-;-;-;-;-;-;-;-;-;-;-;-;-
;Kaio César;BRA;Corinthians;MO (DE);30/6/2028;21/1/2025;12-16;9-13;1-4;1-3;21;MO (DE);Pé Esquerdo;Brasil;1,68 m;Alagoas;15/2/2004;MO (D);Baixo;Al-Hilal;Coritiba;;;2000245921;13-17;8-12;6-10;9-13;5-11;1-7;9-13;5-9;5-9;10-16;10-14;14-18;7-11;8-14;2-8;9-13;9-13;9-13;2-8;13-17;17-20;12-16;11-15;11-15;5-9;8-12;14-18;3-7;12-18;9-15;9-13;11-17;9-15;12-16;1-5;1-4;2-6;1-7;1;1-3;1-3
;Kaio Ganga;BRA;Santos;MO (DE), PL (C);31/12/2027;1/7/2025;-;-;-;-;18;MO (DE), PL (C);Pé Preferido Desconhecido;Brasil;1,74 m;Bahia;23/1/2007;MO (E);Média;;Ponte Preta;;;2000374072;-;-;-;1-10;-;-;-;-;-;5-11;4-11;7-16;6-15;-;-;-;12-19;-;-;-;7-16;4-13;-;-;-;-;-;-;-;-;-;-;-;-;-;-;-;-;-;-;-
;Kaio Jorge;BRA;Cruzeiro;PL (C);31/12/2030;29/12/2025;13-17;12-16;1-3;1-3;23;PL (C);Pé Direito;Brasil;1,82 m;Pernambuco;24/1/2002;PL (C);Alta;;Juventus;;;19348862;13-17;2-6;12-16;9-13;2-8;1-6;11-15;10-14;4-8;10-16;12-16;12-16;8-12;3-9;7-13;12-16;13-17;2-6;8-14;13-17;13-17;11-15;13-17;12-16;3-7;12-16;16-20;4-8;12-18;12-18;11-15;11-17;9-15;15-19;1-5;1-3;2-6;1-7;1;1-3;1-5
;Kaio Júnior;BRA;Flamengo;MD, M (C);28/8/2028;1/9/2025;-;-;-;-;18;MD, M (C);Pé Preferido Desconhecido;Brasil;1,81 m;;22/1/2007;MD;Acima da Média;;Juventude;;;2000380233;-;3-10;-;7-13;-;-;11-18;-;-;5-13;-;-;-;-;5-13;-;-;-;-;-;-;-;11-18;2-9;-;-;-;-;4-10;-;-;-;-;-;-;-;-;-;-;-;-
;Kaio Nóbrega;BRA;Flamengo;MD, M (C);27/2/2027;1/3/2024;-;-;-;-;18;MD, M (C);Pé Preferido Desconhecido;Brasil;1,77 m;Paraíba;5/4/2007;MD;Abaixo da Média;;-;;;2000525102;-;6-13;-;11-17;-;-;4-11;-;-;9-17;-;-;-;-;2-10;-;-;-;-;-;-;-;10-17;1-6;-;-;-;-;1-7;-;-;-;-;-;-;-;-;-;-;-;-
;Kaio Pantaleão;BRA;Botafogo;D (C), MD;30/6/2028;5/6/2025;15-19;12-18;1-3;1-3;30;D (C), MD;Somente Pé Direito;Brasil;1,86 m;São Paulo;18/9/1995;D (C);Média;;Krasnodar;;;83208229;11-15;11-15;5-9;11-17;8-14;8-12;9-13;14-18;9-13;11-15;7-11;8-12;6-12;5-11;11-15;13-17;12-16;12-18;8-14;14-18;8-12;10-16;11-15;9-13;13-17;11-15;7-11;8-14;9-15;8-12;10-14;8-14;10-14;9-13;1-3;3-7;1-3;1-4;1-6;1-3;1-3
;Kaio Santos;BRA;São Paulo;MD, M (C);31/1/2027;8/8/2025;-;-;-;-;19;MD, M (C);Pé Preferido Desconhecido;Brasil;1,89 m;Espírito Santo;8/10/2006;MD;Média;;Botafogo;;;2000381882;-;5-11;-;8-15;-;-;4-10;-;-;2-11;-;-;-;-;3-12;-;-;-;-;-;-;-;9-15;10-16;-;-;-;-;6-15;-;-;-;-;-;-;-;-;-;-;-;-
;Kaio Vinícius;BRA;Corinthians;D/DA (D);22/10/2027;22/10/2024;-;-;-;-;17;D/DA (D);Pé Preferido Desconhecido;Brasil;1,77 m;Área Metropolitana de Porto;4/2/2008;D (D);Média;;-;;;2000503823;-;1-8;-;-;6-12;-;-;-;-;7-15;-;-;8-14;-;1-9;-;4-12;-;-;-;-;11-17;-;-;7-17;-;-;-;-;-;-;-;-;-;-;-;-;-;-;-;-
;Kaique;BRA;Vitória;M/MO (C);31/12/2026;25/2/2025;-;-;-;-;17;M/MO (C);Pé Preferido Desconhecido;Brasil;1,73 m;São Paulo;26/3/2008;M (C);Abaixo da Média;Porto Vitória;-;;;2000519235;7-15;-;-;3-13;-;-;5-13;-;-;10-16;1-9;-;-;-;-;-;-;-;-;-;-;-;-;14-20;-;-;-;-;8-14;-;-;-;4-10;-;-;-;-;-;-;-;-
;Kaique Kenji;BRA;Cruzeiro;MO (E), PL (C);31/12/2028;3/9/2024;-;-;-;-;19;MO (E), PL (C);Pé Preferido Desconhecido;Brasil;1,77 m;;30/1/2006;MO (E);Acima da Média;;São Caetano;;;2000272649;-;-;-;8-15;-;-;-;-;-;7-16;6-12;7-15;8-15;-;-;-;10-16;-;-;-;8-16;11-18;-;-;-;-;-;-;-;-;-;-;-;-;-;-;-;-;-;-;-
;Kaiquy;BRA;Cruzeiro;D (C);31/12/2027;1/6/2025;-;-;-;-;19;D (C);Pé Preferido Desconhecido;Brasil;1,84 m;;17/5/2006;D (C);Acima da Média;;Serra Macaense;;;2000272645;-;10-16;-;-;6-15;-;-;6-12;-;1-10;-;-;-;-;1-8;-;-;-;10-19;-;-;-;-;-;10-18;-;-;-;-;10-19;-;-;-;-;-;-;-;-;-;-;-
;Walter Kannemann;ARG;Grêmio;D (EC);31/12/2027;29/12/2025;17-20;16-20;1-5;1-2;34;D (EC);Somente Pé Esquerdo;Argentina;1,83 m;Entre Ríos;14/3/1991;D (C);Muito Alta;;Atlas;Alemanha;;14023376;7-13;11-17;4-8;8-12;13-17;6-10;3-9;9-15;2-6;5-9;4-8;6-10;5-9;5-9;10-14;11-17;6-12;8-12;12-16;11-15;8-12;8-12;17-20;3-9;12-16;11-17;8-12;13-17;5-9;12-16;13-19;13-17;6-10;11-15;1-6;1-5;1-5;3-7;1-4;1-3;1-4
;Kanu;BRA;EC Bahia;D (C);31/12/2027;22/8/2023;12-16;7-11;1-4;1-3;28;D (C);Pé Direito;Brasil;1,86 m;Rio de Janeiro;7/3/1997;D (C);Média;;Botafogo;;;19307359;10-16;10-16;8-12;10-14;13-17;6-10;5-11;8-14;5-9;8-12;5-9;7-11;5-9;6-10;10-14;11-17;9-15;11-15;13-17;10-14;10-14;11-15;12-18;9-15;12-16;10-16;8-12;13-17;7-11;9-13;10-16;12-16;6-10;12-16;1-7;1-5;1-5;2-6;1-4;1;1-4
;Kauã Barbosa;BRA;SC Internacional;D/DA (E);31/12/2028;30/12/2024;-;-;-;-;18;D/DA (E);Pé Preferido Desconhecido;Brasil;1,77 m;Rio Grande do Sul;8/6/2007;D (E);Acima da Média;;-;;;2000278137;-;5-11;-;-;6-15;-;-;-;-;7-16;-;-;4-11;-;1-7;-;10-16;-;-;-;-;7-14;-;-;4-12;-;-;-;-;-;-;-;-;-;-;-;-;-;-;-;-
;Kauã Branco;BRA;Botafogo;D (C);31/12/2027;15/7/2024;-;-;-;-;19;D (C);Pé Preferido Desconhecido;Brasil;1,85 m;Bahia;4/5/2006;D (C);Acima da Média;;Mirassol;;;2000323730;-;3-12;-;-;11-18;-;-;4-13;-;1-8;-;-;-;-;4-11;-;-;-;12-19;-;-;-;-;-;8-14;-;-;-;-;1-2;-;-;-;-;-;-;-;-;-;-;-
;Kauã Brasília;BRA;Fluminense;MO (DC);30/6/2027;30/12/2024;-;-;-;-;19;MO (DC);Pé Preferido Desconhecido;Brasil;1,74 m;;5/3/2006;MO (C);Média;;-;;;2000205369;9-15;-;-;7-14;-;-;7-13;-;-;4-13;12-20;-;-;-;-;-;-;-;-;-;-;-;-;10-16;-;-;-;-;11-20;-;-;-;1-9;-;-;-;-;-;-;-;-
;Kauã Cruz;BRA;Botafogo;D (C);31/3/2028;6/10/2025;-;-;-;-;18;D (C);Pé Preferido Desconhecido;Brasil;1,85 m;;19/4/2007;D (C);Acima da Média;;Brasilis;;;2000381036;-;4-13;-;-;12-19;-;-;4-13;-;1-3;-;-;-;-;1-8;-;-;-;10-17;-;-;-;-;-;10-16;-;-;-;-;4-11;-;-;-;-;-;-;-;-;-;-;-
;Kauã Edmar;BRA;São Paulo;MD, M (C);31/8/2028;1/9/2025;-;-;-;-;16;MD, M (C);Pé Preferido Desconhecido;Brasil;1,81 m;São Paulo;31/7/2009;M (C);Acima da Média;;-;;;2000523589;-;10-20;-;10-16;-;-;1-8;-;-;12-20;-;-;-;-;6-14;-;-;-;-;-;-;-;3-11;7-17;-;-;-;-;1-9;-;-;-;-;-;-;-;-;-;-;-;-
;Kauã Moraes;BRA;Cruzeiro;D/DA (D);31/8/2030;2/9/2025;7-12;12-17;1-5;1-7;19;D/DA (D);Pé Direito;Brasil;1,74 m;;29/9/2006;D (D);Média;;Athletico-PR;;S-20;2000454699;8-15;8-13;5-11;14-19;6-11;8-15;3-10;7-12;2-7;10-17;6-11;10-16;11-16;3-8;5-12;9-16;11-16;14-19;4-9;7-12;11-17;13-18;5-12;11-16;8-13;12-17;10-16;7-12;7-12;11-18;6-13;7-12;11-18;11-17;1-5;1-3;1-6;1;2-7;1-8;1-6
;Kauã Pascini;BRA;Atlético Mineiro;D/DA (E);31/12/2030;15/12/2025;-;-;-;-;17;D/DA (E);Pé Preferido Desconhecido;Brasil;1,72 m;Espírito Santo;5/3/2008;D (E);Média;;Flamengo;;;2000365595;-;6-14;-;-;2-12;-;-;-;-;10-16;-;-;11-20;-;4-10;-;10-18;-;-;-;-;11-20;-;-;6-14;-;-;-;-;-;-;-;-;-;-;-;-;-;-;-;-
Trn;Kauã Prates;BRA;Cruzeiro;D (EC);31/12/2027;31/8/2024;-;-;-;-;17;D (EC);Pé Preferido Desconhecido;Brasil;1,83 m;Espírito Santo;12/8/2008;D (E);Alta;;-;;S-20;2000403408;-;10-18;-;-;7-13;-;-;-;-;7-13;-;-;2-12;-;6-12;-;13-20;-;-;-;-;4-14;-;-;3-11;-;-;-;-;-;-;-;-;-;-;-;-;-;-;-;-
;Kauã Velon;BRA;Fluminense;MO (DC), PL (C);31/12/2026;9/2/2024;6-9;8-11;2-5;1-4;19;MO (DC), PL (C);Pé Direito;Brasil;1,83 m;;13/3/2006;MO (C);Alta;;Vasco da Gama;;;2000273267;7;2-5;4;10;2-5;5-9;4;6-9;6;12;12;13;8;6;4-8;8;13;12-15;5-8;4;12;13;8;8;3-6;4-7;9;1-4;10;9;7-11;4-7;6-10;7-11;1-3;1-2;1-5;1;3-6;2-6;1-4
;Kauan;BRA;SC Internacional;GR;31/12/2026;3/1/2025;8-14;5-9;11-17;9-13;22;GR;Somente Pé Esquerdo;Brasil;1,92 m;São Paulo;27/4/2003;GR;Média;;SKA Brasil;;;2000276631;2-6;-;-;-;-;-;-;-;-;6-10;-;-;-;-;12-16;1-2;5-11;8-12;13-17;4-10;9-13;6-10;3-7;-;4-10;7-13;1-4;10-14;-;5-9;10-14;7-11;8-12;7-11;2-6;6-12;6-10;7-11;6-10;8-12;11-17
;Kauan;BRA;Chapecoense;D (C);31/12/2026;11/1/2025;6-10;8-12;1-3;1-5;22;D (C);Pé Direito;Brasil;1,91 m;Santa Catarina;7/4/2003;D (C);Acima da Média;;SC Internacional;;;2000020497;1-5;11-15;3-7;2-6;11-17;1-3;2-6;11-15;1-3;3-9;3-7;6-10;1;1-7;2-8;2-6;9-13;8-12;13-19;5-9;10-14;8-12;5-9;2-6;11-15;4-8;6-10;7-11;3-9;8-14;11-15;5-11;3-9;11-15;1-3;1-4;1-5;1-5;1-3;1-4;1-3
;Kauan Alves;BRA;SC Internacional;MO (C);31/12/2027;1/7/2024;-;-;-;-;19;MO (C);Pé Preferido Desconhecido;Brasil;1,76 m;Distrito Federal;20/11/2006;MO (C);Acima da Média;;-;;;2000498941;4-10;-;-;12-20;-;-;4-10;-;-;9-15;6-13;-;-;-;-;-;-;-;-;-;-;-;-;7-15;-;-;-;-;1-9;-;-;-;2-8;-;-;-;-;-;-;-;-
;Kauan Coutinho;BRA;Vitória;D (C);31/12/2028;1/1/2024;-;-;-;-;18;D (C);Pé Preferido Desconhecido;Brasil;1,89 m;Bahia;15/3/2007;D (C);Acima da Média;;-;;;2000440208;-;10-16;-;-;5-12;-;-;10-16;-;8-17;-;-;-;-;10-19;-;-;-;7-14;-;-;-;-;-;8-14;-;-;-;-;10-19;-;-;-;-;-;-;-;-;-;-;-
;Kauan Dias;BRA;SC Internacional;GR;8/10/2028;9/10/2025;-;-;6-12;6-15;19;GR;Pé Preferido Desconhecido;Brasil;2,00 m;;19/8/2006;GR;Média;Água Santa;-;;;2000525453;-;-;-;-;-;-;-;-;-;-;-;-;-;-;-;-;-;-;-;-;-;-;-;-;-;-;-;-;-;-;-;-;-;-;6-12;9-17;13-20;-;3-10;-;10-16
;Kauan Lima;BRA;Palmeiras;GR;31/12/2028;17/10/2025;-;-;9-17;5-11;18;GR;Pé Preferido Desconhecido;Brasil;1,93 m;Bahia;14/2/2007;GR;Acima da Média;;Planaltina EC;;;2000521531;-;-;-;-;-;-;-;-;-;-;-;-;-;-;-;-;-;-;-;-;-;-;-;-;-;-;-;-;-;-;-;-;-;-;8-14;10-17;3-10;-;2-11;-;5-13
;Kauan Montanha;BRA;Vitória;MO (DE), PL (C);31/12/2028;1/1/2024;-;-;-;-;20;MO (DE), PL (C);Pé Preferido Desconhecido;Brasil;1,79 m;;11/5/2005;PL (C);Abaixo da Média;;Retrô;;;2000335706;-;-;-;10-17;-;-;-;8-14;-;10-19;8-14;-;-;-;2-11;-;10-16;-;2-9;-;-;12-19;-;-;-;-;-;-;-;-;-;-;-;-;-;-;-;-;-;-;-
;Kauan Stabelini;BRA;Athletico-PR;MD, M (C);31/12/2028;1/6/2024;-;-;-;-;18;MD, M (C);Pé Preferido Desconhecido;Brasil;1,79 m;São Paulo;14/5/2007;M (C);Alta;;-;;;2000264290;-;4-13;-;6-14;-;-;6-15;-;-;3-10;-;-;-;-;1-8;-;-;-;-;-;-;-;12-20;2-11;-;-;-;-;7-14;-;-;-;-;-;-;-;-;-;-;-;-
;Kauan Toledo;BRA;Botafogo;MO (C);31/12/2028;7/1/2025;-;-;-;-;19;MO (C);Pé Preferido Desconhecido;Brasil;1,76 m;;15/4/2006;MO (C);Média;;Desportivo Brasil;;;2000213003;11-18;-;-;9-15;-;-;11-18;-;-;7-15;14-20;-;-;-;-;-;-;-;-;-;-;-;-;4-11;-;-;-;-;10-16;-;-;-;5-13;-;-;-;-;-;-;-;-
;Kauan Vitor;BRA;Vitória;D/DA (E);31/12/2026;29/12/2025;-;-;-;-;19;D/DA (E);Pé Preferido Desconhecido;Brasil;1,71 m;Pernambuco;15/6/2006;D (E);Acima da Média;;-;;;2000501210;-;9-15;-;-;8-17;-;-;-;-;6-15;-;-;3-10;-;1-4;-;9-15;-;-;-;-;6-13;-;-;2-10;-;-;-;-;-;-;-;-;-;-;-;-;-;-;-;-
;Kauê;BRA;Corinthians;GR;31/12/2029;24/3/2025;-;-;5-13;7-13;21;GR;Pé Preferido Desconhecido;Brasil;1,91 m;São Paulo;8/2/2004;GR;Abaixo da Média;;PSTC;;;2000109527;-;-;-;-;-;-;-;-;-;-;-;-;-;-;-;-;-;-;-;-;-;-;-;-;-;-;-;-;-;-;-;-;-;-;11-19;11-16;6-11;-;10-16;-;7-15
;Kauê Arno;BRA;Chapecoense;MD, M (C);31/7/2028;16/9/2024;-;-;-;-;17;MD, M (C);Pé Preferido Desconhecido;Brasil;1,71 m;Santa Catarina;6/6/2008;M (C);Abaixo da Média;;-;;;2000520297;-;2-12;-;6-14;-;-;7-17;-;-;5-13;-;-;-;-;1-5;-;-;-;-;-;-;-;9-19;2-12;-;-;-;-;5-13;-;-;-;-;-;-;-;-;-;-;-;-
;Kauê Furquim;BRA;EC Bahia;MO (D);31/12/2028;18/8/2025;-;-;-;-;16;MO (D);Pé Preferido Desconhecido;Brasil;1,73 m;;27/2/2009;MO (D);Média;;Corinthians;;;2000480666;-;-;-;6-12;-;-;-;-;-;11-19;2-12;10-16;5-11;-;-;-;10-20;-;-;-;11-17;8-14;-;-;-;-;-;-;-;-;-;-;-;-;-;-;-;-;-;-;-
;Kauê Vinícius;BRA;Athletico-PR;MO (E);31/12/2027;29/12/2025;-;-;-;-;19;MO (E);Pé Preferido Desconhecido;Brasil;1,81 m;Santa Catarina;5/8/2006;MO (E);Alta;;-;;;2000456705;-;-;-;3-10;-;-;-;-;-;3-12;8-16;11-18;5-12;-;-;-;8-14;-;-;-;13-20;5-12;-;-;-;-;-;-;-;-;-;-;-;-;-;-;-;-;-;-;-
;Kawê;BRA;Corinthians;MO (DE);3/4/2028;4/4/2025;-;-;-;-;17;MO (DE);Pé Preferido Desconhecido;Brasil;1,81 m;;28/3/2008;MO (D);Abaixo da Média;;Aster Brasil;;;2000503830;-;-;-;2-12;-;-;-;-;-;6-12;1-9;10-20;1-11;-;-;-;11-19;-;-;-;12-20;4-14;-;-;-;-;-;-;-;-;-;-;-;-;-;-;-;-;-;-;-
;Kawê;BRA;Atlético Mineiro;PL (C);31/12/2028;30/12/2024;-;-;-;-;18;PL (C);Pé Preferido Desconhecido;Brasil;1,81 m;Alagoas;27/1/2007;PL (C);Acima da Média;;-;;;2000270858;-;-;-;6-12;-;-;-;7-16;-;11-18;4-13;-;-;-;8-15;-;10-19;-;4-12;-;-;8-14;-;-;-;-;-;-;-;-;-;-;-;-;-;-;-;-;-;-;-
;Kawê;BRA;RB Bragantino;PL (C);30/6/2027;27/7/2022;1-6;5-9;-;-;23;PL (C);Somente Pé Direito;Brasil;1,77 m;São Paulo;22/6/2002;PL (C);Abaixo da Média;;América FC;;;19411615;11-15;1-5;4-10;3-7;-;-;7-11;5-9;4-10;11-15;11-17;7-13;5-9;4-8;3-7;8-12;9-13;13-17;7-11;5-11;9-15;11-15;7-11;1-5;-;2-6;9-15;9-13;10-14;11-15;12-16;2-6;6-10;7-13;-;-;-;-;-;-;-
For;Kayk;BRA;Coritiba;MO (D);31/12/2026;20/8/2024;-;-;-;-;17;MO (D);Pé Preferido Desconhecido;Brasil;1,76 m;;18/5/2008;MO (D);Alta;;SC Internacional;;;2000437286;-;-;-;7-15;-;-;-;-;-;1-9;12-18;6-12;10-18;-;-;-;3-13;-;-;-;7-13;7-15;-;-;-;-;-;-;-;-;-;-;-;-;-;-;-;-;-;-;-
;Kayke;BRA;Corinthians;MO (DE);30/6/2027;21/6/2024;-;-;-;-;21;MO (DE);Pé Preferido Desconhecido;Brasil;1,79 m;;28/4/2004;MO (E);Acima da Média;;São Caetano;;;2000208346;-;-;-;8-13;-;-;-;-;-;12-18;3-11;11-16;7-12;-;-;-;11-19;-;-;-;11-16;10-15;-;-;-;-;-;-;-;-;-;-;-;-;-;-;-;-;-;-;-
;Kayke;BRA;Botafogo;PL (C);31/12/2028;6/5/2024;-;-;-;-;19;PL (C);Pé Preferido Desconhecido;Brasil;1,78 m;Rio de Janeiro;19/6/2006;PL (C);Abaixo da Média;;-;;;2000273035;-;-;-;4-10;-;-;-;7-16;-;10-17;5-14;-;-;-;10-17;-;10-19;-;4-12;-;-;7-13;-;-;-;-;-;-;-;-;-;-;-;-;-;-;-;-;-;-;-
;Kayke Santos;BRA;Athletico-PR;MO (DC), PL (C);4/10/2026;1/6/2024;-;-;-;-;17;MO (DC), PL (C);Pé Preferido Desconhecido;Brasil;1,75 m;Rio de Janeiro;26/4/2008;PL (C);Abaixo da Média;;-;;;2000414344;-;-;-;8-18;-;-;-;-;-;11-17;13-20;5-13;6-16;-;-;-;8-16;-;-;-;4-12;10-20;-;-;-;-;-;-;-;-;-;-;-;-;-;-;-;-;-;-;-
;Kayky;BRA;SC Internacional;MO (DE);31/12/2029;30/6/2025;8-12;9-15;1-5;1-4;22;MO (DE);Pé Esquerdo;Brasil;1,75 m;Rio de Janeiro;11/6/2003;MO (D);Alta;EC Bahia;Man City;;;19408255;12-16;2-6;6-10;10-16;4-10;3-7;9-13;7-11;9-13;11-15;10-14;12-16;9-15;7-13;8-12;10-14;13-17;10-16;4-10;11-15;11-15;13-19;7-11;10-14;4-8;6-10;9-13;3-9;11-17;9-13;7-11;5-11;10-14;6-10;1-5;3-7;1-3;1-5;1-5;1-5;1-3
;Kayky Almeida;BRA;Remo;D (C);31/12/2029;18/1/2025;-;-;-;-;20;D (C);Pé Preferido Desconhecido;Brasil;1,86 m;;1/5/2005;D (C);Alta;Fluminense;Watford;;;2000117762;-;9-18;-;-;7-15;-;-;9-18;-;11-18;-;-;-;-;11-18;-;-;-;8-16;-;-;-;-;-;7-16;-;-;-;-;12-19;-;-;-;-;-;-;-;-;-;-;-
;Keiller;BRA;Coritiba;GR;31/12/2026;1/7/2025;12-16;7-11;10-14;8-14;29;GR;Somente Pé Direito;Brasil;1,91 m;Rio Grande do Sul;9/10/1996;GR;Acima da Média;;SC Internacional;;;19261641;6-10;1-3;1-5;4-8;1-6;1-4;1-4;6-10;6-10;4-10;1-5;3-7;1-3;3-9;9-15;10-14;10-14;8-12;14-20;8-12;13-17;9-13;10-14;5-9;11-15;11-15;2-6;6-10;1-6;8-14;10-14;10-16;7-13;13-17;11-15;12-16;12-16;12-18;9-13;7-13;13-17
;Kelvin;BRA;Cruzeiro;D (EC);31/12/2028;1/8/2023;-;-;-;-;19;D (EC);Pé Preferido Desconhecido;Brasil;1,85 m;São Paulo;12/1/2006;D (C);Acima da Média;;São Bento;;;2000358794;-;13-20;-;-;10-16;-;-;12-19;-;6-12;-;-;-;-;6-12;-;-;-;12-18;-;-;-;-;-;4-11;-;-;-;-;6-12;-;-;-;-;-;-;-;-;-;-;-
;Kelwin;BRA;Fluminense;PL (C);31/12/2027;14/7/2025;-;-;-;-;19;PL (C);Pé Preferido Desconhecido;Brasil;1,83 m;;24/3/2006;PL (C);Alta;;-;;;2000273258;-;-;-;7-13;-;-;-;4-11;-;6-14;10-19;-;-;-;8-16;-;4-11;-;7-13;-;-;9-15;-;-;-;-;-;-;-;-;-;-;-;-;-;-;-;-;-;-;-
;Kenay;BRA;Santos;M/MO (C);31/1/2027;30/12/2024;-;-;-;-;19;M/MO (C);Pé Preferido Desconhecido;Brasil;1,77 m;;28/3/2006;M (C);Alta;;Nacional (SP);;;2000207203;7-15;-;-;4-13;-;-;3-11;-;-;7-13;3-10;-;-;-;-;-;-;-;-;-;-;-;-;11-18;-;-;-;-;4-10;-;-;-;5-11;-;-;-;-;-;-;-;-
;Keno;BRA;Coritiba;MO (DE);31/12/2026;1/7/2025;7-13;8-12;1-7;3-7;36;MO (DE);Pé Direito;Brasil;1,79 m;Bahia;10/9/1989;MO (E);Alta;Fluminense;Coritiba;;;19219855;11-15;7-13;11-15;10-14;7-11;11-15;5-9;8-14;4-10;13-17;8-14;12-16;10-14;8-12;7-11;9-13;11-17;8-12;7-11;8-14;12-16;12-16;8-12;10-16;5-11;11-17;11-15;9-13;13-17;15-19;8-12;10-14;12-16;11-15;1-3;1-3;1-4;1-3;1-4;2-6;1-6
;Kevem Vitor;BRA;São Paulo;MD, M (C);31/1/2027;1/2/2025;-;-;-;-;17;MD, M (C);Pé Preferido Desconhecido;Brasil;1,70 m;;28/10/2008;MD;Média;Retrô;-;;;2000533851;-;6-14;-;8-18;-;-;6-12;-;-;9-15;-;-;-;-;2-8;-;-;-;-;-;-;-;9-15;4-12;-;-;-;-;1-7;-;-;-;-;-;-;-;-;-;-;-;-
;Keven Samuel;BRA;Fluminense;PL (C);31/12/2028;10/3/2025;-;-;-;-;18;PL (C);Pé Preferido Desconhecido;Brasil;1,79 m;;26/1/2007;PL (C);Média;;-;;;2000273260;-;-;-;3-12;-;-;-;9-16;-;6-12;5-12;-;-;-;6-12;-;11-18;-;8-14;-;-;5-14;-;-;-;-;-;-;-;-;-;-;-;-;-;-;-;-;-;-;-
;Khellven;BRA;Palmeiras;D/DA (D);31/7/2030;2/8/2025;10-14;6-10;1-5;1-5;24;D/DA (D);Somente Pé Direito;Brasil;1,77 m;Rio Grande do Norte;25/2/2001;D (D);Alta;;CSKA Moscovo;;;19369351;11-15;10-14;12-16;9-13;10-16;9-15;10-14;8-12;9-13;9-15;9-13;13-17;8-12;10-16;4-10;12-16;11-15;9-13;6-12;11-15;13-17;11-15;11-15;11-15;9-13;11-15;13-17;6-10;11-17;9-15;11-15;10-16;8-14;13-17;1-3;1-3;1-5;1-5;1-4;1-5;1-4
;Khensane;BRA;Coritiba;MD;30/1/2028;30/1/2025;-;-;-;-;16;MD;Pé Preferido Desconhecido;Brasil;1,76 m;Minas Gerais;30/1/2009;MD;Média;;-;Moçambique;;2000444739;-;10-16;-;10-18;-;-;2-12;-;-;9-19;-;-;-;-;9-19;-;-;-;-;-;-;-;3-13;6-12;-;-;-;-;3-11;-;-;-;-;-;-;-;-;-;-;-;-
;Kidani;BRA;Palmeiras;MO (E);31/1/2027;1/6/2025;-;-;-;-;19;MO (E);Pé Preferido Desconhecido;Brasil;1,68 m;São Paulo;31/1/2006;MO (E);Abaixo da Média;;Flamengo (SP);;;2000331317;-;-;-;11-17;-;-;-;-;-;9-17;7-16;6-15;10-16;-;-;-;6-13;-;-;-;2-11;11-17;-;-;-;-;-;-;-;-;-;-;-;-;-;-;-;-;-;-;-
;Kukri;BRA;Coritiba;M/MO (C);31/12/2027;1/7/2025;-;-;-;-;18;M/MO (C);Pé Preferido Desconhecido;Brasil;1,71 m;;7/4/2007;M/MO (C);Abaixo da Média;;Águia de Marabá;;;2000407527;5-12;-;-;9-15;-;-;1-7;-;-;13-20;1-10;-;-;-;-;-;-;-;-;-;-;-;-;11-20;-;-;-;-;8-16;-;-;-;8-15;-;-;-;-;-;-;-;-
;Zakaria Labyad;MAR;Corinthians;M/MO (DEC), PL (C);31/12/2026;29/12/2025;10-14;13-17;1-5;2-8;32;M/MO (DEC), PL (C);Pé Direito;Países Baixos;1,75 m;Utrecht;9/3/1993;MO (C);Acima da Média;;Dalian Yingbo;Países Baixos;;37018928;10-16;3-7;11-15;13-17;1-4;8-14;9-15;7-11;13-17;11-17;11-15;12-16;13-17;10-14;7-13;7-13;9-13;10-14;4-8;9-13;10-14;12-16;6-12;11-15;6-10;9-13;11-15;7-11;11-15;9-15;8-14;7-11;11-17;10-14;1-4;1-3;1-5;1-2;3-7;1-5;1-5
;Larson;BRA;Palmeiras;MD, M/MO (C);31/12/2030;29/12/2025;-;-;-;-;20;MD, M/MO (C);Pé Preferido Desconhecido;Brasil;1,83 m;Rio Grande do Sul;10/7/2005;M (C);Alta;;Goiás;;;2000351881;-;6-14;-;11-20;-;-;7-13;-;-;10-16;-;-;-;-;8-14;-;-;-;-;-;-;-;8-14;9-17;-;-;-;-;5-14;-;-;-;-;-;-;-;-;-;-;-;-
;Joaquín Lavega;URU;Coritiba;MO (DE), PL (C);31/12/2029;30/12/2024;6-11;8-13;1-4;1-8;20;MO (DE), PL (C);Somente Pé Esquerdo;Uruguai;1,74 m;Montevideo;3/2/2005;MO (E);Abaixo da Média;Fluminense;River Plate;;S-23;2000094147;9-16;5-10;8-14;11-16;3-8;7-14;2-9;5-10;7-12;12-19;9-14;10-16;12-17;6-11;4-11;8-15;10-15;14-19;2-7;6-11;11-17;16-20;9-16;10-15;5-10;9-14;10-16;9-14;9-14;2-9;5-12;6-11;7-14;8-14;1-3;1-3;1-4;1;2-7;1-6;1-4
;Lázaro;BRA;SC Internacional;D (C);1/9/2027;1/9/2024;-;-;-;-;18;D (C);Pé Preferido Desconhecido;Brasil;1,93 m;;8/9/2007;D (C);Acima da Média;;-;;;2000379522;-;10-16;-;-;5-12;-;-;10-16;-;3-12;-;-;-;-;7-16;-;-;-;9-16;-;-;-;-;-;5-11;-;-;-;-;1-8;-;-;-;-;-;-;-;-;-;-;-
;Lemos;BRA;Atlético Mineiro;D (C);31/12/2027;11/4/2025;-;-;-;-;19;D (C);Pé Preferido Desconhecido;Brasil;1,89 m;Tocantins;19/4/2006;D (C);Alta;;Flamengo;;;2000443530;-;6-13;-;-;10-16;-;-;11-18;-;1-7;-;-;-;-;4-10;-;-;-;13-19;-;-;-;-;-;2-9;-;-;-;-;7-13;-;-;-;-;-;-;-;-;-;-;-
;Léo;BRA;Athletico-PR;D (EC);31/12/2028;3/1/2025;11-13;10;1-3;1-4;29;D (EC);Somente Pé Esquerdo;Brasil;1,83 m;Rio de Janeiro;6/3/1996;D (C);Acima da Média;;Vasco da Gama;;;19231123;11;13;12-14;12;13;13-16;11-13;10;3-5;11;7-9;12-14;10-12;2-5;14;15;14;12-14;13;12-14;13-15;14;12;12-14;14;13;13-15;15;11-14;11;10;9-12;12;14;1-2;2-4;2-4;2-5;1-2;1-3;3-5
;Léo Agostinho;BRA;Corinthians;MO (DE);31/12/2026;31/1/2025;-;-;-;-;20;MO (DE);Pé Preferido Desconhecido;Brasil;1,77 m;;14/4/2005;MO (D);Média;;-;;;2000208421;-;-;-;7-16;-;-;-;-;-;8-14;8-15;4-11;6-15;-;-;-;7-15;-;-;-;5-12;9-18;-;-;-;-;-;-;-;-;-;-;-;-;-;-;-;-;-;-;-
;Léo Andrade;BRA;Remo;D (C);31/12/2026;29/12/2025;11-15;11-17;1-5;1-3;27;D (C);Somente Pé Esquerdo;Brasil;1,91 m;Paraná;18/4/1998;D (C);Abaixo da Média;;Suwon;;;19260157;9-13;11-15;4-10;7-13;11-15;8-12;5-9;13-17;4-8;8-12;3-7;10-16;7-13;7-11;11-15;10-14;11-15;8-14;13-17;6-10;8-14;6-12;10-14;10-14;7-11;12-16;6-12;6-12;2-6;11-15;9-13;10-14;8-12;12-18;1-3;1;1-6;1-5;1-4;1-5;4-8
;Léo Derik;BRA;Athletico-PR;D/DA/M/MO (E);31/12/2028;1/3/2024;8-15;5-10;1;1-6;20;D/DA/M/MO (E);Somente Pé Esquerdo;Brasil;1,68 m;São Paulo;24/7/2005;D (E);Baixo;;-;;;2000215083;13-18;3-8;5-12;8-13;5-10;6-12;7-12;5-10;8-15;9-15;5-12;8-15;12-17;9-14;3-9;12-17;10-15;11-16;3-8;8-15;9-16;13-18;11-16;7-12;7-14;7-12;8-15;5-10;10-15;7-13;9-14;6-11;9-15;7-14;2-7;1-7;1-3;1-4;1-4;1-5;1-4
;Léo Felix;BRA;Vasco da Gama;MD, M (C);30/6/2027;1/7/2024;9;6;3;1;17;MD, M (C);Pé Direito;Brasil;1,71 m;;17/4/2008;MD;Acima da Média;;-;;;2000463751;13;9;4;14;9;6;4;8;7;9;4;8;8;7;8;9;10;11;8;9;11;11;14;9;9;10;9;6;5;5;9;9;9;9;2;3;2;3;1;3;2
;Léo Jardim;BRA;Vasco da Gama;GR;31/12/2030;29/12/2025;13;10;11;13;30;GR;Pé Direito;Brasil;1,88 m;São Paulo;20/3/1995;GR;Abaixo da Média;;LOSC Lille;Itália;;19219843;8;3;4;10;2;3;2;8;6;9;1;7;1;2;12;12;12;16;13;12;15;12;14;12;14;12;6;13;6;13;12;13;13;14;11;16;13;15;12;11;13
;Léo Linck;BRA;Botafogo;GR;31/12/2028;30/1/2025;15-19;3-9;8-12;9-13;24;GR;Somente Pé Direito;Brasil;1,94 m;Paraná;3/3/2001;GR;Abaixo da Média;;Athletico-PR;Alemanha;;19337932;6-10;1-3;1;6-12;1-5;1-4;1-5;1-3;7-11;6-10;2-6;1-3;1-5;1-5;10-14;10-14;6-10;11-17;12-18;11-15;9-13;7-13;5-9;7-11;12-16;9-13;1-2;10-16;1-5;10-14;10-14;6-12;6-10;7-11;3-7;13-17;5-9;8-14;11-17;7-11;13-17
;Léo Maná;BRA;Corinthians;D/DA/M (D);31/12/2029;10/1/2025;-;-;-;-;21;D/DA/M (D);Pé Preferido Desconhecido;Brasil;1,75 m;São Paulo;6/4/2004;D (D);Média;;-;;;2000109525;-;7-12;-;-;3-9;-;-;-;-;10-18;-;-;11-17;-;5-13;-;11-16;-;-;-;-;13-19;-;-;7-12;-;-;-;-;-;-;-;-;-;-;-;-;-;-;-;-
;Léo Nannetti;BRA;Flamengo;GR;31/12/2029;10/9/2025;-;-;5-14;11-18;18;GR;Pé Preferido Desconhecido;Brasil;1,93 m;;21/8/2007;GR;Média;;-;;S-20;2000373829;-;-;-;-;-;-;-;-;-;-;-;-;-;-;-;-;-;-;-;-;-;-;-;-;-;-;-;-;-;-;-;-;-;-;3-10;7-16;10-16;-;9-15;-;12-20
Prt;Léo Ortiz;BRA;Flamengo;D (C), MD;31/12/2028;4/3/2024;11-15;8-12;1-5;1-4;29;D (C), MD;Pé Direito;Brasil;1,85 m;Rio Grande do Sul;3/1/1996;D (C);Acima da Média;;RB Bragantino;;;19260885;11-15;12-16;14-18;11-15;13-19;6-12;7-11;12-16;11-15;9-15;7-11;10-14;6-10;7-13;9-15;12-16;10-14;10-14;12-18;11-15;12-16;8-12;13-17;12-16;13-17;13-17;11-15;11-15;10-16;10-16;11-15;10-16;8-14;13-17;1-4;1-4;3-7;1-7;1;1-4;1-4
;Léo Pereira;BRA;Flamengo;D (C);31/12/2027;10/2/2023;13-17;16-20;1-4;1-5;29;D (C);Somente Pé Esquerdo;Brasil;1,88 m;Paraná;31/1/1996;D (C);Acima da Média;;Athletico-PR;;;19219840;10-16;13-17;9-13;15-19;11-15;10-16;6-12;13-17;10-14;12-18;6-10;10-14;7-11;2-6;11-17;11-17;11-15;15-19;11-15;12-16;12-16;13-17;9-15;11-15;12-16;12-16;9-13;12-16;11-15;12-18;8-14;9-13;10-16;11-15;1-3;1-5;1-5;1-2;2-6;1-5;1-5
;Léo Vieira;BRA;EC Bahia;GR;31/12/2026;29/12/2025;10-14;9-13;4-8;9-15;35;GR;Somente Pé Direito;Brasil;1,93 m;São Paulo;22/9/1990;GR;Abaixo da Média;;Chapecoense;;;2107498;6-10;1-3;1-5;11-15;1-7;1-3;1-5;1-5;5-9;3-9;1-4;3-7;1;1-7;6-12;8-12;9-13;3-7;14-20;9-13;12-16;8-12;8-12;8-12;9-13;9-13;1-5;2-6;1-5;11-17;8-12;8-14;7-13;11-15;11-15;10-14;16-20;9-15;7-11;6-12;10-14
Prt;Leonardo Forti;BRA;Mirassol;D (D);9/3/2026;28/4/2025;-;-;-;-;20;D (D);Pé Preferido Desconhecido;Brasil;1,77 m;;16/3/2005;D (D);Abaixo da Média;;-;;;2000295691;-;9-15;-;-;1-6;-;-;-;-;12-20;-;-;11-18;-;6-15;-;7-13;-;-;-;-;14-20;-;-;6-12;-;-;-;-;-;-;-;-;-;-;-;-;-;-;-;-
D;Leozinho;BRA;Athletico-PR;MO (DEC);31/12/2027;6/1/2025;6-10;7-11;1-5;1-3;27;MO (DEC);Somente Pé Esquerdo;Brasil;1,73 m;Rio de Janeiro;5/12/1998;MO (D);Abaixo da Média;;Ituano;;;2000249439;12-16;6-10;9-13;8-12;7-13;1-6;6-10;6-10;7-11;10-16;6-10;16-20;7-11;6-12;3-9;10-14;12-16;9-13;4-10;10-14;16-20;9-13;6-10;9-13;6-10;7-11;13-17;1-5;16-20;10-16;8-12;8-14;6-12;10-14;1-3;2-6;1-5;1-6;1-2;1-5;1-5
;Jesse Lingard;ENG;Corinthians;M (DE), MO (DEC);31/12/2026;29/12/2025;8-14;10-14;1-7;1-5;33;M (DE), MO (DEC);Pé Direito;Inglaterra;1,77 m;North-West;15/12/1992;MO (C);Abaixo da Média;;Seoul;;;28047560;10-14;4-10;10-14;11-15;4-8;4-8;8-12;8-14;6-12;14-18;8-14;11-15;9-13;9-13;11-15;8-12;10-16;13-17;8-12;9-15;11-15;11-15;9-13;11-17;8-14;12-18;15-19;11-15;12-16;14-18;9-13;10-14;12-16;11-15;1-2;1-5;1-4;1-5;1-4;1-5;1-6
;Lócio;BRA;Vasco da Gama;M/MO (C);31/12/2029;29/12/2025;9;7;3;2;19;M/MO (C);Somente Pé Esquerdo;Albânia;1,73 m;;5/7/2006;MO (C);Alta;;Resende;;;2000365610;13;6;9;13;4;5;10;6;8;11;9;12;10;11;8;10;12;13;7;12;12;12;11;11;6;10;11;5;14;7;11;9;11;11;4;1;1;2;2;1;1
;Cristhian Loor;ECU;Botafogo;GR;31/12/2028;4/6/2025;-;-;3-9;6-15;19;GR;Pé Preferido Desconhecido;Equador;1,87 m;Santo Domingo de los Tsáchilas;9/3/2006;GR;Abaixo da Média;;Independiente del Valle;;S-20;2000238718;-;-;-;-;-;-;-;-;-;-;-;-;-;-;-;-;-;-;-;-;-;-;-;-;-;-;-;-;-;-;-;-;-;-;4-10;9-17;11-18;-;6-13;-;4-10
;José Manuel López;ARG;Palmeiras;PL (C);31/12/2029;1/10/2025;12-16;8-12;1-3;1-3;25;PL (C);Pé Esquerdo;Argentina;1,90 m;Corrientes;6/12/2000;PL (C);Média;;Lanús;;;2000044526;13-17;7-11;12-16;8-12;6-12;2-8;7-11;13-17;6-10;8-14;12-16;13-17;7-11;6-12;9-15;11-15;10-14;9-13;14-20;12-16;13-17;8-12;10-14;11-15;6-10;10-14;14-18;6-10;11-17;10-16;10-14;10-16;9-15;13-17;1-3;1-3;2-6;1-7;1-2;1-4;1-4
;Renzo López;URU;Vitória;PL (C);31/7/2026;10/7/2025;13-17;10-16;1-5;1-4;31;PL (C);Pé Direito;Uruguai;1,92 m;Montevideo;16/4/1994;PL (C);Acima da Média;;Al-Fayha;;;78048433;10-14;6-10;10-14;9-15;5-11;4-8;10-14;12-16;9-13;10-14;12-16;7-11;8-14;5-11;13-17;10-14;11-15;10-16;12-18;12-16;6-10;8-14;12-16;9-13;9-13;11-15;9-13;7-13;4-10;11-15;10-14;7-13;9-13;8-12;1-4;2-6;1;1-3;1-6;1-5;1-5
;Lorenzo;BRA;Corinthians;D (C);21/8/2026;30/12/2024;-;-;-;-;18;D (C);Pé Preferido Desconhecido;Brasil;1,83 m;;7/6/2007;D (C);Acima da Média;;-;;;2000379923;-;4-11;-;-;4-10;-;-;4-11;-;3-11;-;-;-;-;7-15;-;-;-;6-12;-;-;-;-;-;13-20;-;-;-;-;6-14;-;-;-;-;-;-;-;-;-;-;-
;Lorenzo Vaghetti;BRA;SC Internacional;D (C), MD;31/12/2027;30/12/2024;-;-;-;-;18;D (C), MD;Pé Preferido Desconhecido;Brasil;1,80 m;Rio Grande do Sul;15/3/2007;MD;Média;;-;;;2000498938;-;13-20;-;7-16;-;-;4-12;-;-;7-13;-;-;-;-;2-8;-;-;-;-;-;-;-;8-16;4-11;-;-;-;-;3-9;-;-;-;-;-;-;-;-;-;-;-;-
;Lorenzzo;BRA;Vasco da Gama;D/DA (E);31/1/2029;29/12/2025;10;10;1;3;16;D/DA (E);Somente Pé Esquerdo;Brasil;1,76 m;;30/1/2009;D (E);Abaixo da Média;;-;;;2000503227;11;8;7;10;9;8;8;8;4;11;7;10;12;6;8;10;11;10;8;10;12;12;10;10;9;11;10;3;10;7;10;10;11;7;4;3;2;1;4;4;2
;Louback;BRA;Atlético Mineiro;MO (E), PL (C);31/12/2027;1/5/2025;6-9;15;2-5;1-3;19;MO (E), PL (C);Pé Direito;Brasil;1,76 m;Rio de Janeiro;13/4/2006;PL (C);Acima da Média;;Vasco da Gama;;;2000270861;11;9-12;5;10;8-11;3-6;9;10;6-9;11;11;9-13;8;8-11;10;9;10;9-13;6;6-9;10-14;11;10;9;6-9;10-13;11;6-10;11;11;5-9;7-10;8;9-13;1-3;1;1-5;2-5;1-4;1-2;1-4
;Luan;BRA;São Paulo;MD, M (C);31/12/2026;1/6/2023;10-16;10-14;1-6;2-6;26;MD, M (C);Pé Direito;Brasil;1,75 m;São Paulo;14/5/1999;MD;Acima da Média;;-;;;19290874;7-11;13-19;6-10;8-12;12-16;6-10;8-12;10-16;5-11;11-15;4-10;8-12;7-11;7-11;16-20;8-12;10-16;11-15;5-9;9-15;10-14;10-14;11-15;7-13;10-16;12-18;8-12;9-13;6-10;14-18;8-12;11-15;11-15;11-15;1-4;1-5;1-3;1-4;1-5;1-5;1-5
;Luan Cândido;BRA;Vitória;D (EC), DA (E);31/12/2026;2/1/2022;14-18;10-16;1-4;1-5;24;D (EC), DA (E);Pé Esquerdo;Brasil;1,84 m;Minas Gerais;2/2/2001;D (E);Abaixo da Média;RB Bragantino;RB Leipzig;;;19340771;11-15;10-14;8-12;10-16;7-13;10-14;10-14;11-15;11-15;10-14;10-14;8-12;10-16;3-9;9-13;11-15;11-15;11-17;9-15;13-17;8-12;11-17;9-13;9-13;11-15;11-15;10-14;4-10;9-15;7-11;10-14;6-12;11-15;9-13;1-3;2-6;1-2;1-4;1-5;1-4;1-5
;Luan Francisco;BRA;Cruzeiro;MD;31/12/2027;1/5/2025;-;-;-;-;16;MD;Pé Preferido Desconhecido;Brasil;1,84 m;Minas Gerais;14/3/2009;MD;Alta;;-;;;2000519080;-;11-17;-;13-20;-;-;1-10;-;-;11-20;-;-;-;-;4-14;-;-;-;-;-;-;-;1-7;2-8;-;-;-;-;1-5;-;-;-;-;-;-;-;-;-;-;-;-
;Luan Peres;BRA;Santos;D (C);31/12/2027;2/9/2024;11-15;14-18;1-4;1-7;31;D (C);Pé Esquerdo;Brasil;1,90 m;São Paulo;19/7/1994;D (C);Muito Alta;;Fenerbahçe;;;19215476;7-13;13-17;6-10;12-16;10-14;6-12;4-10;12-16;8-12;10-16;4-8;7-11;8-12;2-6;13-19;7-13;10-14;10-14;11-15;9-13;8-12;10-14;8-14;9-13;11-15;11-15;8-12;11-15;2-6;13-19;9-15;10-14;11-17;12-16;1-3;1-4;1-4;1-3;4-8;1-7;1-3
;Lucas Arcanjo;BRA;Vitória;GR;31/12/2028;28/3/2025;13-19;12-16;7-11;10-14;27;GR;Pé Direito;Brasil;1,89 m;Bahia;8/8/1998;GR;Abaixo da Média;;-;;;19320119;9-13;1-3;1-5;8-12;1-4;1-5;1-5;1-5;1-7;8-12;1-5;1-7;1-3;1-5;11-15;10-14;6-10;9-13;12-16;5-11;10-16;8-12;15-19;7-11;10-16;10-14;4-10;12-16;8-12;12-16;13-17;8-12;12-16;9-15;11-15;12-18;10-16;11-15;11-15;10-14;6-10
;Lucas Arruda;BRA;Santos;MD;31/1/2027;27/4/2024;-;-;-;-;18;MD;Pé Preferido Desconhecido;Brasil;1,72 m;;31/5/2007;MD;Abaixo da Média;;Palmeiras;;;2000379975;-;2-11;-;5-13;-;-;5-14;-;-;2-9;-;-;-;-;1-8;-;-;-;-;-;-;-;10-19;3-12;-;-;-;-;8-15;-;-;-;-;-;-;-;-;-;-;-;-
;Lucas Barbosa;BRA;RB Bragantino;M/MO (D);31/12/2029;4/1/2025;7-11;7-11;1-3;1-3;24;M/MO (D);Pé Esquerdo;Brasil;1,94 m;São Paulo;22/2/2001;MO (D);Acima da Média;;Santos;;;19409769;11-17;6-12;6-10;11-15;10-14;4-8;10-16;6-12;6-10;8-12;9-13;11-15;8-12;7-11;10-14;11-17;9-15;12-16;14-18;9-13;12-16;12-16;9-15;9-15;9-13;6-12;12-16;8-12;13-17;9-13;10-16;11-15;8-12;10-14;1-6;1-3;1-4;2-6;1-3;1-3;1-6
;Lucas Camilo;BRA;Botafogo;MD, M (C);31/8/2027;2/9/2024;-;-;-;-;19;MD, M (C);Pé Preferido Desconhecido;Brasil;1,83 m;Rio Grande do Norte;25/5/2006;MD;Acima da Média;;Grêmio;;;2000277603;-;4-11;-;9-15;-;-;10-17;-;-;7-15;-;-;-;-;4-12;-;-;-;-;-;-;-;9-16;3-10;-;-;-;-;5-11;-;-;-;-;-;-;-;-;-;-;-;-
;Lucas de Andrade;BRA;Vasco da Gama;GR;28/1/2028;1/2/2025;13;7;11;9;17;GR;Pé Direito;Brasil;1,90 m;;7/6/2008;GR;Abaixo da Média;;Nova Venecia;;;2000481543;3;2;1;11;3;2;1;1;6;6;3;1;2;3;6;1;4;11;12;7;10;9;6;6;4;7;3;7;2;7;7;12;3;5;10;13;13;13;13;9;11
Prt;Lucas Eduardo;BRA;Vasco da Gama;MD, M (C);31/1/2027;1/2/2024;11;9;3;1;21;MD, M (C);Pé Direito;Brasil;1,73 m;Rio de Janeiro;13/1/2004;M (C);Abaixo da Média;;-;;;2000218862;12;10;6;13;10;7;9;8;10;12;9;10;7;6;8;10;11;12;7;10;12;11;11;12;12;14;12;9;7;3;11;10;11;10;3;2;2;2;1;2;3
Les;Lucas Evangelista;BRA;Palmeiras;MD, M (C);31/12/2027;29/12/2025;10-14;8-14;1-5;1-5;30;MD, M (C);Pé Esquerdo;Brasil;1,83 m;São Paulo;6/5/1995;M (C);Acima da Média;;RB Bragantino;;;28086745;12-16;10-14;6-10;12-18;9-15;9-13;11-15;10-14;12-16;11-15;11-15;10-14;10-16;6-12;9-13;11-15;10-14;10-16;8-14;13-17;9-13;10-16;11-15;12-16;13-17;13-17;8-12;9-15;10-16;11-15;11-15;8-14;11-15;8-12;1-4;1-5;1-3;1-4;1-7;1-4;1-4
;Lucas Freitas;BRA;Vasco da Gama;D (C);31/12/2027;8/1/2025;13;12;3;1;24;D (C);Pé Esquerdo;Brasil;1,84 m;Rio de Janeiro;20/1/2001;D (C);Acima da Média;;Palmeiras;Portugal;;19371033;11;14;4;11;13;7;6;14;5;11;7;10;8;5;13;13;12;13;14;11;12;12;15;10;13;14;7;10;8;12;12;13;12;13;1;3;2;2;1;2;2
;Lucas Lohan;BRA;Vitória;MD, M (C);3/9/2026;30/12/2024;-;-;-;-;19;MD, M (C);Pé Preferido Desconhecido;Brasil;1,77 m;Rio de Janeiro;10/7/2006;M (C);Abaixo da Média;Audax (SP);Flamengo;;;2000440218;-;10-16;-;12-19;-;-;4-13;-;-;10-19;-;-;-;-;8-17;-;-;-;-;-;-;-;5-14;10-16;-;-;-;-;4-11;-;-;-;-;-;-;-;-;-;-;-;-
;Lucas Marezi;BRA;Athletico-PR;M/MO (C);31/12/2030;29/12/2025;-;-;-;-;19;M/MO (C);Pé Preferido Desconhecido;Brasil;1,75 m;;18/1/2006;M (C);Abaixo da Média;;-;;;2000264289;4-13;-;-;11-18;-;-;3-12;-;-;8-17;3-9;-;-;-;-;-;-;-;-;-;-;-;-;9-15;-;-;-;-;3-10;-;-;-;8-17;-;-;-;-;-;-;-;-
;Lucas Melim;BRA;Vasco da Gama;D (D);30/6/2027;1/7/2024;8;15;1;1;17;D (D);Pé Direito;Brasil;1,68 m;;3/3/2008;D (D);Acima da Média;;-;;;2000463749;7;10;5;7;5;6;4;7;2;7;6;6;11;7;2;7;12;14;7;7;8;13;7;7;9;7;6;5;5;10;14;10;7;5;1;4;1;1;2;1;1
;Lucas Moura;BRA;São Paulo;MO (DEC), PL (C);31/12/2026;1/1/2024;8-14;9-13;1-5;3-7;33;MO (DEC), PL (C);Pé Direito;Brasil;1,72 m;São Paulo;13/8/1992;MO (C);Alta;;Spurs;;;19073564;9-13;7-13;9-13;10-14;4-8;6-10;6-10;13-19;5-11;13-17;9-15;13-17;10-14;9-13;8-12;8-12;12-18;10-14;6-10;7-13;12-16;12-16;12-16;10-16;3-9;13-19;11-15;5-9;11-15;14-18;6-10;9-13;12-16;11-15;1-3;1-5;1-3;1-5;1-5;3-7;1-6
;Lucas Oliveira;BRA;Mirassol;D (C);31/12/2026;1/7/2025;10-14;11-15;1-4;1;29;D (C);Pé Direito;Brasil;1,87 m;Rio de Janeiro;2/2/1996;D (C);Média;;Ceará;;;19367739;8-14;10-16;6-10;8-12;16-20;7-11;6-12;9-15;5-9;6-10;5-9;6-10;6-10;6-10;10-14;10-16;7-13;11-15;15-19;10-14;9-13;9-13;11-17;5-11;11-15;9-15;7-11;8-12;12-16;8-12;9-15;12-16;8-12;10-14;1-6;1-4;1-5;4-8;1-5;1-2;1-4
;Lucas Paquetá;BRA;Flamengo;MD, M (C), MO (EC);31/12/2030;29/12/2025;14-17;12-14;1-3;2-4;28;MD, M (C), MO (EC);Pé Esquerdo;Brasil;1,80 m;Rio de Janeiro;27/8/1997;M (C);Média;;West Ham;Portugal;A;19226741;17;11-14;14-16;13;9-11;6-8;12;12;10-13;16;12;15;11;11-13;13-15;13;13;13;11;12-15;14;13;8-10;14;8-11;9;12-14;10-12;17;13;10;9-11;13;12-14;1-3;1-2;1-3;1-3;1-3;4-6;1-3
;Lucas Piton;ITA;Vasco da Gama;D/DA/M (E);31/12/2028;28/2/2024;10;11;1;3;25;D/DA/M (E);Somente Pé Esquerdo;Brasil;1,75 m;São Paulo;9/10/2000;D (E);Acima da Média;;Corinthians;Brasil;;19380037;14;12;10;13;10;13;10;8;9;14;9;14;16;14;10;13;15;13;8;12;14;15;13;13;12;13;13;10;13;13;13;12;12;12;1;1;1;1;1;2;3
;Lucas Ramon;BRA;São Paulo;D/DA (D);31/12/2027;29/12/2025;11-15;7-13;1-3;2-6;31;D/DA (D);Pé Direito;Brasil;1,78 m;Minas Gerais;7/3/1994;D (D);Média;;Mirassol;;;19255930;9-13;10-14;2-6;10-16;9-15;12-16;10-14;8-12;9-13;10-14;8-12;9-13;10-16;4-10;9-13;12-16;11-15;11-17;6-12;12-16;10-14;12-18;12-16;6-10;14-18;10-14;7-11;6-12;3-9;9-13;8-12;8-14;9-13;10-14;1-5;2-6;1-2;1-5;1-5;1-5;1-3
;Lucas Ronier;BRA;Coritiba;MO (DC);31/12/2027;19/6/2024;-;-;-;-;21;MO (DC);Pé Preferido Desconhecido;Brasil;1,65 m;Paraná;26/11/2004;MO (D);Média;;-;;;2000166672;-;-;-;4-10;-;-;-;-;-;5-13;4-10;13-19;3-9;-;-;-;8-13;-;-;-;15-20;6-12;-;-;-;-;-;-;-;-;-;-;-;-;-;-;-;-;-;-;-
;Lucas Silva;BRA;Cruzeiro;MD, M (C);31/12/2027;31/12/2024;14;13;1;2;32;MD, M (C);Pé Direito;Brasil;1,82 m;Goiás;16/2/1993;MD;Alta;;Grêmio;;;19152917;14;13;13;15;12;8;14;10;12;14;9;12;11;11;10;10;10;13;11;12;11;10;13;14;14;15;10;14;11;13;14;12;15;16;3;3;4;1;2;2;2
;Lucas Silva;BRA;Vitória;MO (C), PL (C);31/12/2027;1/7/2025;12-16;10-16;1-5;1-3;26;MO (C), PL (C);Pé Direito;Brasil;1,82 m;Mato Grosso do Sul;27/8/1999;PL (C);Abaixo da Média;Seoul;Vitória;;;19362985;9-13;6-10;9-13;9-15;4-10;6-10;11-15;8-12;8-12;9-13;11-15;8-12;6-12;3-9;10-14;11-15;11-15;10-16;6-12;12-16;9-13;12-18;11-15;9-13;12-16;10-14;8-12;7-13;8-14;11-15;9-13;9-15;10-14;9-13;1-4;1-5;1;1-5;1-6;1-5;1-3
;Lucas Souza;BRA;Atlético Mineiro;D/DA (D), M (C);31/12/2027;1/5/2025;-;-;-;-;19;D/DA (D), M (C);Pé Preferido Desconhecido;Brasil;1,86 m;São Paulo;30/3/2006;D (D);Média;;RB Bragantino II;;;2000270856;-;8-14;-;-;6-13;-;-;-;-;8-17;-;-;11-18;-;6-15;-;9-15;-;-;-;-;12-19;-;-;5-11;-;-;-;-;-;-;-;-;-;-;-;-;-;-;-;-
;Lucas Taverna;BRA;Coritiba;D/DA (D);31/12/2026;3/2/2024;-;-;-;-;18;D/DA (D);Pé Preferido Desconhecido;Brasil;1,68 m;;8/5/2007;D (D);Acima da Média;;-;;;2000380244;-;10-19;-;-;2-10;-;-;-;-;13-20;-;-;7-13;-;7-14;-;10-19;-;-;-;-;10-16;-;-;4-13;-;-;-;-;-;-;-;-;-;-;-;-;-;-;-;-
;Lucas Veríssimo;BRA;Santos;D (C);31/12/2028;29/12/2025;15-19;15-19;1-3;1-3;30;D (C);Pé Direito;Brasil;1,88 m;São Paulo;7/7/1995;D (C);Muito Alta;;Al-Duhail;;;19249631;9-15;10-16;7-11;10-14;15-19;7-11;6-12;11-17;3-7;7-11;7-11;8-12;7-11;4-8;11-15;10-16;10-16;9-13;15-19;8-12;8-12;8-12;10-16;4-10;12-16;9-15;6-10;12-16;7-11;13-17;12-18;14-18;8-12;11-15;1-5;1-3;1-4;1-5;1-5;1-2;1-4
;Lucas Vieira;BRA;Flamengo;MD, M (C);31/12/2027;1/11/2024;-;-;-;-;18;MD, M (C);Pé Preferido Desconhecido;Brasil;1,81 m;Ceará;8/3/2007;MD;Alta;;-;;;2000520574;-;5-12;-;7-16;-;-;4-12;-;-;10-16;-;-;-;-;3-9;-;-;-;-;-;-;-;6-14;14-20;-;-;-;-;5-11;-;-;-;-;-;-;-;-;-;-;-;-
;Lucas Yan;BRA;Santos;M (EC), MO (C);28/2/2029;23/11/2024;-;-;-;-;19;M (EC), MO (C);Pé Preferido Desconhecido;Brasil;1,62 m;;18/1/2006;M (C);Alta;;-;;;2000229212;12-19;-;-;10-16;-;-;9-16;-;-;8-16;5-14;-;-;-;-;-;-;-;-;-;-;-;-;5-12;-;-;-;-;8-14;-;-;-;6-14;-;-;-;-;-;-;-;-
For;Lysander Lucas;BOL;São Paulo;D (C), MD;31/12/2026;29/12/2025;-;-;-;-;16;D (C), MD;Pé Preferido Desconhecido;Bolívia;1,78 m;;13/1/2009;D (C);Alta;;-;Brasil;S-20;2000456348;-;4-12;-;-;8-14;-;-;5-13;-;2-10;-;-;-;-;1-9;-;-;-;6-12;-;-;-;-;-;11-20;-;-;-;-;14-20;-;-;-;-;-;-;-;-;-;-;-
;Lucca;BRA;Grêmio;PL (C);4/2/2029;29/12/2025;-;-;-;-;17;PL (C);Pé Preferido Desconhecido;Brasil;1,82 m;;1/7/2008;PL (C);Abaixo da Média;;-;;;2000519455;-;-;-;5-15;-;-;-;5-13;-;7-13;11-19;-;-;-;9-15;-;8-16;-;2-12;-;-;10-20;-;-;-;-;-;-;-;-;-;-;-;-;-;-;-;-;-;-;-
;Lucca;BRA;São Paulo;MO (DE);30/4/2028;1/5/2025;-;-;-;-;18;MO (DE);Pé Preferido Desconhecido;Brasil;1,75 m;São Paulo;14/6/2007;MO (E);Alta;;-;;;2000272456;-;-;-;8-14;-;-;-;-;-;7-15;7-16;6-15;7-13;-;-;-;5-12;-;-;-;6-15;10-16;-;-;-;-;-;-;-;-;-;-;-;-;-;-;-;-;-;-;-
;Lucca Caramico;BRA;Corinthians;M (C);31/5/2028;3/7/2025;-;-;-;-;16;M (C);Pé Preferido Desconhecido;Brasil;1,77 m;;7/2/2009;M (C);Média;;-;;;2000482384;-;7-13;-;12-20;-;-;1-9;-;-;9-19;-;-;-;-;7-17;-;-;-;-;-;-;-;7-17;10-16;-;-;-;-;1-8;-;-;-;-;-;-;-;-;-;-;-;-
;Luccas Ramon;BRA;Palmeiras;D (C);30/9/2028;8/10/2025;-;-;-;-;17;D (C);Pé Preferido Desconhecido;Brasil;1,90 m;Paraíba;26/9/2008;D (C);Alta;;Retrô;;;2000447962;-;5-15;-;-;13-20;-;-;4-14;-;1-7;-;-;-;-;1-9;-;-;-;14-20;-;-;-;-;-;11-17;-;-;-;-;1-8;-;-;-;-;-;-;-;-;-;-;-
;Luciano;BRA;São Paulo;MO (C), PL (C);31/12/2028;7/12/2022;8-12;10-14;1-4;1-7;32;MO (C), PL (C);Pé Esquerdo;Brasil;1,81 m;Goiás;18/5/1993;PL (C);Alta;;Grêmio;;;19202502;9-15;5-9;12-16;14-18;3-7;7-13;9-15;11-15;11-15;11-17;12-16;11-15;10-14;7-11;8-14;8-14;12-16;11-15;8-12;10-14;12-16;14-18;9-15;11-15;4-8;9-13;11-15;9-13;10-14;11-17;5-11;9-13;12-18;11-15;1-3;1-5;1-4;1-3;2-6;1-6;1-5
;Luciano Jr;BRA;São Paulo;GR;31/7/2026;13/8/2024;-;-;3-9;4-13;19;GR;Pé Preferido Desconhecido;Brasil;1,92 m;Santa Catarina;25/7/2006;GR;Acima da Média;;-;;;2000214126;-;-;-;-;-;-;-;-;-;-;-;-;-;-;-;-;-;-;-;-;-;-;-;-;-;-;-;-;-;-;-;-;-;-;10-16;7-15;9-16;-;4-11;-;9-15
;Luciano Juba;BRA;EC Bahia;D/DA/M (E), MO (EC);31/12/2029;29/12/2025;9-13;11-15;1-4;1-5;26;D/DA/M (E), MO (EC);Somente Pé Esquerdo;Brasil;1,76 m;Pernambuco;29/8/1999;MO (E);Abaixo da Média;;Sport Recife;;;19408285;9-15;11-15;10-14;13-17;7-11;8-14;10-16;7-11;11-15;11-17;11-15;10-14;13-17;8-12;8-14;11-17;11-15;12-16;4-8;10-14;11-15;13-17;9-15;11-15;10-14;10-14;11-15;8-12;9-13;11-17;8-14;8-12;10-16;11-15;1-4;1-5;1-5;1;1-5;1-6;1-4
;Pablo Lúcio;BRA;Flamengo;MD, M (C);31/3/2030;15/4/2025;-;-;-;-;18;MD, M (C);Pé Preferido Desconhecido;Brasil;1,88 m;Rio de Janeiro;12/4/2007;MD;Abaixo da Média;;-;;S-20;2000372620;-;14-20;-;7-16;-;-;10-18;-;-;7-13;-;-;-;-;6-12;-;-;-;-;-;-;-;9-17;11-18;-;-;-;-;3-9;-;-;-;-;-;-;-;-;-;-;-;-
;Lucyan;BRA;São Paulo;D/DA/M/MO (D);30/6/2028;21/8/2025;-;-;-;-;19;D/DA/M/MO (D);Pé Preferido Desconhecido;Brasil;1,78 m;Mato Grosso;26/2/2006;DA (D);Abaixo da Média;;EC Bahia;;;2000328930;-;-;-;12-19;-;-;-;-;-;9-18;9-15;4-12;9-16;-;-;-;10-16;-;-;-;8-16;12-19;-;-;-;-;-;-;-;-;-;-;-;-;-;-;-;-;-;-;-
;Lucyo;BRA;Botafogo;D/DA (E);19/11/2028;19/11/2024;-;-;-;-;19;D/DA (E);Pé Preferido Desconhecido;Brasil;1,70 m;;15/3/2006;D (E);Média;;-;;;2000219252;-;7-13;-;-;3-10;-;-;-;-;8-17;-;-;10-17;-;6-15;-;10-16;-;-;-;-;12-19;-;-;4-10;-;-;-;-;-;-;-;-;-;-;-;-;-;-;-;-
;Luighi;BRA;Palmeiras;MO (E), PL (C);31/12/2029;2/5/2025;-;-;-;-;19;MO (E), PL (C);Pé Preferido Desconhecido;Brasil;1,82 m;São Paulo;30/4/2006;PL (C);Alta;;-;;;2000315290;-;-;-;3-12;-;-;-;11-18;-;8-14;5-12;-;-;-;8-14;-;13-20;-;9-15;-;-;6-15;-;-;-;-;-;-;-;-;-;-;-;-;-;-;-;-;-;-;-
;Luis Arthur;BRA;Palmeiras;M (EC), MO (C);28/2/2027;1/7/2024;-;-;-;-;19;M (EC), MO (C);Pé Preferido Desconhecido;Brasil;1,76 m;Alagoas;20/2/2006;M (E);Alta;;-;;;2000430159;9-18;-;-;5-13;-;-;7-16;-;-;5-12;9-15;-;-;-;-;-;-;-;-;-;-;-;-;3-12;-;-;-;-;10-17;-;-;-;1-6;-;-;-;-;-;-;-;-
;Luís Aucélio;BRA;Vitória;MD, M (C);31/12/2026;2/8/2025;-;-;-;-;19;MD, M (C);Pé Preferido Desconhecido;Brasil;1,82 m;Distrito Federal;18/5/2006;MD;Alta;;Flamengo;;;2000337351;-;5-12;-;10-16;-;-;9-16;-;-;7-15;-;-;-;-;1-8;-;-;-;-;-;-;-;10-17;1-6;-;-;-;-;1-7;-;-;-;-;-;-;-;-;-;-;-;-
;Luis Eduardo;BRA;Grêmio;D (C);31/12/2028;15/6/2025;-;-;-;-;17;D (C);Pé Preferido Desconhecido;Brasil;1,88 m;Piauí;16/1/2008;D (C);Média;;-;;S-20;2000440037;-;10-20;-;-;8-16;-;-;10-20;-;10-18;-;-;-;-;13-20;-;-;-;9-17;-;-;-;-;-;4-14;-;-;-;-;14-20;-;-;-;-;-;-;-;-;-;-;-
;Luís Fabiano;BRA;Vitória;D (C);31/12/2026;1/6/2025;-;-;-;-;18;D (C);Pé Preferido Desconhecido;Brasil;1,91 m;Pernambuco;29/5/2007;D (C);Abaixo da Média;;-;;;2000501192;-;5-12;-;-;8-14;-;-;6-13;-;1-6;-;-;-;-;1-9;-;-;-;12-18;-;-;-;-;-;11-20;-;-;-;-;1-9;-;-;-;-;-;-;-;-;-;-;-
;Luís Felipe;BRA;Vasco da Gama;MO (D);31/7/2027;1/8/2024;8;12;3;1;17;MO (D);Pé Direito;Brasil;1,69 m;;14/6/2008;MO (D);Média;;-;;;2000463753;10;7;2;12;8;7;7;7;10;11;8;10;11;11;5;10;12;10;7;9;14;12;8;11;8;11;12;7;10;7;9;8;10;11;2;2;2;1;1;2;3
;Luís Felipy;BRA;SC Internacional;D/DA (D);31/12/2027;29/12/2025;-;-;-;-;19;D/DA (D);Pé Preferido Desconhecido;Brasil;1,78 m;;12/3/2006;D (D);Acima da Média;;Dom Bosco;;;2000273157;-;1-10;-;-;9-16;-;-;-;-;4-11;-;-;6-14;-;1-7;-;5-14;-;-;-;-;8-16;-;-;8-14;-;-;-;-;-;-;-;-;-;-;-;-;-;-;-;-
;Luís Gustavo;BRA;RB Bragantino;MO (E), PL (C);31/1/2028;5/3/2025;-;-;-;-;17;MO (E), PL (C);Pé Preferido Desconhecido;Brasil;1,83 m;;7/2/2008;MO (E);Acima da Média;;-;;;2000378249;-;-;-;6-12;-;-;-;-;-;11-19;2-12;10-16;5-11;-;-;-;10-20;-;-;-;9-15;9-15;-;-;-;-;-;-;-;-;-;-;-;-;-;-;-;-;-;-;-
;Luís Gustavo;BRA;Atlético Mineiro;D/DA (D), MO (DE);31/12/2027;1/8/2025;-;-;-;-;19;D/DA (D), MO (DE);Pé Preferido Desconhecido;Brasil;1,74 m;;24/3/2006;MO (D);Acima da Média;;Sporting CP;;;2000291902;-;-;-;3-9;-;-;-;-;-;11-18;3-12;9-15;4-10;-;-;-;10-19;-;-;-;10-16;8-14;-;-;-;-;-;-;-;-;-;-;-;-;-;-;-;-;-;-;-
;Luís Pacheco;BRA;Palmeiras;MD, M (C);30/9/2028;7/10/2025;-;-;-;-;17;MD, M (C);Pé Preferido Desconhecido;Brasil;1,81 m;Rio Grande do Sul;2/2/2008;MD;Abaixo da Média;;-;;;2000408356;-;3-13;-;7-15;-;-;3-13;-;-;3-11;-;-;-;-;2-10;-;-;-;-;-;-;-;10-20;2-12;-;-;-;-;11-19;-;-;-;-;-;-;-;-;-;-;-;-
;Luis Paulo;BRA;Corinthians;GR;24/2/2028;24/2/2025;-;-;11-17;10-19;19;GR;Pé Preferido Desconhecido;Brasil;1,97 m;;10/1/2006;GR;Acima da Média;;Votoraty;;;2000318435;-;-;-;-;-;-;-;-;-;-;-;-;-;-;-;-;-;-;-;-;-;-;-;-;-;-;-;-;-;-;-;-;-;-;1-8;9-15;5-13;-;13-20;-;11-17
;Luis Sabóia;BRA;Palmeiras;D/DA (D);31/1/2028;2/10/2025;-;-;-;-;18;D/DA (D);Pé Preferido Desconhecido;Brasil;1,74 m;São Paulo;28/3/2007;D (D);Abaixo da Média;;-;;;2000527014;-;13-20;-;-;5-13;-;-;-;-;10-17;-;-;7-13;-;6-13;-;13-20;-;-;-;-;11-17;-;-;1-9;-;-;-;-;-;-;-;-;-;-;-;-;-;-;-;-
;Luiz Araújo;BRA;Flamengo;MO (DE);31/12/2027;1/7/2023;9-13;8-12;1-5;1-4;29;MO (DE);Pé Esquerdo;Brasil;1,75 m;São Paulo;2/6/1996;MO (D);Acima da Média;;Atlanta United;;;19215572;12-16;7-11;10-14;9-13;6-12;3-9;11-15;6-10;9-13;9-15;9-13;15-19;10-14;11-17;4-10;11-15;12-16;10-14;5-11;10-14;15-19;10-14;13-17;11-15;4-8;13-17;13-17;6-10;12-18;6-12;9-13;10-16;8-14;12-16;1-4;1-4;3-7;1-6;1-3;1-3;1-5
;Luiz Eduardo;BRA;Corinthians;M (C);7/4/2029;18/4/2024;-;-;-;-;18;M (C);Pé Preferido Desconhecido;Brasil;1,73 m;;26/6/2007;M (C);Abaixo da Média;;Água Santa;;;2000308415;-;5-13;-;9-18;-;-;6-12;-;-;8-14;-;-;-;-;5-11;-;-;-;-;-;-;-;5-11;8-16;-;-;-;-;3-12;-;-;-;-;-;-;-;-;-;-;-;-
;Luiz Felipe;BRA;SC Internacional;D/DA (E);31/12/2027;12/2/2025;-;-;-;-;19;D/DA (E);Pé Preferido Desconhecido;Brasil;1,75 m;;19/5/2006;D (E);Alta;;Londrina;;;2000285884;-;7-16;-;-;10-17;-;-;-;-;5-12;-;-;9-17;-;1-8;-;6-15;-;-;-;-;9-17;-;-;6-12;-;-;-;-;-;-;-;-;-;-;-;-;-;-;-;-
;Luiz Felipe;BRA;Coritiba;D/DA (D);31/12/2026;10/9/2025;-;-;-;-;19;D/DA (D);Pé Preferido Desconhecido;Brasil;1,72 m;Santa Catarina;5/5/2006;D (D);Acima da Média;;Criciúma;;;2000331917;-;11-17;-;-;1-8;-;-;-;-;10-19;-;-;12-19;-;5-14;-;6-12;-;-;-;-;13-20;-;-;3-9;-;-;-;-;-;-;-;-;-;-;-;-;-;-;-;-
;Luiz Fernando;BRA;Palmeiras;GR;14/4/2028;15/4/2025;-;-;6-12;6-16;17;GR;Pé Preferido Desconhecido;Brasil;1,84 m;São Paulo;24/4/2008;GR;Média;;-;;;2000408343;-;-;-;-;-;-;-;-;-;-;-;-;-;-;-;-;-;-;-;-;-;-;-;-;-;-;-;-;-;-;-;-;-;-;3-13;5-11;3-11;-;14-20;-;5-11
Prt;Luiz Fernando;BRA;São Paulo;D/DA/M/MO (D);30/1/2027;21/5/2024;-;-;-;-;19;D/DA/M/MO (D);Pé Preferido Desconhecido;Brasil;1,75 m;;9/12/2006;DA/M/MO (D);Média;Ibrachina;-;;;2000492906;-;-;-;6-14;-;-;-;-;-;5-12;7-13;4-10;5-13;-;-;-;5-14;-;-;-;6-12;9-17;-;-;-;-;-;-;-;-;-;-;-;-;-;-;-;-;-;-;-
;Luiz Fernando;BRA;Mirassol;D (C);17/9/2026;30/12/2024;-;-;-;-;17;D (C);Pé Preferido Desconhecido;Brasil;1,88 m;;7/2/2008;D (C);Abaixo da Média;;-;;;2000323738;-;8-18;-;-;9-17;-;-;11-20;-;5-13;-;-;-;-;4-12;-;-;-;9-17;-;-;-;-;-;5-15;-;-;-;-;12-20;-;-;-;-;-;-;-;-;-;-;-
;Luiz Gustavo;BRA;EC Bahia;D (C);31/12/2027;22/8/2025;11-14;11;2-5;1-5;19;D (C);Pé Esquerdo;Brasil;1,88 m;;12/4/2006;D (C);Acima da Média;;Vasco da Gama;;;2000219322;9;11;5-9;9;11;6-10;5-9;10;1-2;9;3-6;5-9;7-10;2-5;15;10;11;12-15;11;12-15;8-12;11;12;7-10;12;11;6-10;9;4-7;18;9;6-9;9;10;1-3;1-4;1-4;1-2;3-6;1-4;2-5
;Luiz Gustavo;BRA;Athletico-PR;D (C), MD, M (C);31/12/2026;29/12/2025;13-19;13-17;1-5;2-6;38;D (C), MD, M (C);Pé Esquerdo;Brasil;1,86 m;São Paulo;23/7/1987;MD;Abaixo da Média;;São Paulo;Alemanha;;19016523;10-14;14-20;6-10;10-14;11-15;4-8;9-13;10-16;1-6;12-16;5-11;6-10;7-11;2-6;13-17;6-10;7-13;15-19;12-16;12-18;7-11;7-11;6-10;8-14;10-16;13-19;10-14;13-17;5-9;18-20;10-14;12-16;15-19;12-16;1-3;1-5;1-3;2-6;1-5;1-5;1-5
;Luiz Peu;BRA;Atlético Mineiro;MD;31/12/2028;15/11/2025;-;-;-;-;17;MD;Pé Preferido Desconhecido;Brasil;1,67 m;Minas Gerais;15/12/2008;MD;Acima da Média;;-;;;2000513081;-;6-14;-;10-20;-;-;4-10;-;-;8-14;-;-;-;-;3-9;-;-;-;-;-;-;-;11-17;9-17;-;-;-;-;1-7;-;-;-;-;-;-;-;-;-;-;-;-
;Luiz Sá;BRA;Palmeiras;GR;31/3/2027;1/4/2024;-;-;8-17;12-19;18;GR;Pé Preferido Desconhecido;Brasil;1,90 m;São Paulo;1/3/2007;GR;Média;;-;Itália;;2000331314;-;-;-;-;-;-;-;-;-;-;-;-;-;-;-;-;-;-;-;-;-;-;-;-;-;-;-;-;-;-;-;-;-;-;1-8;6-15;8-14;-;9-15;-;7-16
;Luizão;BRA;Chapecoense;MO (D), PL (C);31/12/2026;29/12/2025;-;-;-;-;19;MO (D), PL (C);Pé Preferido Desconhecido;Brasil;1,85 m;;27/1/2006;PL (C);Acima da Média;Azuriz;Maringá;;;2000442118;-;-;-;11-17;-;-;-;4-11;-;9-17;11-20;-;-;-;1-8;-;5-12;-;8-14;-;-;11-17;-;-;-;-;-;-;-;-;-;-;-;-;-;-;-;-;-;-;-
;Luizinho;BRA;Corinthians;MO (D);11/12/2027;11/12/2024;-;-;-;-;18;MO (D);Pé Preferido Desconhecido;Brasil;1,75 m;;13/7/2007;MO (D);Média;;-;;;2000524076;-;-;-;6-12;-;-;-;-;-;11-18;3-12;9-15;6-12;-;-;-;10-19;-;-;-;12-18;9-15;-;-;-;-;-;-;-;-;-;-;-;-;-;-;-;-;-;-;-
;Lukas Zuccarello;BRA;Vasco da Gama;MO (C), PL (C);31/12/2028;2/1/2025;10;8;3;3;19;MO (C), PL (C);Pé Direito;Brasil;1,75 m;;2/12/2006;MO (C);Média;;Sport Recife;Itália;;2000264142;13;3;8;10;3;8;8;8;9;13;11;13;11;10;7;10;12;12;8;11;14;12;9;11;7;12;12;8;13;12;10;10;11;10;1;1;2;1;4;3;4
;Lyan;BRA;EC Bahia;MO (DE);31/12/2028;29/12/2025;-;-;-;-;16;MO (DE);Pé Preferido Desconhecido;Brasil;1,79 m;;17/2/2009;MO (E);Média;;-;;;2000490707;-;-;-;3-11;-;-;-;-;-;3-13;4-12;11-19;2-10;-;-;-;8-14;-;-;-;12-20;4-12;-;-;-;-;-;-;-;-;-;-;-;-;-;-;-;-;-;-;-
Les;Lyanco;BRA;Atlético Mineiro;D (C);31/12/2029;12/8/2025;17-20;18-20;1-4;1-6;28;D (C);Pé Direito;Brasil;1,87 m;Espírito Santo;1/2/1997;D (C);Alta;;Southampton;Sérvia;;19236273;7-13;12-16;8-12;12-16;10-14;10-16;1-7;12-16;4-8;10-16;5-9;8-12;4-8;1-4;12-18;10-16;11-15;16-20;10-14;12-16;11-15;13-17;12-18;8-12;11-15;14-18;4-8;13-17;7-11;16-20;7-13;8-12;12-18;12-16;1-5;1-4;1-5;1;3-7;1-6;2-6
;Kgomotso Madiba;RSA;Fluminense;MO (C), PL (C);N/A;29/12/2025;-;-;-;-;18;MO (C), PL (C);Pé Preferido Desconhecido;África do Sul;1,67 m;Limpopo;14/12/2007;PL (C);Média;;Stars of Africa;;S-20;2000420965;-;-;-;4-10;-;-;-;8-17;-;12-19;7-16;-;-;-;1-8;-;9-18;-;1-9;-;-;10-16;-;-;-;-;-;-;-;-;-;-;-;-;-;-;-;-;-;-;-
;Maicon;BRA;Coritiba;D (C);31/12/2026;29/12/2025;16-18;14;2-4;1-3;37;D (C);Pé Direito;Brasil;1,90 m;São Paulo;14/9/1988;D (C);Alta;;Vasco da Gama;Portugal;;19017908;12;14;11-13;13;12;9-11;12-14;14;14-16;10;7-9;6-8;7-10;5-8;16;10;9;15-18;15;12-14;8-10;9;12;12-14;14;13;6-8;15;5-8;16;11;8-11;13;12;2-4;3-5;1-3;1-2;2-5;1-2;2-4
;Maik;BRA;São Paulo;D/DA (D), MD, M (C);31/5/2028;1/6/2025;9-15;6-11;1-4;1-5;20;D/DA (D), MD, M (C);Pé Direito;Brasil;1,75 m;São Paulo;3/1/2005;D (D);Acima da Média;;-;;;2000206422;9-14;8-13;8-13;9-14;9-16;7-14;8-13;6-11;9-15;7-14;6-12;11-16;6-11;10-17;3-10;10-15;12-17;8-13;4-11;8-14;15-20;9-14;10-15;10-15;8-14;11-16;12-17;3-8;7-14;8-15;11-16;9-16;6-13;12-17;1-6;1-5;3-8;1-6;1-3;1-6;1-4
Les;Mancha;BRA;Chapecoense;D/DA/M/MO (E);30/4/2026;20/3/2024;7-11;12-16;1-5;1-3;24;D/DA/M/MO (E);Pé Esquerdo;Brasil;1,80 m;Santa Catarina;13/2/2001;D (E);Acima da Média;;-;Itália;;19364445;10-16;6-12;9-13;7-11;11-15;2-6;7-13;3-9;7-11;7-11;8-12;8-12;8-12;10-14;7-11;11-17;9-15;13-17;10-14;8-12;13-17;11-15;9-15;4-10;9-13;5-11;10-14;7-11;9-13;5-9;13-19;8-12;7-11;9-13;1-7;1-3;2-6;1-5;1-3;1;1-3
;Marçal;BRA;Botafogo;D/DA (E);31/12/2026;10/12/2025;12-16;10-14;1-4;1-4;36;D/DA (E);Somente Pé Esquerdo;Brasil;1,78 m;São Paulo;19/2/1989;D (E);Alta;;Wolves;;;19051992;11-15;11-15;11-15;8-12;11-17;7-13;6-10;10-14;9-13;8-14;7-11;12-16;9-13;8-14;8-14;11-15;11-15;7-11;8-14;9-13;12-16;9-13;13-17;11-15;9-13;13-17;13-17;9-13;11-17;10-16;11-15;10-16;8-14;15-19;1-4;1-4;1-5;1-6;1-3;1-3;1-3
;Marcão;BRA;Fluminense;MO (DE), PL (C);31/3/2027;1/1/2025;-;-;-;-;20;MO (DE), PL (C);Pé Preferido Desconhecido;Brasil;1,79 m;;13/1/2005;MO (D);Acima da Média;;-;;;2000525288;-;-;-;10-19;-;-;-;-;-;11-17;9-16;4-11;10-19;-;-;-;9-17;-;-;-;6-13;11-20;-;-;-;-;-;-;-;-;-;-;-;-;-;-;-;-;-;-;-
;Marcão;BRA;Vasco da Gama;GR;31/1/2027;29/12/2025;7;5;8;3;19;GR;Pé Direito;Brasil;1,86 m;;19/7/2006;GR;Média;;Atlético Mineiro;;;2000323663;3;1;3;8;2;3;2;1;3;4;2;3;2;2;5;1;11;15;9;5;10;9;5;4;10;5;3;4;3;19;12;11;5;7;14;12;11;8;11;9;9
;Marcelinho;BRA;RB Bragantino;MO (DE), PL (C);31/5/2028;29/12/2025;-;-;-;-;21;MO (DE), PL (C);Pé Preferido Desconhecido;Brasil;1,78 m;São Paulo;16/8/2004;MO (E);Alta;;Ponte Preta;;;2000125585;-;-;-;8-16;-;-;-;-;-;9-14;9-15;5-11;7-15;-;-;-;8-14;-;-;-;6-12;10-18;-;-;-;-;-;-;-;-;-;-;-;-;-;-;-;-;-;-;-
;Marcelinho;BRA;Remo;D/DA/MO (D);31/12/2027;29/12/2025;8-12;8-12;1-3;1-4;27;D/DA/MO (D);Somente Pé Direito;Brasil;1,74 m;;20/7/1998;MO (D);Média;;Chapecoense;;;19394777;8-12;6-10;3-7;6-10;5-11;3-9;8-12;4-8;5-9;6-12;9-13;12-16;8-12;5-11;4-10;11-15;12-16;9-13;5-11;6-10;13-17;10-14;10-14;7-11;5-9;8-12;13-17;9-13;8-14;7-13;7-11;7-13;6-12;9-13;1-4;1-5;1-5;1-6;1-2;1-3;1-5
;Marcelo;BRA;Cruzeiro;GR;31/12/2027;21/5/2024;-;-;4-13;2-9;19;GR;Pé Preferido Desconhecido;Brasil;1,87 m;;12/2/2006;GR;Acima da Média;;-;;;2000272658;-;-;-;-;-;-;-;-;-;-;-;-;-;-;-;-;-;-;-;-;-;-;-;-;-;-;-;-;-;-;-;-;-;-;10-19;6-12;5-11;-;6-14;-;3-12
;Marcelo Lomba;BRA;Palmeiras;GR;31/12/2026;29/12/2025;10-16;12-16;6-12;12-16;39;GR;Pé Direito;Brasil;1,89 m;Rio de Janeiro;18/12/1986;GR;Abaixo da Média;;SC Internacional;;;315180;4-8;1-5;4-8;6-10;1-4;2-6;1-3;6-12;1-6;8-12;1-4;1-5;1-3;1-4;13-17;8-12;7-13;11-15;13-17;9-15;11-15;6-10;7-11;6-12;9-15;10-16;1-4;11-15;2-6;12-16;7-11;9-13;10-14;10-14;9-13;9-15;11-15;12-16;11-15;12-16;12-18
;Marcelo Pitaluga;BRA;Fluminense;GR;31/12/2028;9/1/2025;8-12;4-8;10-14;7-13;23;GR;Somente Pé Direito;Brasil;1,91 m;Rio de Janeiro;20/12/2002;GR;Média;;Liverpool;Alemanha;;19376885;9-13;-;-;-;-;-;-;-;-;4-10;-;-;-;-;5-11;6-10;10-14;8-12;10-16;7-11;14-18;8-12;8-12;-;11-15;6-10;1-5;1-3;-;9-15;11-15;9-15;7-13;10-14;11-15;12-16;8-12;10-16;10-14;7-13;10-14
;Marcelo Rangel;BRA;Remo;GR;31/12/2026;29/12/2025;11-15;9-13;8-12;8-14;37;GR;Somente Pé Direito;Brasil;1,86 m;;17/5/1988;GR;Abaixo da Média;;Goiás;;;19131168;8-12;1-3;5-9;5-9;1-5;1-5;1-3;5-9;4-8;6-12;1-5;2-6;1-3;2-8;9-15;10-14;7-11;6-10;10-16;7-11;12-16;6-10;10-14;5-9;10-14;10-14;11-15;2-6;2-8;8-14;10-14;9-15;8-14;12-16;6-10;12-16;11-15;13-19;9-13;6-12;12-16
;Marcinho;BRA;Chapecoense;MO (DEC);30/11/2026;8/10/2025;7-11;6-12;3-7;1-4;30;MO (DEC);Pé Direito;Brasil;1,76 m;Goiás;8/6/1995;MO (E);Abaixo da Média;;Al-Riyadh;;;19230473;11-15;8-12;10-16;8-14;8-12;2-6;11-15;10-14;7-11;11-15;7-11;11-17;8-14;9-13;8-12;9-13;12-16;7-13;5-9;10-14;12-18;8-14;9-13;13-17;2-6;8-12;10-16;7-13;10-14;10-14;11-15;6-10;11-15;11-17;1-5;1;1-6;1-5;1-4;1-4;2-6
Prt;Marcos André;BRA;Athletico-PR;D (C);30/6/2026;30/12/2024;-;-;-;-;19;D (C);Pé Preferido Desconhecido;Brasil;1,95 m;;23/3/2006;D (C);Alta;;Resende;;;2000383255;-;11-18;-;-;10-16;-;-;10-17;-;5-11;-;-;-;-;9-15;-;-;-;10-16;-;-;-;-;-;4-11;-;-;-;-;1-5;-;-;-;-;-;-;-;-;-;-;-
;Marcos Antonio;BRA;São Paulo;MD, M/MO (C);31/12/2030;29/12/2025;5-9;6-12;1-5;1-3;25;MD, M/MO (C);Pé Direito;Brasil;1,70 m;Bahia;13/6/2000;M (C);Acima da Média;;SS Lazio;;;19337942;14-18;11-15;10-16;12-18;9-13;2-6;9-13;4-8;4-8;12-16;6-10;11-17;6-12;6-10;5-9;10-14;15-19;8-14;4-8;8-12;13-19;9-15;14-18;16-20;9-13;14-18;10-16;2-8;12-16;11-15;14-18;11-15;10-14;14-20;1-3;1;1-6;1-5;1-3;1-3;1-5
;Marcos Cabrobó;BRA;Vitória;MO (DE);31/12/2026;1/5/2024;-;-;-;-;18;MO (DE);Pé Preferido Desconhecido;Brasil;1,64 m;Pernambuco;29/1/2007;MO (E);Acima da Média;;-;;;2000335720;-;-;-;1-8;-;-;-;-;-;6-13;11-17;9-15;4-12;-;-;-;5-14;-;-;-;8-14;8-16;-;-;-;-;-;-;-;-;-;-;-;-;-;-;-;-;-;-;-
;Marcos Paulo;BRA;Fluminense;MO (C);31/12/2026;19/1/2024;-;-;-;-;18;MO (C);Pé Preferido Desconhecido;Brasil;1,78 m;;19/12/2007;MO (C);Acima da Média;;-;;;2000521845;9-15;-;-;11-20;-;-;4-10;-;-;11-17;8-15;-;-;-;-;-;-;-;-;-;-;-;-;8-16;-;-;-;-;6-15;-;-;-;5-11;-;-;-;-;-;-;-;-
;Marcos Rocha;BRA;Grêmio;D/DA (D);31/12/2026;19/8/2025;9-13;9-13;1-5;1-3;37;D/DA (D);Pé Direito;Brasil;1,76 m;Minas Gerais;11/12/1988;D (D);Acima da Média;;Palmeiras;;;19014340;12-16;13-17;10-14;10-14;10-16;12-18;8-12;5-9;7-11;10-16;7-11;13-17;10-14;10-16;4-10;10-14;9-13;12-16;5-11;10-14;12-16;7-11;10-14;12-16;9-13;11-15;13-17;11-15;11-17;11-17;10-14;10-16;8-14;12-16;1-5;1-4;3-7;1-5;1-3;1-5;1-4
;Marcos Victor;BRA;EC Bahia;D (C);31/12/2027;10/1/2023;11-17;10-14;1-4;1-3;24;D (C);Somente Pé Direito;Brasil;1,84 m;Ceará;26/12/2001;D (C);Acima da Média;;Ceará;;;2000223472;10-14;10-14;3-9;9-13;11-15;3-7;8-12;10-14;5-11;8-12;6-12;5-11;5-9;4-8;12-16;15-19;9-13;12-16;11-15;9-15;8-14;10-14;14-18;5-9;11-17;10-14;6-12;6-10;7-11;12-16;12-16;11-15;10-14;8-14;3-7;1-5;1-3;1-4;1-3;1-4;1-2
;Marcos Vinicius;BRA;Vitória;MO (DE);31/12/2027;1/6/2025;-;-;-;-;18;MO (DE);Pé Preferido Desconhecido;Brasil;1,79 m;;16/3/2007;MO (D);Abaixo da Média;;-;;;2000501196;-;-;-;9-18;-;-;-;-;-;11-17;8-15;4-11;8-17;-;-;-;8-16;-;-;-;5-12;10-19;-;-;-;-;-;-;-;-;-;-;-;-;-;-;-;-;-;-;-
;Marcos Vinícius;BRA;Chapecoense;D/DA (D);31/12/2026;29/12/2025;11-15;9-13;1-5;1-3;28;D/DA (D);Somente Pé Direito;Brasil;1,76 m;São Paulo;26/3/1997;D (D);Média;;Avaí;;;19299377;10-14;9-13;5-9;8-12;8-14;7-13;5-9;6-10;4-8;7-13;6-10;11-15;8-12;9-15;7-13;11-15;12-16;8-12;6-12;11-15;13-17;9-13;10-14;10-14;8-12;11-15;12-16;2-6;9-15;3-9;8-12;9-15;6-12;12-16;1-4;1-4;1-5;1-7;1-2;1-4;1-4
;Denis Marfo;GHA;SC Internacional;MD, M (C);31/12/2026;1/1/2025;-;-;-;-;19;MD, M (C);Pé Preferido Desconhecido;Gana;1,79 m;Greater Accra Region;28/1/2006;M (C);Alta;MSK Zilina Africa;-;;S-20;2000523420;-;8-16;-;11-20;-;-;6-12;-;-;11-17;-;-;-;-;9-15;-;-;-;-;-;-;-;6-12;6-14;-;-;-;-;1-7;-;-;-;-;-;-;-;-;-;-;-;-
;Marinho;BRA;Vitória;MO (DE);31/12/2026;1/7/2025;15-19;13-19;1-3;1-4;35;MO (DE);Somente Pé Esquerdo;Brasil;1,69 m;Alagoas;29/5/1990;MO (D);Média;;Vitória;;;19060670;12-16;6-10;10-14;11-17;4-10;1-5;12-16;3-7;13-17;12-16;13-17;12-16;11-17;12-18;10-14;11-15;12-16;13-19;1-7;15-19;11-15;12-18;10-14;11-15;5-9;11-15;8-12;7-13;11-17;11-15;9-13;8-14;10-14;8-12;1-3;3-7;1-2;1-4;1-6;1-5;1-4
;Marllon;BRA;Remo;D (C);31/12/2027;1/7/2025;12-16;9-13;1-3;1-4;33;D (C);Pé Direito;Brasil;1,84 m;Rio de Janeiro;16/4/1992;D (C);Baixo;;Ceará;;;19138505;11-15;13-17;7-11;11-15;12-18;1-7;3-7;10-14;1-5;7-13;7-11;7-11;1-5;3-9;9-15;11-15;9-13;9-13;11-17;9-13;11-15;8-12;12-16;5-9;12-16;11-15;4-8;8-12;3-9;6-12;12-16;11-17;8-14;13-17;1-4;1-4;3-7;2-8;1-3;1-5;1-5
;Marlon;BRA;Grêmio;D/DA (E);31/12/2028;29/12/2025;13-17;9-13;1-5;1-5;28;D/DA (E);Pé Esquerdo;Brasil;1,78 m;Paraná;20/5/1997;D (E);Média;;Cruzeiro;;;19266625;11-15;12-16;8-12;8-12;11-17;7-13;9-13;4-8;11-15;9-15;6-10;12-16;8-12;10-16;6-12;12-16;11-15;9-13;5-11;10-14;14-18;11-15;14-18;11-15;13-17;11-15;12-16;2-6;10-16;9-15;10-14;6-12;8-14;14-18;1-5;1-5;3-7;1-5;1-4;1-5;2-6
;Marlon Freitas;BRA;Palmeiras;MD, M (C);31/12/2028;29/12/2025;12-16;11-15;1-3;1-6;30;MD, M (C);Pé Direito;Brasil;1,85 m;Rio de Janeiro;27/3/1995;M (C);Abaixo da Média;;Botafogo;;;19202746;9-15;11-15;9-13;14-18;9-13;6-12;9-15;9-13;9-13;10-16;9-13;10-14;10-14;6-10;10-16;10-16;10-14;15-19;9-13;9-13;10-14;13-17;11-17;11-15;13-17;12-16;10-14;15-19;6-10;12-18;10-16;9-13;12-18;10-14;1-5;2-6;1-4;1;1-5;1-5;1-5
;Marquinhos;BRA;Botafogo;D (C);31/12/2026;1/7/2024;7-11;8;1-2;1-5;18;D (C);Somente Pé Direito;Brasil;1,86 m;;15/2/2007;D (C);Média;;Vasco da Gama;;;2000377980;7;10;1-5;10;10;5-9;7-10;10;6-10;8;1-4;1-5;1-3;1-4;8;9;10;9-12;11;7-11;8-12;10;8;6-9;12;11;3-7;9;3-6;15;13;6-9;8;10;2-5;1-5;1-2;1-4;2-5;1-3;1-2
;Marquinhos;BRA;RB Bragantino;D/MO (D);30/8/2028;1/9/2025;-;-;-;-;17;D/MO (D);Pé Preferido Desconhecido;Brasil;1,83 m;Alagoas;2/3/2008;MO (D);Abaixo da Média;;América FC;;;2000494604;-;-;-;6-12;-;-;-;-;-;11-19;1-11;10-16;6-12;-;-;-;9-19;-;-;-;10-16;7-13;-;-;-;-;-;-;-;-;-;-;-;-;-;-;-;-;-;-;-
;Marquinhos;BRA;Cruzeiro;MO (DE), PL (C);31/12/2028;24/6/2025;9-13;8-14;1-4;1-3;22;MO (DE), PL (C);Pé Esquerdo;Brasil;1,75 m;São Paulo;7/4/2003;MO (D);Acima da Média;;Arsenal;;;19393598;12-16;3-7;6-10;9-15;2-8;5-9;8-12;7-11;9-13;10-14;10-14;10-14;8-14;6-12;8-12;10-14;13-17;10-16;4-10;10-14;10-14;13-19;10-14;10-14;5-9;9-13;7-11;6-12;11-17;11-15;8-12;7-13;9-13;6-10;1-3;3-7;1-3;1-3;1-5;1-3;1-3
;Martinelli;BRA;Fluminense;MD, M (C);31/12/2030;29/12/2025;13-17;11-15;1-5;1-3;24;MD, M (C);Somente Pé Direito;Brasil;1,76 m;São Paulo;5/10/2001;MD;Média;;Grêmio Prudente;Itália;;19406135;12-18;9-15;9-13;12-16;13-17;7-11;9-15;7-13;10-14;10-14;9-13;11-15;8-12;12-16;8-12;12-18;10-16;11-15;8-12;12-16;12-16;11-15;12-18;9-15;12-16;11-17;11-15;10-14;15-19;10-14;12-18;14-18;10-14;12-16;1-5;1-4;2-6;2-6;1-4;1-2;1-3
;Emiliano Martínez;URU;Palmeiras;MD, M (C);31/12/2029;24/1/2025;10-14;11-15;1-4;1;26;MD, M (C);Pé Direito;Uruguai;1,85 m;Maldonado;17/8/1999;MD;Muito Alta;;FC Midtjylland;Itália;;78095755;10-16;10-16;4-8;10-14;14-18;2-6;7-13;7-13;4-8;8-12;6-10;10-14;5-9;7-11;9-13;12-18;8-14;9-13;12-16;12-16;10-14;10-14;12-18;7-13;12-16;11-17;9-13;7-11;12-16;3-7;10-16;14-18;9-13;11-15;1-5;2-6;1-3;2-6;1-5;1-4;1-3
;Emmanuel Martínez;ARG;Vitória;M (C), MO (DE);31/12/2027;29/12/2025;11-15;11-15;1-4;1-4;31;M (C), MO (DE);Pé Direito;Argentina;1,69 m;Buenos Aires;4/6/1994;M (C);Média;;Fortaleza;;;14110845;12-18;9-15;10-14;11-15;11-15;4-8;7-13;2-8;9-13;9-13;6-10;11-15;9-13;13-17;8-12;12-18;9-15;11-15;6-10;12-16;11-15;13-17;11-17;8-14;4-8;9-15;11-15;6-10;12-16;11-15;12-18;12-16;8-12;11-15;1-7;1-5;1-5;3-7;1-3;1;1-3
Les;Mateus Carvalho;BRA;Vasco da Gama;MD, M (C);31/12/2027;22/2/2024;14;14;2;2;23;MD, M (C);Pé Esquerdo;Brasil;1,84 m;Pará;18/3/2002;MD;Alta;;Náutico;;;2000128772;10;14;7;9;13;8;10;13;7;11;9;12;8;7;13;13;12;14;13;13;12;12;13;9;13;14;8;11;8;16;12;12;12;12;2;2;2;2;3;1;2
;Mateus Manso;BRA;São Paulo;M/MO (C), PL (C);31/1/2027;18/1/2025;-;-;-;-;21;M/MO (C), PL (C);Pé Preferido Desconhecido;Finlândia;1,81 m;Savónia do Norte;24/5/2004;MO (C);Acima da Média;;Inter de Limeira;Finlândia;;2000110784;10-15;-;-;5-11;-;-;1-6;-;-;7-15;8-14;-;-;-;-;-;-;-;-;-;-;-;-;7-12;-;-;-;-;10-18;-;-;-;5-13;-;-;-;-;-;-;-;-
;Mateus Xavier;BRA;Santos;MO (DE);31/7/2028;23/7/2025;-;-;-;-;18;MO (DE);Pé Preferido Desconhecido;Brasil;1,79 m;;29/6/2007;MO (E);Abaixo da Média;;-;;;2000272620;-;-;-;9-15;-;-;-;-;-;7-15;9-18;5-14;6-12;-;-;-;5-12;-;-;-;5-14;11-17;-;-;-;-;-;-;-;-;-;-;-;-;-;-;-;-;-;-;-
;Mateusinho;BRA;Vitória;D/DA (D);31/12/2028;29/12/2025;9-13;12-16;1-3;1-7;27;D/DA (D);Pé Direito;Brasil;1,75 m;Rio de Janeiro;7/10/1998;D (D);Abaixo da Média;;Cuiabá;;;2000212612;8-14;7-11;7-11;13-17;6-10;7-13;8-14;7-11;10-14;9-15;8-12;11-15;13-17;7-11;6-12;9-15;12-16;13-17;4-8;11-15;12-16;15-19;9-15;11-15;10-14;10-14;11-15;12-16;8-12;10-16;8-14;8-12;10-16;9-13;1-5;1-4;1-4;1-2;2-6;1-6;1-4
;Matheus Alexandre;BRA;Remo;D/DA (D);31/12/2028;20/1/2025;8-14;10-14;1-7;2-6;26;D/DA (D);Somente Pé Direito;Brasil;1,87 m;São Paulo;7/4/1999;D (D);Abaixo da Média;Sport Recife;Cuiabá;;;19386120;8-12;10-16;7-11;12-16;11-15;12-16;6-10;12-18;6-12;12-16;6-12;10-14;9-13;9-13;13-17;9-13;10-16;9-13;12-16;8-14;10-14;10-14;9-13;10-16;10-16;11-17;12-16;6-10;7-11;12-16;9-13;12-16;12-16;10-14;1-2;1-4;1-4;1-4;1-5;2-6;1-7
;Matheus Aurélio;BRA;Chapecoense;GR;31/12/2027;1/1/2025;10-14;4-8;8-14;5-9;26;GR;Somente Pé Direito;Brasil;1,84 m;São Paulo;23/6/1999;GR;Alta;Tombense;Hercílio Luz;;;19362988;4-10;-;-;-;-;-;-;-;-;2-6;-;-;-;-;8-12;6-12;4-10;11-15;13-17;5-9;11-15;5-9;5-11;-;10-14;6-12;1-3;8-12;-;11-15;10-16;10-14;3-7;7-11;12-18;11-15;12-16;9-13;11-15;5-9;8-14
;Matheus Bahia;BRA;SC Internacional;D/DA (E);31/12/2027;29/12/2025;12-16;11-17;1-3;1-5;26;D/DA (E);Somente Pé Esquerdo;Brasil;1,81 m;Bahia;11/8/1999;D (E);Abaixo da Média;;EC Bahia;;;19293344;9-13;10-14;6-10;9-15;8-14;8-12;7-11;8-12;8-12;9-13;9-13;6-10;10-16;7-13;10-14;12-16;12-16;10-16;6-12;11-15;8-12;12-18;11-15;8-12;13-17;11-15;7-11;8-14;9-15;11-15;9-13;6-12;9-13;7-11;1-5;2-6;1-3;1-5;1-6;1-3;2-6
;Matheus Belém;BRA;São Paulo;D (EC);31/12/2026;1/1/2024;10-14;11-15;-;-;22;D (EC);Pé Esquerdo;Brasil;1,83 m;São Paulo;13/3/2003;D (C);Média;;-;;;2000110786;5-11;10-14;-;9-13;8-12;6-12;1-7;10-14;6-10;7-13;-;7-11;-;5-9;9-15;8-14;10-14;13-17;8-12;10-14;9-13;12-16;8-14;7-11;10-14;10-14;7-11;9-13;3-7;2-8;6-12;6-10;8-14;9-13;-;-;-;-;-;-;-
;Matheus Bidu;BRA;Corinthians;D/DA/M (E);31/12/2027;12/1/2023;12-16;11-15;1-5;1-2;26;D/DA/M (E);Pé Esquerdo;Brasil;1,72 m;São Paulo;4/5/1999;D (E);Média;;Guarani FC;;;19388106;11-17;9-15;8-12;11-15;12-16;6-10;9-15;3-9;9-13;7-11;7-11;11-15;10-14;12-16;7-11;13-19;10-16;13-17;8-12;10-14;12-16;12-16;13-19;9-15;9-13;10-16;11-15;9-13;10-14;10-14;10-16;13-17;9-13;11-15;1-5;1-3;1-3;3-7;1-3;1-2;1-4
;Matheus Corrêa;BRA;Corinthians;GR;31/12/2028;29/12/2025;-;-;6-14;6-12;19;GR;Pé Preferido Desconhecido;Brasil;1,89 m;;31/1/2006;GR;Alta;;-;;;2000273911;-;-;-;-;-;-;-;-;-;-;-;-;-;-;-;-;-;-;-;-;-;-;-;-;-;-;-;-;-;-;-;-;-;-;9-15;11-18;3-10;-;9-18;-;7-15
;Matheus Cunha;BRA;Cruzeiro;GR;31/12/2028;29/12/2025;6-10;1-7;10-14;10-14;24;GR;Pé Direito;Brasil;1,93 m;São Paulo;24/5/2001;GR;Acima da Média;;Flamengo;;;19347269;4-8;2-6;1-7;6-12;1-3;1-3;1-3;1-5;2-6;8-12;1-2;1-7;1-3;2-6;4-8;5-9;11-15;10-16;14-18;4-8;11-17;6-12;5-9;7-11;8-12;8-12;1-7;4-10;1-5;1-4;10-14;8-12;6-10;8-14;3-7;9-13;10-16;10-14;9-15;10-14;12-16
;Matheus Dias;BRA;Coritiba;PL (C);31/12/2027;1/9/2025;-;-;-;-;18;PL (C);Pé Preferido Desconhecido;Brasil;1,76 m;;9/8/2007;PL (C);Média;;-;;;2000267816;-;-;-;5-14;-;-;-;5-13;-;11-17;13-20;-;-;-;6-12;-;9-17;-;1-7;-;-;11-20;-;-;-;-;-;-;-;-;-;-;-;-;-;-;-;-;-;-;-
;Matheus Fernandes;BRA;RB Bragantino;MD, M (C);31/12/2027;6/1/2024;12-16;11-15;1-3;1-6;27;MD, M (C);Pé Direito;Brasil;1,83 m;Rio de Janeiro;30/6/1998;M (C);Abaixo da Média;;Palmeiras;;;19250978;9-15;11-15;9-13;13-17;9-13;7-13;8-14;10-14;6-10;11-17;9-13;11-15;9-13;6-10;7-13;10-16;10-14;14-18;7-11;12-16;12-16;14-18;10-16;10-14;11-15;12-16;11-15;10-14;7-11;12-18;8-14;7-11;10-16;10-14;1-3;1-5;1-4;1-3;3-7;1-6;1-3
;Matheus Ferreira;BRA;São Paulo;MD, M (C);31/1/2028;21/10/2025;13-16;12;1-4;2-5;19;MD, M (C);Pé Direito;Brasil;1,81 m;Rio de Janeiro;22/2/2006;MD;Acima da Média;;Vasco da Gama;;;2000218638;12;11;5-8;12;9-13;6-9;8;9;10-13;11;8;8-11;10-14;2-6;11;11;12;13;7;10-13;9-12;13;13;12;12-15;12;7-10;8;9;11;8-11;7-11;9-12;7-10;1-4;2-5;1-3;1-4;1-4;2-5;1-5
;Matheus Gomes;BRA;Palmeiras;D (D);31/12/2029;29/12/2025;-;-;-;-;16;D (D);Pé Preferido Desconhecido;Brasil;1,79 m;São Paulo;9/1/2009;D (D);Média;;-;;;2000485019;-;6-14;-;-;1-10;-;-;-;-;6-12;-;-;9-19;-;4-10;-;10-18;-;-;-;-;12-20;-;-;4-12;-;-;-;-;-;-;-;-;-;-;-;-;-;-;-;-
;Matheus Henrique;BRA;Cruzeiro;MD, M (C);30/6/2029;1/7/2024;14-18;14-20;1-5;1-5;28;MD, M (C);Pé Direito;Brasil;1,75 m;São Paulo;19/12/1997;MD;Média;;Sassuolo;;;19263862;13-17;10-14;4-8;13-19;6-12;5-9;9-13;6-10;7-11;12-16;11-15;10-14;9-15;2-8;8-12;11-15;12-16;12-18;4-10;13-17;10-14;11-17;12-16;12-16;14-18;13-17;10-14;8-14;9-15;13-17;12-16;8-14;12-16;10-14;1-4;1-5;1-2;1-4;1-5;1-3;1-3
;Matheus Lima;BRA;Botafogo;GR;31/3/2028;23/6/2025;-;-;10-16;10-19;18;GR;Pé Preferido Desconhecido;Brasil;1,84 m;;28/8/2007;GR;Abaixo da Média;;Flamengo (SP);;;2000377974;-;-;-;-;-;-;-;-;-;-;-;-;-;-;-;-;-;-;-;-;-;-;-;-;-;-;-;-;-;-;-;-;-;-;3-12;8-14;3-11;-;14-20;-;10-16
Les;Matheus Martins;BRA;Botafogo;MO (DE);31/12/2028;31/7/2024;11-15;10-14;1-5;1-2;22;MO (DE);Pé Direito;Brasil;1,78 m;Mato Grosso do Sul;16/7/2003;MO (E);Alta;;Udinese;;;19400560;12-18;2-8;2-6;11-15;6-10;2-6;9-15;4-10;5-9;9-13;10-14;12-16;10-14;9-13;7-11;13-19;9-15;11-15;8-12;10-14;12-16;12-16;8-14;9-15;4-8;7-13;11-15;7-11;14-18;5-9;10-16;11-15;7-11;8-12;1-7;1-3;1-5;3-7;1-4;1-2;1-3
;Matheus Melo;BRA;SC Internacional;D (C);31/12/2027;9/6/2025;-;-;-;-;18;D (C);Pé Preferido Desconhecido;Brasil;1,88 m;Bahia;13/3/2007;D (C);Alta;Coimbra;-;;;2000456709;-;11-17;-;-;6-13;-;-;8-14;-;1-10;-;-;-;-;7-16;-;-;-;3-10;-;-;-;-;-;9-15;-;-;-;-;1-8;-;-;-;-;-;-;-;-;-;-;-
;Matheus Menezes;BRA;São Paulo;PL (C);31/1/2029;29/12/2025;-;-;-;-;18;PL (C);Pé Preferido Desconhecido;Brasil;1,86 m;Rio Grande do Sul;15/8/2007;PL (C);Alta;;São José (RS);;;2000449100;-;-;-;1-9;-;-;-;13-20;-;2-8;6-13;-;-;-;5-11;-;13-20;-;9-15;-;-;6-15;-;-;-;-;-;-;-;-;-;-;-;-;-;-;-;-;-;-;-
;Matheus Navarro;BRA;Athletico-PR;D/DA (E);31/5/2028;1/6/2025;-;-;-;-;17;D/DA (E);Pé Preferido Desconhecido;Brasil;1,67 m;;30/9/2008;D (E);Acima da Média;;-;;;2000454294;-;1-7;-;-;5-13;-;-;-;-;2-10;-;-;5-13;-;1-5;-;4-14;-;-;-;-;8-16;-;-;3-9;-;-;-;-;-;-;-;-;-;-;-;-;-;-;-;-
;Matheus Pedro;BRA;Fluminense;MO (C), PL (C);31/12/2026;30/12/2024;-;-;-;-;19;MO (C), PL (C);Pé Preferido Desconhecido;Brasil;1,59 m;Rio de Janeiro;17/3/2006;MO (C);Média;;-;;;2000209008;3-12;-;-;10-17;-;-;3-12;-;-;8-17;6-12;-;-;-;-;-;-;-;-;-;-;-;-;8-14;-;-;-;-;5-12;-;-;-;5-14;-;-;-;-;-;-;-;-
;Matheus Pereira;BRA;Corinthians;MD, M/MO (C);31/12/2027;1/7/2025;11-15;12-16;1-4;1-6;27;MD, M/MO (C);Pé Esquerdo;Brasil;1,82 m;Rio de Janeiro;25/2/1998;MD;Abaixo da Média;Fortaleza;Eibar;;;19237947;11-17;6-10;12-16;15-19;2-6;7-13;7-13;8-12;11-15;12-18;8-12;11-15;11-15;9-13;8-14;11-17;9-13;13-17;4-8;11-15;9-13;11-15;9-15;13-17;8-12;12-16;10-14;9-13;10-14;10-16;10-16;8-12;13-19;10-14;1-3;1-3;1-3;1-3;1-5;1-5;1-3
;Matheus Pereira;BRA;Cruzeiro;M/MO (DEC);31/12/2028;29/12/2025;9-13;7-13;1-3;1-5;29;M/MO (DEC);Pé Esquerdo;Brasil;1,75 m;Minas Gerais;5/5/1996;MO (D);Abaixo da Média;;Al-Hilal;Portugal;;55070289;14-18;6-10;7-11;12-18;2-8;4-8;11-15;4-8;13-17;13-17;9-13;12-16;13-19;10-16;5-9;10-14;12-16;12-18;3-9;11-15;11-15;13-19;12-16;14-18;6-10;12-16;10-14;4-10;13-19;12-16;11-15;6-12;11-15;9-13;1-3;3-7;1-2;1-3;1-6;1-5;2-6
;Matheus Reis;MEX;Fluminense;MO (DE);31/12/2030;29/12/2025;-;-;-;-;18;MO (DE);Pé Preferido Desconhecido;México;1,80 m;Distrito Federal;2/4/2007;MO (E);Alta;;-;Brasil;S-23;2000264997;-;-;-;6-12;-;-;-;-;-;12-19;3-12;11-17;5-11;-;-;-;11-20;-;-;-;10-16;9-15;-;-;-;-;-;-;-;-;-;-;-;-;-;-;-;-;-;-;-
;Matheus Soares;BRA;Athletico-PR;GR;31/12/2029;2/7/2024;-;-;8-17;10-17;20;GR;Pé Preferido Desconhecido;Brasil;1,85 m;Goiás;10/1/2005;GR;Média;;Desportivo Brasil;;;2000218043;-;-;-;-;-;-;-;-;-;-;-;-;-;-;-;-;-;-;-;-;-;-;-;-;-;-;-;-;-;-;-;-;-;-;4-11;5-14;7-13;-;7-13;-;8-17
;Matheusinho;BRA;Botafogo;MO (E);30/4/2028;2/6/2025;7-11;8-11;1-4;1-2;18;MO (E);Pé Direito;Brasil;1,73 m;;30/3/2007;MO (E);Abaixo da Média;;Vasco da Gama;;;2000381024;10;3-6;4;10;6-10;2-6;9;5-8;7;11;10;11;9;9;2-6;8;12;7-10;4-8;8;14;12;11;9;3-7;7-10;12;4-7;11;12;8-11;8-12;6-10;10-13;1-4;1-4;1-4;3-7;1;1-2;1-4
;Matheuzinho;BRA;Vitória;M (C), MO (DEC);31/12/2029;23/7/2025;11;12;1;3;28;M (C), MO (DEC);Pé Esquerdo;Brasil;1,65 m;Santa Catarina;18/10/1997;MO (D);Acima da Média;;Ypiranga;;;19245597;14;8;12;13;8;4;13;6;11;13;11;15;12;13;6;13;14;10;4;15;15;14;13;13;8;10;13;10;15;13;12;11;14;14;3;3;3;3;1;1;2
;Matheuzinho;BRA;Corinthians;D/DA (D);31/12/2028;15/2/2024;9-15;8-12;1-7;1-5;25;D/DA (D);Pé Direito;Brasil;1,76 m;Paraná;8/9/2000;D (D);Abaixo da Média;;Flamengo;;;19350687;9-13;11-17;7-11;11-15;10-14;13-17;6-10;4-10;5-11;13-17;5-11;11-15;11-15;8-12;11-15;9-13;11-17;9-13;4-8;8-14;12-16;12-16;10-14;11-17;9-15;11-17;10-14;4-8;11-15;13-17;9-13;10-14;12-16;11-15;1-2;1-3;1-4;1-4;1-3;1-5;1-5
;Mathias;BRA;Atlético Mineiro;MD, M (C);31/12/2028;1/2/2025;-;-;-;-;17;MD, M (C);Pé Preferido Desconhecido;Brasil;1,84 m;;5/12/2008;M (C);Acima da Média;;Avaí;;;2000530319;-;4-14;-;9-17;-;-;5-15;-;-;5-13;-;-;-;-;1-7;-;-;-;-;-;-;-;9-19;2-12;-;-;-;-;8-16;-;-;-;-;-;-;-;-;-;-;-;-
;Maurício;PAR;Palmeiras;M (C), MO (DEC);30/6/2029;8/7/2024;9-13;9-13;1-5;1-6;24;M (C), MO (DEC);Pé Esquerdo;Brasil;1,75 m;São Paulo;22/6/2001;MO (C);Acima da Média;;SC Internacional;Brasil;A;19380455;10-16;6-10;8-12;15-19;3-7;5-11;9-15;6-10;10-14;12-18;10-14;12-16;12-16;9-13;8-14;8-14;11-15;13-17;4-8;10-14;12-16;13-17;9-15;12-16;6-10;11-15;13-17;8-12;9-13;10-16;9-15;8-12;10-16;11-15;1-4;1-4;1-5;1;2-6;1-7;1-4
;Maycon;BRA;Atlético Mineiro;MD, M (C);31/12/2028;1/7/2025;8-12;10-14;1-5;1;28;MD, M (C);Pé Esquerdo;Brasil;1,78 m;São Paulo;15/7/1997;M (C);Muito Alta;;Corinthians;;;19221567;9-15;6-12;7-11;11-15;12-16;1-5;12-18;5-11;12-16;9-13;9-13;8-12;7-11;12-16;6-10;13-19;9-15;11-15;8-12;11-15;12-16;12-16;9-15;10-16;11-15;10-16;11-15;9-13;11-15;10-14;10-16;12-16;8-12;10-14;1-7;1-4;1-5;2-6;1-4;1-2;1-3
;Mayk;BRA;Remo;D/DA (E);31/12/2027;29/12/2025;7-13;7-11;1-3;1-4;26;D/DA (E);Pé Esquerdo;Brasil;1,72 m;Rio Grande do Norte;31/8/1999;D (E);Média;;Grêmio;;;19327981;12-16;8-12;4-10;9-13;8-12;10-14;9-13;1-5;3-9;10-14;5-11;8-14;10-14;10-14;5-9;14-18;9-13;12-16;4-8;11-17;10-16;12-16;13-17;8-12;8-14;9-13;9-15;2-6;7-11;8-12;12-16;9-13;10-14;8-14;1-5;1-7;1-4;1-5;1-3;1-3;1-3
;Mayke;BRA;Santos;D/DA/M/MO (D);31/12/2027;30/7/2025;10-14;10-14;1-3;1-2;33;D/DA/M/MO (D);Somente Pé Direito;Brasil;1,79 m;Minas Gerais;10/11/1992;D (D);Alta;;Palmeiras;;;19152912;11-17;8-14;7-11;11-15;13-17;8-12;9-15;6-12;8-12;9-13;8-12;11-15;10-14;11-15;9-13;9-15;9-15;10-14;9-13;10-14;10-14;10-14;11-17;9-15;12-16;11-17;11-15;9-13;11-15;10-14;10-16;10-14;9-13;11-15;1-5;1-4;1-3;3-7;1-5;1-3;1-4
;Medina;BRA;Vasco da Gama;MO (C);30/6/2027;22/7/2024;9;9;2;3;17;MO (C);Somente Pé Direito;Brasil;1,80 m;;19/6/2008;MO (C);Alta;;-;;;2000463754;11;5;3;11;8;7;9;9;6;12;10;12;9;6;9;10;12;10;10;10;12;12;10;11;7;11;13;8;12;12;9;10;11;11;1;2;1;1;2;1;3
;Cristian Medina;ARG;Botafogo;M (DC), MO (C);31/12/2029;1/7/2025;11-17;6-10;1;1-3;23;M (DC), MO (C);Somente Pé Direito;Argentina;1,78 m;Buenos Aires;1/6/2002;M (C);Abaixo da Média;;Estudiantes de La Plata;;;14241925;15-19;8-12;4-10;12-16;10-14;1-5;13-17;2-6;3-9;11-15;10-16;11-17;8-12;7-11;10-14;14-18;8-12;14-18;7-11;12-18;10-16;11-15;13-17;11-15;11-17;10-14;10-16;10-14;12-16;11-15;12-16;11-15;12-16;8-14;2-6;1-7;1-3;1-4;1-3;1-5;1-3
;Stiven Mendoza;COL;Athletico-PR;MO (DE), PL (C);31/12/2027;1/7/2025;8-14;9-13;1-6;3-7;33;MO (DE), PL (C);Somente Pé Esquerdo;Colômbia;1,71 m;Andina;27/6/1992;MO (E);Alta;;León;;;76016258;11-15;5-11;12-16;10-14;5-9;7-11;10-14;6-12;6-12;14-18;9-15;12-16;11-15;8-12;13-17;10-14;10-16;10-14;7-11;5-11;12-16;13-17;9-13;9-15;5-11;8-14;12-16;5-9;14-18;14-18;7-11;11-15;13-17;11-15;1-3;1-4;1-3;1-3;1-4;3-7;1-7
;Gabriel Mercado;ARG;SC Internacional;D (DC);31/12/2026;29/12/2025;15-19;14-18;1-3;1-3;38;D (DC);Pé Direito;Argentina;1,81 m;Chubut;18/3/1987;D (C);Alta;;Al-Rayyan;Espanha;;14000758;8-14;10-16;8-12;9-13;14-18;10-14;5-11;10-16;5-9;7-11;5-9;8-12;9-13;7-11;10-14;10-16;6-12;10-14;12-16;10-14;7-11;7-11;14-20;6-12;12-16;11-17;8-12;13-17;5-9;12-16;12-18;14-18;7-11;13-17;1-7;1-3;1-4;1-5;1-3;1;1-3
;Messias;BRA;Vitória;D (C);31/12/2026;1/6/2024;-;-;-;-;18;D (C);Pé Preferido Desconhecido;Brasil;1,91 m;Bahia;19/7/2007;D (C);Abaixo da Média;;-;;;2000501198;-;11-17;-;-;13-20;-;-;10-16;-;1-10;-;-;-;-;1-8;-;-;-;13-20;-;-;-;-;-;11-19;-;-;-;-;1-10;-;-;-;-;-;-;-;-;-;-;-
;Michel Cavalcante;BRA;Palmeiras;MD, M (C);31/12/2027;29/12/2025;-;-;-;-;19;MD, M (C);Pé Preferido Desconhecido;Brasil;1,70 m;Ceará;23/2/2006;MD;Abaixo da Média;Vancouver;Fortaleza;;;2000274221;-;4-13;-;7-15;-;-;7-16;-;-;3-10;-;-;-;-;1-5;-;-;-;-;-;-;-;9-18;4-13;-;-;-;-;10-17;-;-;-;-;-;-;-;-;-;-;-;-
;Miguel Antonio;BRA;Cruzeiro;PL (C);31/12/2028;1/12/2025;-;-;-;-;16;PL (C);Pé Preferido Desconhecido;Brasil;1,79 m;Minas Gerais;10/2/2009;PL (C);Abaixo da Média;;-;;;2000519081;-;-;-;2-10;-;-;-;4-14;-;5-13;11-17;-;-;-;1-6;-;5-15;-;7-15;-;-;9-17;-;-;-;-;-;-;-;-;-;-;-;-;-;-;-;-;-;-;-
;Miguel Caldas;BRA;Botafogo;M (C), MO (EC);15/10/2027;16/10/2024;-;-;-;-;17;M (C), MO (EC);Pé Preferido Desconhecido;Brasil;1,76 m;Rio de Janeiro;29/7/2008;MO (C);Acima da Média;;-;;;2000491191;4-12;-;-;7-13;-;-;1-9;-;-;12-20;2-12;-;-;-;-;-;-;-;-;-;-;-;-;10-20;-;-;-;-;9-17;-;-;-;12-20;-;-;-;-;-;-;-;-
;Miguel Stoco;BRA;Chapecoense;MD, M (C);31/12/2027;11/11/2025;-;-;-;-;19;MD, M (C);Pé Preferido Desconhecido;Brasil;1,82 m;Santa Catarina;27/8/2006;M (C);Acima da Média;;Concórdia;Itália;;2000413445;-;6-15;-;9-17;-;-;8-17;-;-;3-10;-;-;-;-;1-5;-;-;-;-;-;-;-;4-13;6-15;-;-;-;-;5-12;-;-;-;-;-;-;-;-;-;-;-;-
;Pedro Milans;URU;Corinthians;D/DA (D);31/12/2029;29/12/2025;6-10;8-14;2-6;1-5;23;D/DA (D);Pé Direito;Uruguai;1,72 m;Canelones;24/3/2002;D/DA (D);Abaixo da Média;;Peñarol;;;78099060;11-15;11-15;8-14;7-13;7-11;10-14;7-11;6-10;1-3;11-15;5-9;9-15;8-14;4-8;5-9;12-16;12-16;10-16;5-9;5-9;11-17;11-17;10-14;10-14;7-11;12-16;12-18;4-10;9-13;10-14;9-13;8-12;7-11;7-13;1-5;1;1-7;1-3;1-4;1-3;3-7
;Julián Millán;COL;Fluminense;D (C);31/12/2029;29/12/2025;10-14;9-13;1-5;1-5;27;D (C);Pé Esquerdo;Colômbia;1,85 m;Andina;27/3/1998;D (C);Média;;Nacional;;;76047308;10-14;11-15;9-13;8-12;12-18;4-10;2-6;12-16;1-5;8-14;9-13;10-14;4-8;3-9;10-16;11-15;11-15;9-13;12-18;11-15;12-16;8-12;11-15;8-12;11-15;10-14;9-13;9-13;8-14;9-15;9-13;9-15;9-15;13-17;1-5;1-5;1-5;1-7;1;1-5;1-5
;Alan Minda;ECU;Atlético Mineiro;MO (DE);31/12/2030;29/12/2025;10-16;8-12;1-3;1-5;22;MO (DE);Pé Direito;Equador;1,71 m;Esmeraldas;14/5/2003;MO (E);Acima da Média;;Cercle Brugge;;;2000048774;12-16;3-7;1-7;10-14;4-8;3-7;11-15;4-8;11-17;10-14;10-16;11-17;10-14;8-12;7-11;15-19;11-15;12-16;5-9;6-12;8-14;11-15;12-16;7-11;6-12;7-11;9-15;5-9;12-16;9-13;10-14;8-12;6-10;4-10;3-7;1-6;1-5;1-5;1-5;1-3;1-2
;Koné Mohamed;CIV;Palmeiras;D (C);19/10/2028;29/12/2025;-;-;-;-;18;D (C);Pé Preferido Desconhecido;Costa do Marfim;1,93 m;Bagoué;20/10/2007;D (C);Abaixo da Média;;-;;S-20;2000531495;-;14-20;-;-;12-18;-;-;14-20;-;2-8;-;-;-;-;4-10;-;-;-;15-20;-;-;-;-;-;6-13;-;-;-;-;11-17;-;-;-;-;-;-;-;-;-;-;-
;Moisés;BRA;Santos;MO (DEC);31/12/2028;29/12/2025;6-10;4-10;4-8;1-5;29;MO (DEC);Pé Direito;Brasil;1,75 m;Santa Catarina;2/9/1996;MO (E);Abaixo da Média;;Fortaleza;;;19383039;11-15;9-13;9-15;9-15;7-11;7-11;9-13;9-13;8-12;11-15;9-13;12-18;5-11;9-13;9-13;11-15;14-18;9-15;7-11;5-9;12-18;10-16;9-13;13-17;4-8;10-14;12-18;8-14;11-15;11-15;10-14;10-14;11-15;11-17;1-4;1-2;1-6;1-3;1-4;1-5;3-7
;Molina;BRA;Corinthians;MO (C);31/12/2028;25/11/2025;-;-;-;-;18;MO (C);Pé Preferido Desconhecido;Brasil;1,85 m;;9/3/2007;MO (C);Alta;;-;;;2000379968;8-16;-;-;3-12;-;-;3-11;-;-;5-11;3-10;-;-;-;-;-;-;-;-;-;-;-;-;14-20;-;-;-;-;9-15;-;-;-;4-10;-;-;-;-;-;-;-;-
;Ivan Molina;VEN;Botafogo;MO (DC);31/12/2027;29/5/2025;-;-;-;-;17;MO (DC);Pé Preferido Desconhecido;Venezuela;1,77 m;;7/4/2008;MO (D);Abaixo da Média;;-;Brasil;S-20;2000457214;-;-;-;9-17;-;-;-;-;-;2-10;5-11;9-15;4-12;-;-;-;5-15;-;-;-;8-14;9-17;-;-;-;-;-;-;-;-;-;-;-;-;-;-;-;-;-;-;-
;Miguel Monsalve;COL;Grêmio;MO (DEC);31/12/2028;14/7/2024;6-12;7-11;1;1-4;21;MO (DEC);Pé Direito;Colômbia;1,78 m;Andina;27/2/2004;MO (C);Abaixo da Média;;Independiente Medellín;;;2000018045;15-19;3-7;8-14;12-16;5-9;4-8;12-16;4-8;10-16;12-16;10-16;10-16;10-14;11-15;6-10;12-16;8-12;10-14;6-10;10-16;9-15;11-15;9-13;10-14;6-12;8-12;9-15;6-10;13-17;11-15;13-17;9-13;10-14;8-14;3-7;1-5;1-4;1-5;1-5;1-5;1
;Rafael Monti;ARG;Remo;MO (E), PL (C);31/12/2026;1/7/2025;9-15;11-15;1-3;1-5;26;MO (E), PL (C);Pé Direito;Argentina;1,82 m;Buenos Aires;8/12/1999;PL (C);Média;Vinotinto F.C.;Atl. Vinotinto;;;14225490;12-16;2-6;7-13;8-12;5-9;4-8;11-15;8-12;7-13;7-11;13-19;8-14;7-11;5-9;12-16;11-15;7-11;8-12;9-13;12-18;9-15;11-15;12-16;7-11;10-16;9-13;12-18;3-7;9-13;6-10;12-16;11-15;10-14;11-17;3-7;1-6;1-3;1-3;1-4;1-4;1-4
;Álvaro Montoro;ARG;Botafogo;MO (DEC);31/12/2029;3/6/2025;10-16;7-12;1-3;1-6;18;MO (DEC);Pé Direito;Argentina;1,70 m;Tucumán;17/4/2007;MO (C);Abaixo da Média;;Vélez Sarsfield;Itália;S-20;2000188763;13-18;5-10;11-16;10-15;5-12;1-8;10-15;2-7;8-14;10-17;9-15;15-20;6-11;9-16;3-10;10-15;9-14;6-11;4-11;10-16;15-20;8-13;11-16;10-15;4-10;9-14;13-18;3-8;13-20;6-13;11-16;10-17;7-14;13-18;1-4;1-6;2-7;1-8;1-3;1-6;1-3
;Andrés Moreno;COL;Remo;PL (C);31/1/2027;29/12/2025;-;-;-;-;19;PL (C);Pé Preferido Desconhecido;Colômbia;1,77 m;;29/6/2006;PL (C);Abaixo da Média;Amazônia IFC;-;;;2000533787;-;-;-;1-8;-;-;-;8-14;-;7-16;10-18;-;-;-;1-9;-;4-10;-;9-18;-;-;5-12;-;-;-;-;-;-;-;-;-;-;-;-;-;-;-;-;-;-;-
;Henry Mosquera;COL;RB Bragantino;MO (DE);31/12/2027;1/4/2023;11-15;8-12;1-3;1-2;24;MO (DE);Pé Direito;Colômbia;1,75 m;Pacífica;15/11/2001;MO (E);Abaixo da Média;;Envigado F.C.;;;2000155489;11-17;1-6;5-9;10-14;6-10;3-7;9-15;3-9;9-13;8-12;10-14;12-16;9-13;9-13;8-12;11-17;11-17;11-15;8-12;10-14;12-16;14-18;10-16;7-13;5-9;8-14;11-15;7-11;14-18;6-10;10-16;11-15;7-11;10-14;1-7;1-5;1-3;1-5;1-5;1-2;1-4
;Mosquito;BRA;Atlético Mineiro;M/MO (D);31/12/2030;31/10/2025;-;-;-;-;17;M/MO (D);Pé Preferido Desconhecido;Brasil;1,69 m;Rio Grande do Norte;25/4/2008;MO (D);Alta;;São Paulo;;;2000470352;-;-;-;11-19;-;-;-;-;-;7-15;3-9;8-14;9-17;-;-;-;4-14;-;-;-;6-12;8-16;-;-;-;-;-;-;-;-;-;-;-;-;-;-;-;-;-;-;-
;Lucas Mugni;ARG;Mirassol;MD, M/MO (C);31/12/2026;29/12/2025;12-16;9-15;1-5;1-5;33;MD, M/MO (C);Pé Esquerdo;Argentina;1,81 m;Santa Fe;12/1/1992;M (C);Abaixo da Média;;Ceará;Espanha;;14023268;11-15;8-12;7-11;12-18;6-12;3-7;9-13;6-10;12-16;11-15;9-13;8-12;9-15;9-15;11-15;10-14;8-12;8-14;6-12;12-16;8-12;10-16;12-16;11-15;11-15;10-14;10-14;10-16;9-15;8-12;10-14;8-14;9-13;8-12;1-3;1-5;1-3;1-4;1-6;1-3;1-5
;Murillo;BRA;Santos;M/MO (C);31/3/2026;26/4/2024;-;-;-;-;18;M/MO (C);Pé Preferido Desconhecido;Brasil;1,71 m;;3/1/2007;M (C);Acima da Média;;-;;;2000272626;-;10-17;-;4-13;-;-;5-13;-;-;6-12;-;-;-;-;3-9;-;-;-;-;-;-;-;8-16;10-17;-;-;-;-;7-13;-;-;-;-;-;-;-;-;-;-;-;-
;Murillo;BRA;Atlético Mineiro;MO (D), PL (C);12/8/2026;11/8/2025;-;-;-;-;19;MO (D), PL (C);Pé Preferido Desconhecido;Brasil;1,76 m;São Paulo;21/7/2006;PL (C);Acima da Média;Audax (SP);-;;;2000520994;-;-;-;3-10;-;-;-;10-16;-;6-15;7-15;-;-;-;2-11;-;8-14;-;5-14;-;-;7-14;-;-;-;-;-;-;-;-;-;-;-;-;-;-;-;-;-;-;-
;Murilo;BRA;Cruzeiro;MD, M (C);31/1/2029;22/8/2025;-;-;-;-;19;MD, M (C);Pé Preferido Desconhecido;Brasil;1,84 m;Distrito Federal;13/3/2006;MD;Acima da Média;;-;;;2000271982;-;10-16;-;11-18;-;-;1-9;-;-;9-18;-;-;-;-;6-15;-;-;-;-;-;-;-;6-15;8-14;-;-;-;-;1-8;-;-;-;-;-;-;-;-;-;-;-;-
;Murilo;BRA;Palmeiras;D (C);31/12/2027;9/1/2024;13-17;13-17;1-4;1-2;28;D (C);Pé Direito;Brasil;1,88 m;Bahia;27/3/1997;D (C);Alta;;Lokomotiv Moscovo;;;95040312;9-15;10-16;11-15;9-13;14-18;6-10;7-13;11-17;3-7;7-11;6-10;6-10;5-9;7-11;9-13;13-19;10-16;10-14;15-19;10-14;10-14;10-14;12-18;4-10;12-16;11-17;5-9;10-14;7-11;6-10;11-17;12-16;9-13;12-16;1-5;1-4;1-3;1-5;1-4;1-4;1-5
;Murilo Belterra;BRA;Remo;MO (C), PL (C);31/12/2026;1/7/2025;-;-;-;-;18;MO (C), PL (C);Pé Preferido Desconhecido;Brasil;1,77 m;Pará;21/5/2007;MO (C);Alta;São Francisco (PA);-;;;2002043497;8-14;-;-;8-17;-;-;1-7;-;-;12-18;16-20;-;-;-;-;-;-;-;-;-;-;-;-;4-12;-;-;-;-;4-13;-;-;-;7-13;-;-;-;-;-;-;-;-
;Murilo Camargo;BRA;Athletico-PR;D (C);1/6/2027;1/6/2025;-;-;-;-;16;D (C);Pé Preferido Desconhecido;Brasil;1,83 m;São Paulo;20/2/2009;D (C);Acima da Média;;-;;;2000500049;-;11-17;-;-;5-13;-;-;9-15;-;3-13;-;-;-;-;7-17;-;-;-;2-10;-;-;-;-;-;9-15;-;-;-;-;10-20;-;-;-;-;-;-;-;-;-;-;-
;Murilo Fleck;BRA;Coritiba;GR;31/12/2026;1/7/2025;-;-;13-20;5-11;18;GR;Pé Preferido Desconhecido;Brasil;1,89 m;;11/2/2007;GR;Abaixo da Média;;Hercílio Luz;;;2000399991;-;-;-;-;-;-;-;-;-;-;-;-;-;-;-;-;-;-;-;-;-;-;-;-;-;-;-;-;-;-;-;-;-;-;1-9;5-12;10-19;-;5-14;-;12-19
;Murilo Picorelli;BRA;Mirassol;GR;9/4/2027;11/4/2025;-;-;4-13;10-17;18;GR;Pé Preferido Desconhecido;Brasil;1,86 m;;9/4/2007;GR;Alta;;-;;;2000278031;-;-;-;-;-;-;-;-;-;-;-;-;-;-;-;-;-;-;-;-;-;-;-;-;-;-;-;-;-;-;-;-;-;-;7-14;6-15;11-17;-;9-15;-;5-14
;Mutano;BRA;Vasco da Gama;D/DA/M/MO (E);31/12/2028;1/7/2025;7;18;2;3;20;D/DA/M/MO (E);Pé Direito;Brasil;1,70 m;Minas Gerais;29/5/2005;D (E);Baixo;;-;;;2002042964;12;10;13;12;9;12;10;10;11;12;11;14;11;11;10;12;14;11;7;10;13;14;12;9;11;12;12;9;11;18;10;11;10;12;2;3;1;1;1;1;1
;Mycael;BRA;Athletico-PR;GR;31/12/2028;29/12/2025;12-18;6-10;9-13;8-12;21;GR;Somente Pé Esquerdo;Brasil;1,91 m;Rondônia;12/3/2004;GR;Acima da Média;;-;;;19409140;7-11;1-2;1-3;8-12;1-3;1-5;3-7;1;4-10;7-11;1-5;3-9;1-4;1-5;10-14;9-13;6-10;11-15;12-16;8-14;9-15;8-12;8-12;5-9;10-16;7-11;7-13;5-9;6-10;10-14;12-16;9-13;7-11;7-13;16-20;11-17;6-12;10-14;11-15;7-11;9-13
;Naarã;BRA;Fluminense;MO (C);31/10/2028;17/11/2025;-;-;-;-;17;MO (C);Pé Preferido Desconhecido;Brasil;1,69 m;;12/1/2008;MO (C);Abaixo da Média;;-;;;2000449860;12-20;-;-;10-16;-;-;7-15;-;-;7-15;7-17;-;-;-;-;-;-;-;-;-;-;-;-;1-9;-;-;-;-;7-13;-;-;-;6-14;-;-;-;-;-;-;-;-
;Nadson;BRA;Santos;MO (E);23/1/2028;25/1/2025;-;-;-;-;16;MO (E);Pé Preferido Desconhecido;Brasil;1,71 m;;24/1/2009;MO (E);Média;;-;;;2000488891;-;-;-;3-13;-;-;-;-;-;8-14;1-8;12-20;2-12;-;-;-;12-20;-;-;-;12-20;5-15;-;-;-;-;-;-;-;-;-;-;-;-;-;-;-;-;-;-;-
;Juan Ignacio Nardoni;ARG;Grêmio;MD, M (C);31/12/2029;29/12/2025;8-12;5-11;1-5;1-5;23;MD, M (C);Pé Direito;Argentina;1,80 m;Santa Fe;14/7/2002;M (C);Acima da Média;;Racing Club;;;14242680;12-16;12-16;7-13;9-15;10-14;8-12;8-12;11-15;6-10;12-16;4-8;10-16;5-11;7-11;11-15;14-18;14-18;11-17;7-11;11-15;11-17;9-15;10-14;13-17;10-14;12-16;10-16;4-10;12-16;11-15;10-14;10-14;8-12;11-17;1-5;1;1-7;1-4;1-4;1-3;2-6
;Natã Barbosa;BRA;Atlético Mineiro;MO (C);31/12/2028;9/6/2025;-;-;-;-;18;MO (C);Pé Preferido Desconhecido;Brasil;1,75 m;Rio Grande do Sul;22/1/2007;MO (C);Alta;;Grêmio;;;2000277687;8-14;-;-;3-10;-;-;8-14;-;-;4-13;2-10;-;-;-;-;-;-;-;-;-;-;-;-;7-13;-;-;-;-;8-17;-;-;-;3-12;-;-;-;-;-;-;-;-
;Natanael;BRA;Atlético Mineiro;D/DA (D);31/12/2028;18/1/2025;11-15;7-11;1-3;1-4;23;D/DA (D);Pé Direito;Brasil;1,72 m;Paraná;5/1/2002;D (D);Abaixo da Média;;Coritiba;;;19383253;11-15;10-14;7-11;8-12;10-16;7-13;5-9;7-11;8-12;8-14;6-10;12-16;9-13;8-14;4-10;12-16;12-16;10-14;6-12;9-13;15-19;10-14;13-17;11-15;9-13;11-15;13-17;4-8;9-15;13-19;11-15;10-16;7-13;12-16;1-4;1-3;3-7;1-5;1-3;1-4;1-5
;Nathan;BRA;Vitória;D/DA (D);31/12/2028;3/1/2024;9-13;7-11;2-6;1-5;23;D/DA (D);Pé Direito;Brasil;1,82 m;São Paulo;19/8/2002;D/DA (D);Abaixo da Média;RB Bragantino;São Paulo;;;2000094268;10-14;8-12;9-13;7-11;10-16;6-12;5-9;9-13;8-12;8-14;5-9;13-17;6-10;9-15;10-16;12-16;11-15;11-15;8-14;11-15;14-18;9-13;11-15;8-12;8-12;10-14;13-17;5-9;8-14;8-14;9-13;10-16;8-14;13-17;1-4;1-4;2-6;1-7;1-2;1-5;1-3
;Nathan Borges;BRA;Grêmio;D (C);31/12/2027;29/12/2025;-;-;-;-;19;D (C);Pé Preferido Desconhecido;Brasil;1,88 m;São Paulo;7/6/2006;D (C);Abaixo da Média;;Ponte Preta;;;2000533967;-;8-14;-;-;4-13;-;-;8-14;-;1-10;-;-;-;-;3-12;-;-;-;10-19;-;-;-;-;-;5-13;-;-;-;-;1-10;-;-;-;-;-;-;-;-;-;-;-
Prt;Nathan Fernandes;BRA;Botafogo;MO (DE);31/12/2029;14/2/2025;8-13;6-11;2-7;1-6;20;MO (DE);Somente Pé Direito;Brasil;1,76 m;Rio de Janeiro;16/2/2005;MO (E);Abaixo da Média;;Grêmio;;;2000086446;8-15;5-10;5-11;11-16;1-6;4-11;6-13;6-11;4-9;11-18;7-12;11-17;11-16;5-10;6-13;7-14;12-17;13-18;1-6;9-14;11-17;15-20;6-13;10-15;4-9;7-12;11-17;7-12;9-14;12-19;5-12;6-11;11-18;9-15;1-6;1-4;1-4;1-3;1-6;1-7;1-6
;Nathan Fogaça;BRA;Mirassol;MO (E), PL (C);31/12/2026;26/12/2025;5-9;8-14;2-6;1-5;26;MO (E), PL (C);Pé Direito;Brasil;1,78 m;Paraná;9/6/1999;PL (C);Média;;Novorizontino;;;19358112;10-14;9-13;9-15;8-14;5-9;10-14;10-14;11-15;6-10;11-15;9-13;11-17;9-15;9-13;8-12;11-15;13-17;7-13;9-13;9-13;11-17;10-16;9-13;12-16;5-9;12-16;12-18;2-8;9-13;7-11;10-14;8-12;13-17;10-16;1-5;1;1-6;1-3;1-5;1-3;1-5
;Negrucci;BRA;São Paulo;MD, M (C);31/12/2029;29/12/2025;10-14;10-14;1-5;1-7;21;MD, M (C);Pé Direito;Brasil;1,80 m;São Paulo;4/5/2004;MD;Abaixo da Média;;União Barbarense;;;2000110760;7-13;10-14;11-15;13-17;7-11;9-15;8-14;9-13;12-16;8-14;7-11;8-12;9-13;7-11;9-15;10-16;9-13;12-16;7-11;9-13;10-14;12-16;9-15;10-14;12-16;12-16;10-14;13-17;4-8;10-16;8-14;8-12;9-15;10-14;1-5;1-5;1-3;1-3;2-6;1-7;1-3
;Negueba;BRA;Mirassol;MO (DE), PL (C);31/12/2027;3/3/2025;7-11;7-11;1-3;1-5;26;MO (DE), PL (C);Pé Direito;Brasil;1,73 m;Rio Grande do Norte;3/12/1999;MO (D);Baixo;;Globo;;;19358051;8-14;3-7;10-14;11-15;1-5;2-8;8-14;5-9;13-17;10-16;9-13;12-16;11-15;5-9;4-10;9-15;12-16;12-16;1-5;7-11;14-18;16-20;6-12;8-12;3-7;7-11;12-16;5-9;11-15;10-16;5-11;6-10;11-17;11-15;1-4;1-3;1-5;1-2;2-6;1-7;1-3
;Néris;BRA;Vitória;D (C);31/12/2026;25/7/2024;12-18;13-17;1-6;2-6;33;D (C);Pé Direito;Brasil;1,90 m;Pará;17/6/1992;D (C);Acima da Média;;Cruzeiro;;;19161180;5-9;11-17;6-10;7-11;12-16;9-13;3-7;11-17;3-9;9-13;2-8;6-10;4-8;3-7;16-20;10-14;8-14;14-18;13-17;10-16;7-11;8-12;11-15;6-12;11-17;12-18;6-10;11-15;8-12;14-18;3-7;12-16;8-12;13-17;1;1-3;1-5;1-5;1-3;3-7;1-7
;Neto;BRA;Botafogo;GR;30/6/2027;8/8/2025;12-16;5-11;12-16;10-14;36;GR;Somente Pé Direito;Brasil;1,90 m;Minas Gerais;19/7/1989;GR;Abaixo da Média;;Bournemouth;Itália;;19030933;7-11;1-3;1-3;9-15;1-3;1-4;1-3;4-8;5-9;7-11;2-6;1-2;1-5;1-5;11-15;10-14;7-11;10-16;10-16;15-19;9-13;9-15;10-14;9-13;15-19;10-14;1-3;10-16;2-8;13-17;10-14;10-16;12-16;11-15;11-15;15-19;6-10;9-15;11-17;12-16;10-14
;Neto Moura;BRA;Mirassol;MD, M (C);30/11/2026;3/1/2025;13;13;3;3;29;MD, M (C);Pé Direito;Brasil;1,76 m;Alagoas;6/8/1996;MD;Abaixo da Média;;Cruzeiro;;;19249770;12;13;12;14;12;10;10;11;14;12;10;10;9;13;9;14;13;12;10;14;13;14;16;13;12;16;11;9;10;14;12;11;11;13;1;3;2;3;3;3;2
;Neto Pessoa;BRA;Chapecoense;MO (DE), PL (C);30/4/2027;9/6/2025;10-14;8-12;1-3;1-5;31;MO (DE), PL (C);Pé Esquerdo;Brasil;1,82 m;Acre;16/5/1994;MO (D);Abaixo da Média;;Criciúma;;;19361838;10-14;5-9;13-17;7-11;5-11;3-9;7-11;9-13;8-12;7-13;10-14;13-17;5-9;5-11;4-10;11-15;11-15;9-13;9-15;10-14;14-18;9-13;9-13;9-13;5-9;8-12;13-17;7-11;8-14;8-14;8-12;9-15;8-14;11-15;1-5;1-3;1-5;2-8;1;1-5;1-4
;Newton;BRA;Botafogo;MD, M (C);31/12/2028;1/7/2025;9-13;9-13;1-4;1-4;25;MD, M (C);Pé Direito;Brasil;1,88 m;Bahia;12/3/2000;M (C);Abaixo da Média;;Santos;;;2000052804;8-14;7-13;1-5;9-13;11-15;1;3-9;5-11;1-5;7-11;4-8;8-12;6-10;4-8;6-10;9-15;7-13;11-15;12-16;10-14;9-13;9-13;11-17;7-13;8-12;8-14;6-10;4-8;11-15;1-5;6-12;10-14;3-7;7-11;1-5;1-3;1-4;2-6;1-3;1;1-5
Les;Neymar;BRA;Santos;MO (EC), PL (C);31/12/2026;29/12/2025;11-13;10-13;1-2;3-5;33;MO (EC), PL (C);Pé Direito;Brasil;1,75 m;São Paulo;5/2/1992;MO (E);Muito Alta;;Al-Hilal;;;19024412;19;4-6;16-18;16;2-5;3-5;15;8;16-18;19;15;19;15;13-16;9-11;9;11;7;7;12-14;12;11;7-9;17;4-6;9;15-17;13-16;19;11;14;8-11;16;13-15;1-2;2-4;1-2;1-3;2-5;1-3;2-4
;Nicolas;BRA;São Paulo;D/DA (E), M (EC), MO (E);31/12/2029;29/12/2025;-;-;-;-;18;D/DA (E), M (EC), MO (E);Pé Preferido Desconhecido;Brasil;1,76 m;São Paulo;8/4/2007;M (E);Acima da Média;;-;Suíça;;2000378988;-;-;-;12-19;-;-;-;-;-;8-17;8-14;8-16;9-16;-;-;-;10-16;-;-;-;9-17;12-19;-;-;-;-;-;-;-;-;-;-;-;-;-;-;-;-;-;-;-
;Nicolas;BRA;São Paulo;MO (C);31/7/2026;30/12/2024;-;-;-;-;19;MO (C);Pé Preferido Desconhecido;Brasil;1,77 m;Rio Grande do Sul;30/3/2006;MO (C);Acima da Média;;Juventude;;;2000193222;5-12;-;-;7-13;-;-;1-8;-;-;13-20;5-14;-;-;-;-;-;-;-;-;-;-;-;-;11-20;-;-;-;-;11-19;-;-;-;4-11;-;-;-;-;-;-;-;-
;Nicolas;BRA;Cruzeiro;D (D);31/12/2028;29/12/2025;-;-;-;-;19;D (D);Pé Preferido Desconhecido;Brasil;1,74 m;Paraná;14/1/2006;D (D);Acima da Média;;Athletico-PR;;;2000272495;-;10-16;-;-;7-16;-;-;-;-;6-15;-;-;3-10;-;1-9;-;10-16;-;-;-;-;7-14;-;-;3-11;-;-;-;-;-;-;-;-;-;-;-;-;-;-;-;-
;Nicolas Pereira;BRA;São Paulo;M/MO (C);31/12/2027;29/12/2025;-;-;-;-;16;M/MO (C);Pé Preferido Desconhecido;Brasil;1,76 m;;2/3/2009;M/MO (C);Abaixo da Média;;-;;;2000530758;4-12;-;-;6-12;-;-;5-13;-;-;11-19;6-16;-;-;-;-;-;-;-;-;-;-;-;-;9-19;-;-;-;-;7-15;-;-;-;4-12;-;-;-;-;-;-;-;-
;Nícollas;BRA;Corinthians;MO (E);30/6/2027;30/7/2024;-;-;-;-;17;MO (E);Pé Preferido Desconhecido;Brasil;1,80 m;;13/6/2008;MO (E);Abaixo da Média;;-;;;2000484230;-;-;-;8-14;-;-;-;-;-;7-15;7-17;3-13;7-13;-;-;-;4-12;-;-;-;5-15;10-16;-;-;-;-;-;-;-;-;-;-;-;-;-;-;-;-;-;-;-
;Andrej Nikolić;SRB;Cruzeiro;MO (C);31/12/2026;1/8/2025;-;-;-;-;19;MO (C);Pé Preferido Desconhecido;Sérvia;1,79 m;;31/7/2006;MO (C);Abaixo da Média;;Nacional da Madeira;;S-21;2000488838;4-11;-;-;8-14;-;-;3-10;-;-;13-20;1-10;-;-;-;-;-;-;-;-;-;-;-;-;11-20;-;-;-;-;7-15;-;-;-;9-16;-;-;-;-;-;-;-;-
;Nonato;BRA;Fluminense;M/MO (C);31/12/2028;29/12/2025;12-16;7-11;1-4;1-6;27;M/MO (C);Pé Direito;Brasil;1,75 m;São Paulo;3/3/1998;M (C);Média;;Santos;Itália;;19263853;11-15;10-14;13-17;9-13;8-14;2-8;8-12;8-12;6-10;9-15;9-13;13-17;7-11;8-14;6-12;10-14;11-15;9-13;6-12;10-14;14-18;9-13;12-16;11-15;10-14;11-15;13-17;8-12;11-17;10-16;10-14;9-15;9-15;12-16;1-3;1-4;2-6;1-7;1-4;1-5;2-6
;Erick Noriega;PER;Grêmio;D (C), MD;31/12/2028;21/8/2025;13-17;10-14;1-3;1;24;D (C), MD;Pé Direito;Japão;1,85 m;Aichi-ken;22/10/2001;MD;Abaixo da Média;;Alianza;Japão;A;77058584;11-17;12-18;8-12;13-17;15-19;8-12;4-10;10-16;4-8;11-15;5-9;6-10;5-9;7-11;9-13;6-12;10-16;8-12;14-18;10-14;11-15;13-17;12-18;7-13;10-14;10-16;6-10;12-16;7-11;7-11;10-16;8-12;4-8;9-13;1-5;1-5;1-3;3-7;1-3;1-3;1-3
;Nuno Moreira;POR;Vasco da Gama;MO (DEC);31/12/2027;25/2/2025;12;11;4;1;26;MO (DEC);Pé Direito;Portugal;1,75 m;Área Metropolitana de Porto;16/6/1999;MO (E);Abaixo da Média;;Casa Pia;;;83111513;15;9;10;14;7;3;12;4;13;15;12;14;14;14;10;13;13;13;7;14;14;13;15;14;8;12;12;7;13;15;12;11;13;11;3;1;2;2;4;1;1
;Nycollas;BRA;Cruzeiro;MO (DE);31/12/2027;17/7/2024;-;-;-;-;17;MO (DE);Pé Preferido Desconhecido;Brasil;1,69 m;São Paulo;2/4/2008;MO (D);Abaixo da Média;;-;;;2000520398;-;-;-;4-12;-;-;-;-;-;1-9;11-17;9-15;6-14;-;-;-;4-14;-;-;-;8-14;9-17;-;-;-;-;-;-;-;-;-;-;-;-;-;-;-;-;-;-;-
;Christian Oliva;URU;Santos;MD, M (C);31/12/2028;29/12/2025;13-17;12-18;1-3;2-6;29;MD, M (C);Pé Direito;Uruguai;1,78 m;San José;1/6/1996;MD;Acima da Média;;Nacional;;;78091915;11-15;11-15;6-10;10-16;9-15;2-6;11-15;5-9;11-15;10-14;9-13;6-10;10-16;10-16;11-15;10-14;10-14;11-17;5-11;13-17;7-11;10-16;12-16;9-13;13-17;13-17;7-11;11-17;6-12;12-16;11-15;8-14;10-14;8-12;1-5;1-5;1;1-3;1-6;1-5;1-4
;Oliver;BRA;Fluminense;M (C);31/12/2028;14/7/2025;-;-;-;-;18;M (C);Pé Preferido Desconhecido;Brasil;1,78 m;;11/5/2007;M (C);Acima da Média;;SC Internacional;;;2000379905;-;3-9;-;13-20;-;-;1-9;-;-;11-20;-;-;-;-;7-16;-;-;-;-;-;-;-;4-13;7-13;-;-;-;-;1-6;-;-;-;-;-;-;-;-;-;-;-;-
;Cristian Olivera;URU;EC Bahia;MO (DE), PL (C);31/12/2027;1/7/2025;5-11;12-16;1-5;2-6;23;MO (DE), PL (C);Pé Direito;Uruguai;1,76 m;Montevideo;17/4/2002;MO (D);Média;Grêmio;EC Bahia;;;78097898;9-13;4-10;8-12;8-12;3-7;5-9;4-8;4-10;4-10;12-16;6-12;11-15;9-13;4-8;9-13;10-14;13-19;13-17;3-7;8-14;14-18;14-18;8-12;8-14;1-7;6-12;11-15;2-6;11-15;5-9;6-10;3-7;10-14;8-12;1;1-3;1-5;1-4;1-3;3-7;1-6
;Osório;BRA;São Paulo;D (C);15/7/2027;15/7/2024;-;-;-;-;19;D (C);Pé Preferido Desconhecido;Brasil;1,90 m;Minas Gerais;6/9/2006;D (C);Acima da Média;;Desportivo Brasil;;;2000298962;-;9-15;-;-;11-20;-;-;9-15;-;1-7;-;-;-;-;1-8;-;-;-;14-20;-;-;-;-;-;6-14;-;-;-;-;8-17;-;-;-;-;-;-;-;-;-;-;-
;Osvaldo;BRA;Vitória;MO (DE);15/6/2026;29/12/2025;9-13;13-17;1-3;1-6;38;MO (DE);Pé Direito;Brasil;1,69 m;Ceará;11/4/1987;MO (E);Abaixo da Média;;CSA;;;19019038;9-15;5-9;9-13;12-16;4-8;1-7;10-16;6-10;9-13;11-17;10-14;12-16;12-16;8-12;6-12;8-14;11-15;19-20;2-6;10-14;12-16;14-18;11-17;11-15;7-11;7-11;12-16;14-18;10-14;13-19;6-12;7-11;10-16;10-14;1-5;1-5;1-3;1-2;1-5;1-6;1-3
;Otávio;BRA;Santos;PL (C);31/3/2028;5/9/2025;-;-;-;-;18;PL (C);Pé Preferido Desconhecido;Brasil;1,83 m;;24/4/2007;PL (C);Alta;;Athletico-PR;;;2000264287;-;-;-;3-10;-;-;-;7-13;-;3-12;7-15;-;-;-;2-11;-;6-12;-;8-17;-;-;3-10;-;-;-;-;-;-;-;-;-;-;-;-;-;-;-;-;-;-;-
;Otávio;BRA;Fluminense;MD, M (C);31/12/2027;19/2/2025;12-16;15-19;1-5;1-7;31;MD, M (C);Pé Direito;Brasil;1,73 m;Alagoas;4/5/1994;MD;Alta;;Atlético Mineiro;;;19226437;9-15;12-16;8-12;13-17;11-15;5-11;7-13;10-14;8-12;11-17;7-11;8-12;9-13;3-7;12-18;9-15;10-14;12-16;3-7;10-14;11-15;12-16;10-16;9-13;13-17;12-16;9-13;10-14;7-11;12-18;8-14;8-12;11-17;11-15;1-3;1-3;1-4;1-2;3-7;1-7;1-4
;Otávio;BRA;Cruzeiro;GR;31/12/2028;3/1/2024;-;-;7-14;5-13;20;GR;Pé Preferido Desconhecido;Brasil;1,92 m;Minas Gerais;27/12/2005;GR;Acima da Média;;-;;;2000243117;-;-;-;-;-;-;-;-;-;-;-;-;-;-;-;-;-;-;-;-;-;-;-;-;-;-;-;-;-;-;-;-;-;-;14-20;10-19;2-11;-;9-15;-;6-13
;Otávio Gabriel;BRA;Cruzeiro;D/DA (D);31/10/2028;1/11/2025;-;-;-;-;16;D/DA (D);Pé Preferido Desconhecido;Brasil;1,75 m;;9/2/2009;D (D);Acima da Média;;-;;;2000496052;-;1-10;-;-;10-18;-;-;-;-;3-11;-;-;6-14;-;1-8;-;3-13;-;-;-;-;9-17;-;-;5-11;-;-;-;-;-;-;-;-;-;-;-;-;-;-;-;-
;Pablo;BRA;Vitória;MO (DEC);31/12/2028;15/8/2024;5-11;9-13;1-6;3-7;22;MO (DEC);Pé Direito;Brasil;1,75 m;São Paulo;3/8/2003;MO (D);Abaixo da Média;;Jacuipense;;;2000278621;8-12;4-10;6-10;9-13;4-8;5-9;4-8;5-11;3-9;11-15;4-10;10-14;7-11;6-10;7-11;6-10;10-16;10-14;5-9;7-13;11-15;10-14;7-11;9-15;3-9;6-12;10-14;3-7;11-15;6-10;4-8;7-11;9-13;9-13;1-2;1-5;1-3;1-3;1-5;1-5;1-6
;Pablo;BRA;SC Internacional;D (E);31/12/2028;1/8/2024;-;-;-;-;19;D (E);Pé Preferido Desconhecido;Brasil;1,80 m;São Paulo;1/7/2006;D (E);Abaixo da Média;;-;;;2000452821;-;4-10;-;-;7-16;-;-;-;-;4-13;-;-;5-12;-;3-12;-;8-14;-;-;-;-;6-13;-;-;6-14;-;-;-;-;-;-;-;-;-;-;-;-;-;-;-;-
;Pablo Maia;BRA;São Paulo;MD, M (C);31/12/2029;1/10/2025;11-15;11-15;1-5;1-7;23;MD, M (C);Somente Pé Direito;Brasil;1,78 m;Minas Gerais;10/1/2002;MD;Abaixo da Média;;Portuguesa Santista;;;19375656;8-14;12-16;10-14;14-18;11-15;6-12;9-15;8-12;9-13;11-17;6-10;10-14;10-14;1-5;11-17;11-17;10-14;14-18;5-9;10-14;12-16;12-16;11-17;11-15;13-17;13-17;9-13;9-13;6-10;11-17;9-15;9-13;11-17;12-16;1-4;1-3;2-6;1;3-7;1-5;1-3
Les;Leider Pacheco;COL;Athletico-PR;M/MO (DE);30/6/2026;4/8/2025;-;-;-;-;19;M/MO (DE);Pé Preferido Desconhecido;Colômbia;1,70 m;Andina;5/7/2006;M/MO (E);Alta;;Danubio;;;2000250699;-;-;-;8-14;-;-;-;-;-;13-20;6-15;11-17;8-14;-;-;-;11-20;-;-;-;11-17;8-14;-;-;-;-;-;-;-;-;-;-;-;-;-;-;-;-;-;-;-
;Juan Sebastian Palacios;COL;Fluminense;M (E), MO (DE);31/12/2026;11/7/2024;-;-;-;-;19;M (E), MO (DE);Pé Preferido Desconhecido;Colômbia;1,81 m;Pacífica;1/3/2006;M/MO (E);Média;;Rojo F.C.;;S-20;2000177707;-;-;-;3-12;-;-;-;-;-;6-12;1-8;8-17;2-11;-;-;-;12-19;-;-;-;11-20;6-15;-;-;-;-;-;-;-;-;-;-;-;-;-;-;-;-;-;-;-
;Patrick;BRA;Remo;M (EC), MO (E);31/12/2026;18/4/2024;11-17;11-15;1;1-3;33;M (EC), MO (E);Pé Esquerdo;Brasil;1,76 m;Rio de Janeiro;29/7/1992;M (C);Abaixo da Média;Santos;Atlético Mineiro;;;19194171;13-17;8-12;1-7;11-15;10-14;5-9;11-15;7-11;4-10;12-16;9-15;9-15;9-13;6-10;12-16;11-15;8-12;8-12;7-11;12-18;8-14;10-14;12-16;8-12;8-14;9-13;9-15;9-13;9-13;11-15;13-17;9-13;11-15;9-15;1-5;1-5;1-5;1-3;1-5;1-3;1-2
Les;Patrick;BRA;Atlético Mineiro;MD, M (C);31/12/2028;8/1/2025;-;-;-;-;21;MD, M (C);Pé Preferido Desconhecido;Brasil;1,88 m;Minas Gerais;19/3/2004;MD;Alta;;Palmeiras;;;2000125296;-;5-13;-;8-14;-;-;7-15;-;-;5-11;-;-;-;-;4-10;-;-;-;-;-;-;-;9-17;4-12;-;-;-;-;5-11;-;-;-;-;-;-;-;-;-;-;-;-
;Patrick de Paula;BRA;Remo;MD, M (C);30/6/2027;30/6/2025;10-14;14-18;1-3;1-7;26;MD, M (C);Somente Pé Esquerdo;Brasil;1,80 m;Rio de Janeiro;8/9/1999;M (C);Alta;Botafogo;Palmeiras;;;19335628;9-15;9-13;11-15;13-17;8-12;3-9;8-14;7-11;11-15;10-16;9-13;10-14;11-15;7-11;12-18;8-14;10-14;8-12;6-10;11-15;10-14;12-16;9-15;10-14;11-15;11-15;10-14;9-13;9-13;8-14;8-14;6-10;10-16;11-15;1-4;1-3;2-6;1-2;3-7;1-5;1-5
;Paulinho;BRA;SC Internacional;M (C), MO (DEC);31/12/2027;29/12/2025;12-14;11-13;1-3;1-3;28;M (C), MO (DEC);Pé Direito;Brasil;1,75 m;Rio de Janeiro;8/1/1997;M (C);Alta;;Vasco da Gama;;;19261512;14;8-11;10;13;8-10;2-4;13;2-5;13;14;11;14;10;10;5-7;15;14;10-12;7-9;8;13;14;15;13;5-7;10-13;12;7-9;14;9;11-14;12-14;10-12;10-12;2-5;1-2;1-3;3-5;1-2;1;1-2
Les;Paulinho;BRA;Palmeiras;MO (DE), PL (C);31/12/2029;2/1/2025;11-15;7-13;2-6;1-4;25;MO (DE), PL (C);Pé Direito;Brasil;1,77 m;Rio de Janeiro;15/7/2000;PL (C);Alta;;Atlético Mineiro;;;19302476;13-17;6-10;9-15;10-16;3-7;4-8;11-15;12-16;6-10;13-17;9-13;12-18;7-13;7-11;12-16;10-14;14-18;4-10;7-11;11-15;11-17;10-16;10-14;14-18;1-5;13-17;14-20;4-10;13-17;14-18;10-14;9-13;10-14;14-20;1-3;1-3;1-5;1-4;1-3;1-3;3-7
;Paulinho;BRA;RB Bragantino;MO (E);31/12/2029;17/11/2025;-;-;-;-;17;MO (E);Pé Preferido Desconhecido;Brasil;1,77 m;;30/10/2008;MO (E);Média;;América FC;;;2000504200;-;-;-;2-10;-;-;-;-;-;2-12;5-13;11-19;7-15;-;-;-;7-13;-;-;-;13-20;3-11;-;-;-;-;-;-;-;-;-;-;-;-;-;-;-;-;-;-;-
;Paulinho;BRA;São Paulo;MO (E), PL (C);31/12/2027;1/5/2025;-;-;-;-;20;MO (E), PL (C);Pé Preferido Desconhecido;Brasil;1,77 m;Alagoas;17/5/2005;MO (E);Alta;;-;;;2000214127;-;-;-;6-13;-;-;-;-;-;8-17;7-13;6-14;8-15;-;-;-;10-16;-;-;-;7-15;11-18;-;-;-;-;-;-;-;-;-;-;-;-;-;-;-;-;-;-;-
;Paulo Henrique;BRA;Vasco da Gama;D/DA (D);31/12/2028;16/1/2024;12;13;1;2;29;D/DA (D);Pé Direito;Brasil;1,75 m;São Paulo;25/7/1996;D (D);Média;;Atlético Mineiro;;;19310729;13;14;9;11;13;10;9;8;7;12;10;12;13;6;12;13;17;14;7;12;13;16;15;10;13;14;12;10;11;13;12;12;12;12;3;2;1;3;3;1;2
;Paulo Roberto;BRA;Coritiba;PL (C);31/12/2026;20/12/2025;-;-;-;-;20;PL (C);Pé Preferido Desconhecido;Brasil;1,88 m;;20/5/2005;PL (C);Alta;;Fortaleza;;;2000437661;-;-;-;1-5;-;-;-;5-14;-;5-12;10-16;-;-;-;4-11;-;4-13;-;13-20;-;-;8-16;-;-;-;-;-;-;-;-;-;-;-;-;-;-;-;-;-;-;-
D;Cristian Pavón;ARG;Grêmio;M (D), MO (DE);31/12/2026;15/2/2024;12;7;3;3;29;M (D), MO (DE);Pé Direito;Argentina;1,74 m;Córdoba;21/1/1996;MO (D);Abaixo da Média;;Atlético Mineiro;Itália;;14083972;12;8;14;12;10;2;12;7;12;11;10;12;13;13;12;15;15;20;7;9;15;15;14;10;8;14;14;6;9;12;8;9;10;12;1;3;1;3;2;3;4
;Pedrinho;BRA;Atlético Mineiro;M/MO (C);31/12/2027;30/12/2024;-;-;-;-;19;M/MO (C);Pé Preferido Desconhecido;Brasil;1,74 m;;26/8/2006;MO (C);Abaixo da Média;;RB Bragantino II;;;2000524839;4-13;-;-;12-19;-;-;2-11;-;-;9-18;8-14;-;-;-;-;-;-;-;-;-;-;-;-;10-16;-;-;-;-;1-8;-;-;-;6-15;-;-;-;-;-;-;-;-
;Pedrinho;BRA;Cruzeiro;MD, M (C);31/12/2027;1/7/2025;-;-;-;-;18;MD, M (C);Pé Preferido Desconhecido;Brasil;1,72 m;;12/8/2007;M (C);Média;;Ponte Preta;;;2000437766;-;13-20;-;6-15;-;-;8-16;-;-;9-15;-;-;-;-;1-7;-;-;-;-;-;-;-;8-16;13-20;-;-;-;-;3-9;-;-;-;-;-;-;-;-;-;-;-;-
;Pedrinho;BRA;EC Bahia;M/MO (C);31/12/2027;6/9/2024;-;-;-;-;19;M/MO (C);Pé Preferido Desconhecido;Brasil;1,81 m;;19/1/2006;MO (C);Abaixo da Média;;-;;;2000335155;10-16;-;-;10-19;-;-;5-11;-;-;12-18;7-14;-;-;-;-;-;-;-;-;-;-;-;-;8-16;-;-;-;-;8-17;-;-;-;5-11;-;-;-;-;-;-;-;-
;Pedro;BRA;Flamengo;PL (C);31/12/2027;10/2/2023;12-16;8-12;1-5;1-6;28;PL (C);Pé Direito;Brasil;1,85 m;Rio de Janeiro;20/6/1997;PL (C);Acima da Média;;Fiorentina;;;19259566;13-17;4-8;16-20;9-13;5-11;3-9;10-14;12-16;9-13;13-19;13-17;13-17;4-8;6-12;10-16;11-15;11-15;8-12;11-17;12-16;12-16;9-13;10-14;11-15;4-8;10-14;14-18;6-10;11-17;11-17;11-15;11-17;10-16;15-19;1-5;1-3;1-5;1-5;1;1-6;1-3
;Pedro Assis;BRA;Santos;MO (DE), PL (C);31/12/2028;16/9/2025;-;-;-;-;18;MO (DE), PL (C);Pé Preferido Desconhecido;Brasil;1,85 m;;19/2/2007;MO (D);Alta;;Cruzeiro;;;2000403419;-;-;-;7-16;-;-;-;-;-;8-14;9-16;3-10;11-20;-;-;-;8-16;-;-;-;4-11;10-19;-;-;-;-;-;-;-;-;-;-;-;-;-;-;-;-;-;-;-
;Pedro Bezerra;BRA;São Paulo;MD, M (C);31/12/2029;15/7/2025;-;-;-;-;18;MD, M (C);Pé Preferido Desconhecido;Brasil;1,80 m;São Paulo;15/1/2007;M (C);Acima da Média;;-;;;2000379995;-;9-15;-;14-20;-;-;1-8;-;-;9-18;-;-;-;-;8-17;-;-;-;-;-;-;-;3-12;11-17;-;-;-;-;1-5;-;-;-;-;-;-;-;-;-;-;-;-
;Pedro Cobra;BRA;Atlético Mineiro;GR;31/12/2030;22/9/2025;-;-;7-14;9-17;19;GR;Pé Preferido Desconhecido;Brasil;1,91 m;Goiás;15/5/2006;GR;Abaixo da Média;;Vila Nova;;;2000270802;-;-;-;-;-;-;-;-;-;-;-;-;-;-;-;-;-;-;-;-;-;-;-;-;-;-;-;-;-;-;-;-;-;-;14-20;11-20;3-12;-;10-16;-;2-9
;Pedro Fachinetti;BRA;Atlético Mineiro;D (C);31/12/2028;29/12/2025;-;-;-;-;18;D (C);Pé Preferido Desconhecido;Brasil;1,89 m;;7/12/2007;D (C);Média;;Flamengo;;;2000443527;-;11-20;-;-;7-15;-;-;11-20;-;8-15;-;-;-;-;5-12;-;-;-;11-19;-;-;-;-;-;5-14;-;-;-;-;10-17;-;-;-;-;-;-;-;-;-;-;-
;Pedro Ferreira;BRA;São Paulo;M/MO (C);30/4/2029;1/6/2025;-;-;-;-;18;M/MO (C);Pé Preferido Desconhecido;Brasil;1,76 m;São Paulo;24/4/2007;MO (C);Alta;;-;;;2000378974;10-19;-;-;8-16;-;-;6-15;-;-;4-11;6-12;-;-;-;-;-;-;-;-;-;-;-;-;5-14;-;-;-;-;10-17;-;-;-;2-9;-;-;-;-;-;-;-;-
;Pedro Gabriel;BRA;Grêmio;D/DA (E);31/12/2030;30/12/2024;-;-;-;-;18;D/DA (E);Pé Preferido Desconhecido;Brasil;1,67 m;Ceará;6/6/2007;D (E);Média;;-;;;2000280442;-;6-15;-;-;7-15;-;-;-;-;11-18;-;-;11-17;-;6-13;-;10-19;-;-;-;-;9-15;-;-;2-11;-;-;-;-;-;-;-;-;-;-;-;-;-;-;-;-
;Pedro Henrique;BRA;Vitória;PL (C);31/12/2026;29/12/2025;12-16;11-15;1-4;1-7;29;PL (C);Pé Direito;Brasil;1,86 m;Goiás;8/11/1996;PL (C);Acima da Média;;Yunnan Yukon;;;19339608;9-15;4-8;12-16;10-14;1-5;4-10;6-12;13-17;7-11;10-16;11-15;9-13;7-11;2-6;13-19;8-14;10-14;13-17;8-12;11-15;9-13;12-16;9-15;9-13;3-7;10-14;11-15;10-14;7-11;10-16;7-13;7-11;11-17;10-14;1-3;1-4;1-5;1-3;3-7;1-5;1-4
;Pedro Henrique;BRA;Coritiba;D/DA (E);31/12/2026;18/9/2025;-;-;-;-;18;D/DA (E);Pé Preferido Desconhecido;Brasil;1,73 m;;4/8/2007;D (E);Alta;;Atlético Goianiense;;;2000381072;-;8-15;-;-;5-11;-;-;-;-;10-18;-;-;6-12;-;1-9;-;4-11;-;-;-;-;10-16;-;-;7-16;-;-;-;-;-;-;-;-;-;-;-;-;-;-;-;-
;Pedro Henrique;BRA;RB Bragantino;D (C);31/12/2026;18/4/2024;10-14;8-12;1-5;1-3;30;D (C);Pé Direito;Brasil;1,88 m;Santa Catarina;2/10/1995;D (C);Abaixo da Média;;Athletico-PR;;;19232517;9-15;10-16;5-9;8-12;13-17;3-7;6-12;11-17;7-11;8-12;7-11;6-10;3-7;5-9;9-13;11-17;10-16;12-16;16-20;11-15;11-15;12-16;12-18;6-12;12-16;8-14;7-11;9-13;10-14;10-14;8-14;12-16;8-12;12-16;1-7;1-4;1-4;2-6;1-4;1-3;1-3
;Pedro Hian;BRA;Santos;D/DA (E);30/6/2026;30/12/2024;-;-;-;-;19;D/DA (E);Pé Preferido Desconhecido;Brasil;1,59 m;;9/7/2006;D (E);Média;;-;;;2000276361;-;6-12;-;-;9-18;-;-;-;-;4-13;-;-;4-11;-;1-7;-;8-14;-;-;-;-;6-13;-;-;6-14;-;-;-;-;-;-;-;-;-;-;-;-;-;-;-;-
Prt;Pedro Kauã;BRA;SC Internacional;D (C);3/5/2026;3/5/2024;-;-;-;-;19;D (C);Pé Preferido Desconhecido;Brasil;1,93 m;Rio Grande do Sul;29/3/2006;D (C);Acima da Média;;-;;;2000385929;-;4-13;-;-;13-20;-;-;6-15;-;1-7;-;-;-;-;1-8;-;-;-;17-20;-;-;-;-;-;11-17;-;-;-;-;1-6;-;-;-;-;-;-;-;-;-;-;-
For;Pedro Lopes;BRA;Athletico-PR;GR;31/12/2026;29/12/2025;-;-;2-10;7-13;17;GR;Pé Preferido Desconhecido;Brasil;1,94 m;Mato Grosso do Sul;28/9/2008;GR;Alta;;-;;;2000474081;-;-;-;-;-;-;-;-;-;-;-;-;-;-;-;-;-;-;-;-;-;-;-;-;-;-;-;-;-;-;-;-;-;-;9-15;13-20;5-13;-;11-20;-;9-17
Prt;Pedro Morisco;BRA;Coritiba;GR;31/12/2027;1/7/2024;10-16;9-13;10-14;8-12;21;GR;Somente Pé Direito;Brasil;1,90 m;;10/1/2004;GR;Abaixo da Média;;-;;;2000298276;9-13;1-3;1-4;8-12;1-3;1-4;3-7;1;7-13;8-12;1-6;1-3;1-4;2-6;9-13;13-17;6-10;13-17;12-16;8-14;12-18;10-14;11-15;6-10;12-18;9-13;3-9;7-11;3-7;10-14;12-16;12-16;9-13;9-15;15-19;12-18;6-12;10-14;12-16;10-14;8-12
;Pedro Padula;BRA;Santos;MO (D);31/1/2027;15/5/2024;-;-;-;-;18;MO (D);Pé Preferido Desconhecido;Brasil;1,70 m;;13/3/2007;MO (D);Abaixo da Média;;-;;;2000417767;-;-;-;7-16;-;-;-;-;-;7-13;4-11;10-19;5-14;-;-;-;12-19;-;-;-;11-20;5-14;-;-;-;-;-;-;-;-;-;-;-;-;-;-;-;-;-;-;-
;Pedro Paulo;BRA;Corinthians;D (C);25/3/2027;25/3/2024;-;-;-;-;17;D (C);Pé Preferido Desconhecido;Brasil;1,84 m;;1/2/2008;D (C);Média;;-;;;2000379925;-;14-20;-;-;9-15;-;-;14-20;-;2-8;-;-;-;-;2-8;-;-;-;8-14;-;-;-;-;-;1-7;-;-;-;-;6-12;-;-;-;-;-;-;-;-;-;-;-
;Pedro Paulo;BRA;Botafogo;D (C);9/5/2028;26/5/2025;-;-;-;-;17;D (C);Pé Preferido Desconhecido;Brasil;1,88 m;;27/5/2008;D (C);Média;;-;;;2000463742;-;10-20;-;-;9-17;-;-;12-20;-;6-14;-;-;-;-;5-13;-;-;-;11-19;-;-;-;-;-;1-8;-;-;-;-;5-13;-;-;-;-;-;-;-;-;-;-;-
;Pedro Pinho;BRA;Flamengo;D (C), MD;31/12/2026;30/12/2024;-;-;-;-;16;D (C), MD;Pé Preferido Desconhecido;Brasil;1,85 m;;2/4/2009;D (C);Média;;-;;;2000525855;-;8-14;-;-;10-20;-;-;3-9;-;1-8;-;-;-;-;1-7;-;-;-;9-19;-;-;-;-;-;8-16;-;-;-;-;8-18;-;-;-;-;-;-;-;-;-;-;-
;Pedro Rangel;BRA;Coritiba;GR;31/12/2028;24/7/2025;12-18;3-7;5-9;9-13;25;GR;Pé Direito;Brasil;1,92 m;Minas Gerais;29/6/2000;GR;Acima da Média;;Fluminense;;;2000067906;8-12;1-2;1-5;7-11;1-5;1-5;3-7;1;4-10;6-10;1-7;1-5;1-3;1-4;10-14;9-13;5-9;4-8;13-17;7-13;9-15;8-12;9-13;5-9;10-16;8-12;1-3;7-11;1-3;11-15;12-16;9-13;7-11;8-14;5-9;11-17;5-11;9-13;11-15;7-11;10-14
;Pedro Raul;BRA;Corinthians;PL (C);31/12/2028;31/1/2024;9-15;9-13;1-7;2-6;29;PL (C);Pé Direito;Brasil;1,92 m;Rio Grande do Sul;5/11/1996;PL (C);Baixo;;Toluca;;;83212491;7-11;5-11;13-17;9-13;4-8;10-14;6-10;12-18;6-12;11-15;9-15;9-13;7-11;5-9;16-20;9-13;9-15;12-16;14-18;10-16;11-15;10-14;9-13;9-15;6-12;11-17;13-17;9-13;7-11;9-13;6-10;9-13;11-15;11-15;1;1-5;1-4;2-6;1-4;2-6;1-6
;Pedro Rocha;BRA;Coritiba;MO (E), PL (C);31/12/2028;27/12/2025;12-16;7-13;1-5;1-5;31;MO (E), PL (C);Pé Direito;Brasil;1,78 m;Espírito Santo;1/10/1994;MO (E), PL (C);Alta;;Remo;;;19189171;10-14;8-12;8-12;9-15;4-10;3-7;11-15;5-9;8-12;10-14;11-15;9-13;9-15;7-13;7-11;11-15;13-17;9-15;5-11;12-16;10-14;12-18;11-15;9-13;8-12;10-14;9-13;7-13;11-17;7-11;9-13;7-13;8-12;8-12;1-3;3-7;1-4;1-3;1-7;1-5;1-5
;Pedro Ruan;BRA;São Paulo;PL (C);31/12/2027;1/7/2025;-;-;-;-;16;PL (C);Pé Preferido Desconhecido;Brasil;1,70 m;São Paulo;17/1/2009;PL (C);Abaixo da Média;;-;;;2002043487;-;-;-;4-10;-;-;-;12-20;-;14-20;6-16;-;-;-;1-9;-;9-19;-;3-11;-;-;8-14;-;-;-;-;-;-;-;-;-;-;-;-;-;-;-;-;-;-;-
;João Pedro;GNB;Remo;PL (C);31/12/2027;25/8/2025;11-17;11-15;1-2;1-5;29;PL (C);Pé Direito;Portugal;1,85 m;Região Autónoma dos Açores;13/11/1996;PL (C);Baixo;;Ha Noi FC;Portugal;;55082725;12-16;3-7;10-16;9-13;7-11;5-9;9-13;10-14;8-14;7-11;10-16;6-12;9-13;4-8;12-16;13-17;9-13;12-16;11-15;12-18;9-15;11-15;12-16;7-11;9-15;8-12;8-14;5-9;6-10;11-15;12-16;7-11;8-12;8-14;3-7;1-7;1-3;1-4;1-5;1-5;1-2
;Pellegrin;BRA;Corinthians;D/DA (D);31/1/2027;30/12/2024;-;-;-;-;19;D/DA (D);Pé Preferido Desconhecido;Brasil;1,71 m;;26/7/2006;D (D);Alta;;-;;;2000273905;-;2-9;-;-;5-11;-;-;-;-;7-15;-;-;9-15;-;3-11;-;5-12;-;-;-;-;10-16;-;-;7-16;-;-;-;-;-;-;-;-;-;-;-;-;-;-;-;-
;Pepê Fermino;BRA;Santos;MO (C), PL (C);30/6/2030;26/7/2025;-;-;-;-;18;MO (C), PL (C);Pé Preferido Desconhecido;Brasil;1,86 m;;12/2/2007;MO (C);Abaixo da Média;;-;;;2000523947;8-14;-;-;9-18;-;-;8-14;-;-;11-17;12-19;-;-;-;-;-;-;-;-;-;-;-;-;8-16;-;-;-;-;2-11;-;-;-;5-11;-;-;-;-;-;-;-;-
;Diego Pérez;BOL;Atlético Mineiro;PL (C);N/A;15/2/2025;-;-;-;-;17;PL (C);Pé Preferido Desconhecido;Bolívia;1,79 m;Santa Cruz;20/4/2008;PL (C);Acima da Média;;Bolivia 2022;;S-20;2000456279;-;-;-;1-3;-;-;-;3-13;-;7-15;4-14;-;-;-;5-13;-;10-20;-;5-13;-;-;8-14;-;-;-;-;-;-;-;-;-;-;-;-;-;-;-;-;-;-;-
;Leonel Pérez;ARG;Grêmio;MD, M (C);31/12/2029;29/12/2025;9-15;11-15;1-2;1-5;21;MD, M (C);Pé Direito;Argentina;1,86 m;Buenos Aires;9/8/2004;MD;Abaixo da Média;;Huracán;;;2000194811;14-18;10-14;3-9;12-16;12-16;4-8;9-13;7-11;7-13;12-16;6-12;8-14;8-12;7-11;7-11;14-18;6-10;11-15;10-14;9-15;9-15;9-13;10-14;11-15;11-17;6-10;8-14;2-6;3-7;13-17;13-17;11-15;5-9;8-14;1-5;1-5;1-5;1-5;1-4;1-5;1
;Tomás Pérez;ARG;Atlético Mineiro;MD, M (C);30/6/2029;3/2/2025;10-15;12-17;1-5;1-6;20;MD, M (C);Pé Direito;Argentina;1,82 m;Santa Fe;26/8/2005;M (C);Abaixo da Média;Porto;Porto B;;S-20;2000166169;7-14;10-15;6-12;13-18;8-13;6-13;5-12;9-14;8-13;10-17;7-12;7-13;9-14;6-11;10-17;8-15;9-14;13-18;7-12;9-14;8-14;11-16;8-15;11-16;9-14;10-15;9-15;13-18;1-6;12-19;11-18;8-13;11-18;10-16;1-4;1-4;1-6;1-3;3-8;1-6;1-5
;Peter;BRA;Fluminense;MD, M (C);31/1/2028;18/2/2025;-;-;-;-;17;MD, M (C);Pé Preferido Desconhecido;Brasil;1,86 m;;16/5/2008;MD;Média;;-;;;2000463016;-;3-9;-;4-12;-;-;10-16;-;-;6-16;-;-;-;-;1-9;-;-;-;-;-;-;-;10-16;7-13;-;-;-;-;3-13;-;-;-;-;-;-;-;-;-;-;-;-
;Phillipe Gabriel;BRA;Vasco da Gama;GR;31/12/2027;19/4/2024;10;10;12;9;19;GR;Somente Pé Direito;Brasil;1,96 m;;23/2/2006;GR;Média;;-;;S-20;2000218551;7;2;3;9;3;1;1;10;7;9;1;7;1;4;12;12;11;12;14;11;11;11;12;11;11;11;10;9;8;14;12;12;13;11;11;12;10;12;12;10;11
;Leonel Picco;ARG;Remo;MD, M (C);31/12/2029;29/12/2025;12-16;8-12;1-3;1-3;27;MD, M (C);Pé Direito;Argentina;1,92 m;Buenos Aires;22/10/1998;MD;Abaixo da Média;;Platense;;;14134689;7-11;11-15;7-11;9-13;12-18;1-5;6-10;12-16;9-13;8-14;6-10;11-15;4-8;7-13;9-15;10-14;10-14;8-12;13-19;10-14;11-15;8-12;14-18;10-14;13-17;11-15;14-18;10-14;3-9;8-14;10-14;10-16;8-14;13-17;1-5;1-3;3-7;1-6;1;1-3;1-3
;Pierry;BRA;Santos;M/MO (C);31/1/2028;11/4/2025;-;-;-;-;18;M/MO (C);Pé Preferido Desconhecido;Brasil;1,85 m;Distrito Federal;11/8/2007;M/MO (C);Abaixo da Média;;Athletico-PR;;;2000378911;6-15;-;-;13-20;-;-;1-9;-;-;11-20;6-12;-;-;-;-;-;-;-;-;-;-;-;-;5-11;-;-;-;-;6-13;-;-;-;5-14;-;-;-;-;-;-;-;-
;Pietro;BRA;Corinthians;GR;4/2/2028;1/6/2025;-;-;8-18;11-19;17;GR;Pé Preferido Desconhecido;Brasil;1,76 m;;16/6/2008;GR;Abaixo da Média;;-;;;2000482386;-;-;-;-;-;-;-;-;-;-;-;-;-;-;-;-;-;-;-;-;-;-;-;-;-;-;-;-;-;-;-;-;-;-;1-7;3-13;10-16;-;9-15;-;5-15
For;Pietro Tavares;BRA;Cruzeiro;MO (DE);31/12/2026;1/10/2025;-;-;-;-;17;MO (DE);Pé Preferido Desconhecido;Brasil;1,83 m;Rio de Janeiro;21/12/2008;MO (E);Acima da Média;;-;;;2000489201;-;-;-;7-17;-;-;-;-;-;8-14;10-18;3-11;6-16;-;-;-;8-16;-;-;-;5-13;9-19;-;-;-;-;-;-;-;-;-;-;-;-;-;-;-;-;-;-;-
;Joaquín Piquerez;URU;Palmeiras;D/DA (E);30/7/2030;1/8/2025;8-14;12-16;1-6;1-5;27;D/DA (E);Somente Pé Esquerdo;Uruguai;1,84 m;Montevideo;24/8/1998;D (E);Acima da Média;;Peñarol;Itália;;78077014;9-13;11-17;11-15;10-14;12-16;12-16;9-13;9-15;8-14;13-17;6-12;10-14;11-15;9-13;14-18;10-14;11-17;11-15;10-14;10-16;9-13;10-14;9-13;11-17;10-16;13-19;11-15;10-14;10-14;13-17;9-13;11-15;13-17;11-15;1;1-3;1-4;1-4;1-3;4-8;1-5
Prt;Isidro Pitta;PAR;RB Bragantino;PL (C);31/12/2028;4/1/2025;13-17;10-16;1-3;1-3;26;PL (C);Pé Direito;Paraguai;1,83 m;Western Paraguay;14/8/1999;PL (C);Média;;Cuiabá;;A;79033532;11-15;10-14;8-12;12-18;4-10;8-12;12-16;11-15;8-12;11-15;14-18;7-11;7-13;4-10;13-17;12-16;11-15;8-14;9-15;13-17;8-12;10-16;12-16;11-15;13-17;11-15;9-13;8-14;6-12;14-18;12-16;9-15;10-14;8-12;1-4;2-6;1-3;1-6;1-5;1-3;1-4
;Gonzalo Plata;ECU;Flamengo;M (D), MO (DE), PL (C);29/8/2029;30/8/2024;6-12;12-16;1;1-3;25;M (D), MO (DE), PL (C);Somente Pé Esquerdo;Equador;1,78 m;Guayas;1/11/2000;MO (D);Média;;Al-Sadd;;A;86066846;15-19;1-5;8-14;11-15;4-8;3-7;12-16;5-9;12-18;12-16;11-17;12-18;12-16;13-17;6-10;13-17;11-15;13-17;7-11;11-17;12-18;14-18;13-17;9-13;3-9;8-12;9-15;6-10;14-18;7-11;10-14;7-11;8-12;6-12;3-7;1-7;1-4;1-3;1-5;1-3;1-2
;Polin;BRA;São Paulo;M/MO (C);31/12/2028;5/6/2025;-;-;-;-;18;M/MO (C);Pé Preferido Desconhecido;Brasil;1,73 m;;9/4/2007;M (C);Abaixo da Média;;-;;;2000378991;-;1-10;-;8-16;-;-;6-15;-;-;4-11;-;-;-;-;1-6;-;-;-;-;-;-;-;6-15;2-11;-;-;-;-;9-16;-;-;-;-;-;-;-;-;-;-;-;-
;Mateo Ponte;URU;Botafogo;D (D);30/7/2028;7/8/2023;8-14;10-14;2-8;1-5;22;D (D);Pé Direito;Uruguai;1,83 m;Montevideo;24/5/2003;D (D);Abaixo da Média;;Danubio;;;2000076467;8-12;10-16;5-9;10-14;10-14;16-20;4-8;9-15;3-9;13-17;3-9;10-14;11-15;6-10;10-14;9-13;11-17;10-14;8-12;8-14;11-15;11-15;10-14;9-15;7-13;11-17;12-16;9-13;9-13;4-8;7-11;10-14;12-16;9-13;1-3;1-5;1-3;1-3;1-3;3-7;1-5
;Juan Camilo Portilla;COL;Athletico-PR;MD, M (C);31/12/2028;29/12/2025;13-17;8-14;1-4;1-5;27;MD, M (C);Pé Direito;Colômbia;1,81 m;Andina;12/9/1998;M (C);Média;;Talleres;;;76047163;12-16;11-15;3-7;10-16;8-14;2-6;10-14;7-11;12-16;11-15;9-13;7-11;9-15;8-14;11-15;11-15;10-14;11-17;9-15;13-17;9-13;8-14;12-16;9-13;14-18;11-15;8-12;10-16;6-12;7-11;10-14;8-14;10-14;9-13;1-5;1-5;1-3;1-3;1-5;1-5;1-3
;Juan Manuel Potes;COL;São Paulo;MO (DE);25/2/2027;24/2/2025;-;-;-;-;19;MO (DE);Pé Preferido Desconhecido;Colômbia;1,75 m;Andina;7/11/2006;MO (E);Alta;;Envigado F.C.;;S-20;2000325378;-;-;-;6-15;-;-;-;-;-;10-16;3-10;12-20;6-15;-;-;-;13-20;-;-;-;9-18;7-16;-;-;-;-;-;-;-;-;-;-;-;-;-;-;-;-;-;-;-
;Pradella;BRA;Santos;PL (C);30/8/2027;25/2/2025;-;-;-;-;17;PL (C);Pé Preferido Desconhecido;Brasil;1,86 m;;3/7/2008;PL (C);Média;;-;;;2000380015;-;-;-;1-11;-;-;-;10-18;-;6-12;3-11;-;-;-;6-12;-;11-19;-;9-15;-;-;3-13;-;-;-;-;-;-;-;-;-;-;-;-;-;-;-;-;-;-;-
;Praxedes;BRA;RB Bragantino;M/MO (C);22/6/2026;25/6/2021;10-14;8-14;1-5;1-5;23;M/MO (C);Pé Esquerdo;Brasil;1,86 m;Rio de Janeiro;8/2/2002;M (C);Acima da Média;;SC Internacional;;;19406070;12-16;8-12;7-11;12-18;7-13;7-11;12-16;10-14;9-13;11-15;10-14;8-12;8-14;4-10;11-15;11-15;10-14;11-17;8-14;13-17;8-12;9-15;5-9;10-14;11-15;11-15;9-13;5-11;8-14;8-12;8-12;6-12;11-15;8-12;1-4;1-5;1;1-5;2-8;1-5;1-3
;Ángelo Preciado;ECU;Atlético Mineiro;D/DA/M (D);31/12/2029;16/1/2025;7-13;12-16;2-8;3-7;27;D/DA/M (D);Pé Direito;Equador;1,75 m;Sucumbíos;18/2/1998;D (D);Alta;;Sparta Prague;;A;86066845;10-14;11-17;6-10;10-14;8-12;11-15;8-12;7-13;3-9;12-16;5-11;12-16;12-16;8-12;11-15;12-16;13-19;14-18;8-12;9-15;12-16;13-17;7-11;10-16;7-13;10-16;10-14;5-9;11-15;11-15;8-12;7-11;11-15;8-12;1;1-3;1-4;1-4;1-5;3-7;1-7
;Nicola Profeta;VEN;Santos;MD, M (C);28/2/2027;29/12/2025;-;-;-;-;19;MD, M (C);Pé Preferido Desconhecido;Venezuela;1,78 m;;27/2/2006;MD, M (C);Acima da Média;;Deportivo Cali;Colômbia;S-20;2000172615;-;13-20;-;5-14;-;-;9-17;-;-;10-16;-;-;-;-;3-9;-;-;-;-;-;-;-;8-16;7-14;-;-;-;-;3-9;-;-;-;-;-;-;-;-;-;-;-;-
Prt;Erick Pulgar;CHI;Flamengo;MD, M (C);31/12/2027;1/4/2025;13-17;13-17;1-5;1-4;31;MD, M (C);Pé Direito;Chile;1,87 m;Antofagasta;15/1/1994;MD;Acima da Média;;Fiorentina;;A;75030706;12-16;11-15;17-20;11-15;11-17;1-6;11-15;10-14;13-17;9-15;9-13;11-15;9-13;12-18;8-14;11-15;10-14;9-13;12-18;12-16;11-15;7-11;12-16;12-16;11-15;12-16;14-18;5-9;10-16;14-20;11-15;10-16;9-15;13-17;1-4;1-4;1-5;1-6;1-2;1-4;1-3
;Puma Rodríguez;URU;Vasco da Gama;D (DE), DA/M (D);31/12/2027;29/12/2025;13;10;2;1;28;D (DE), DA/M (D);Pé Direito;Uruguai;1,83 m;Canelones;14/3/1997;D (D);Acima da Média;;Nacional;;;78081551;13;10;13;12;11;15;13;10;13;12;10;12;14;13;13;13;13;13;12;13;12;13;13;11;9;13;13;8;11;7;10;10;12;10;2;1;3;2;3;1;3
;Pyetro;BRA;Athletico-PR;D (E);31/12/2027;19/1/2024;-;-;-;-;19;D (E);Pé Preferido Desconhecido;Brasil;1,81 m;Minas Gerais;25/4/2006;D (E);Abaixo da Média;;-;;;2000500053;-;13-20;-;-;9-15;-;-;-;-;8-14;-;-;6-15;-;4-10;-;12-19;-;-;-;-;2-11;-;-;4-11;-;-;-;-;-;-;-;-;-;-;-;-;-;-;-;-
;Rafa Gonzaga;BRA;Santos;D/DA (E);31/5/2027;26/6/2024;-;-;-;-;17;D/DA (E);Pé Preferido Desconhecido;Brasil;1,84 m;;7/2/2008;D (E);Acima da Média;;-;;;2000380016;-;10-18;-;-;1-10;-;-;-;-;8-14;-;-;12-20;-;6-12;-;7-15;-;-;-;-;9-19;-;-;10-18;-;-;-;-;-;-;-;-;-;-;-;-;-;-;-;-
;Rafael;BRA;São Paulo;GR;31/12/2027;14/4/2025;12-16;10-14;9-13;7-13;36;GR;Somente Pé Esquerdo;Brasil;1,92 m;Minas Gerais;23/6/1989;GR;Média;;Atlético Mineiro;;;2111991;3-7;1-4;8-12;6-10;1-5;1-3;1-3;6-10;1-3;4-10;4-8;7-11;1-5;1-5;6-12;10-14;9-13;10-14;14-20;10-14;14-18;8-12;10-14;8-12;12-16;11-15;2-6;9-13;1-6;11-17;10-14;12-18;8-14;10-14;13-17;12-16;12-16;11-17;11-15;9-15;13-17
;Rafael Carvalheira;BRA;Chapecoense;M (DC), MO (C);31/12/2027;31/10/2025;10-14;8-14;1-4;1-3;26;M (DC), MO (C);Pé Esquerdo;Brasil;1,76 m;Rio de Janeiro;26/5/1999;M (C);Média;;Ituano;;;19380915;11-15;8-12;6-10;11-17;9-15;3-7;11-15;8-12;13-17;11-15;13-17;9-13;10-16;9-15;9-13;11-15;11-15;11-17;4-10;14-18;10-14;11-17;11-15;11-15;10-14;12-16;9-13;1-7;7-13;5-9;10-14;8-14;11-15;8-12;1-4;1-5;1;1-4;1-7;1-5;1-4
;Rafael Coutinho;BRA;Palmeiras;MD, M (C);31/12/2027;26/9/2025;-;-;-;-;19;MD, M (C);Pé Preferido Desconhecido;Brasil;1,78 m;Bahia;24/3/2006;M (C);Abaixo da Média;;Grapiúna;;;2000301368;-;4-12;-;11-20;-;-;4-10;-;-;11-17;-;-;-;-;3-9;-;-;-;-;-;-;-;8-14;9-17;-;-;-;-;1-8;-;-;-;-;-;-;-;-;-;-;-;-
;Rafael Lima;BRA;RB Bragantino;MD, M (C);1/8/2027;15/7/2025;-;-;-;-;19;MD, M (C);Pé Preferido Desconhecido;Brasil;1,87 m;;16/3/2006;M (C);Alta;;Azuriz;;;2000270178;-;9-18;-;9-15;-;-;1-8;-;-;10-17;-;-;-;-;9-16;-;-;-;-;-;-;-;2-9;10-19;-;-;-;-;5-13;-;-;-;-;-;-;-;-;-;-;-;-
Prt;Rafael Monteiro;BRA;RB Bragantino;GR;31/12/2028;11/4/2024;-;-;1-7;1-8;18;GR;Pé Preferido Desconhecido;Brasil;1,88 m;;23/1/2007;GR;Abaixo da Média;;Retrô;;;2000519057;-;-;-;-;-;-;-;-;-;-;-;-;-;-;-;-;-;-;-;-;-;-;-;-;-;-;-;-;-;-;-;-;-;-;9-15;9-17;8-15;-;5-12;-;6-12
;Rafael Porfírio;BRA;Botafogo;PL (C);31/12/2026;30/12/2024;-;-;-;-;19;PL (C);Pé Preferido Desconhecido;Brasil;1,86 m;;14/2/2006;PL (C);Abaixo da Média;;-;;;2000220154;-;-;-;4-10;-;-;-;9-18;-;14-20;5-14;-;-;-;6-13;-;9-18;-;9-17;-;-;8-14;-;-;-;-;-;-;-;-;-;-;-;-;-;-;-;-;-;-;-
;Rafael Santos;BRA;Chapecoense;GR;31/12/2026;29/12/2025;8-12;2-8;13-17;8-12;36;GR;Pé Direito;Brasil;1,91 m;São Paulo;14/3/1989;GR;Acima da Média;;Portuguesa;;;19028925;7-11;3-7;1-5;5-11;1-3;1-3;1-4;7-11;4-8;7-11;1;1-5;1-4;3-7;12-16;8-12;8-12;9-15;14-18;10-14;9-15;5-11;8-12;10-14;9-13;12-16;1-5;9-15;1-4;12-16;8-12;8-12;7-11;9-15;3-7;10-14;10-16;10-14;10-16;11-15;14-18
;Rafael Thyere;BRA;Chapecoense;D (C);31/12/2027;29/12/2025;11-15;8-12;1-4;1-6;32;D (C);Pé Direito;Brasil;1,90 m;Paraíba;17/5/1993;D (C);Média;;Sport Recife;;;19152793;10-14;11-15;11-15;8-12;11-17;1-7;5-9;11-15;2-6;7-13;3-7;10-14;2-6;3-9;9-15;12-16;10-14;10-14;13-19;9-13;11-15;8-12;11-15;10-14;10-14;11-15;11-15;10-14;6-12;11-17;10-14;10-16;7-13;12-16;1-5;1-5;1-5;1-5;1-3;1-5;1-5
;Rafael Toloi;ITA;São Paulo;D (DC);31/12/2026;16/8/2025;10-14;13-19;3-7;1-4;35;D (DC);Pé Direito;Brasil;1,85 m;Mato Grosso;10/10/1990;D (C);Alta;;Atalanta BC;Brasil;;19052922;11-15;15-19;5-11;9-15;13-17;9-13;5-9;14-18;2-6;10-14;3-7;9-15;3-9;5-9;12-16;9-13;11-15;7-13;10-14;9-13;9-15;7-13;14-18;11-15;9-13;16-20;9-15;11-17;7-11;13-17;10-14;11-15;12-16;14-20;1-4;1;1-6;1-3;1-3;1-4;2-6
;Ramires;BRA;Flamengo;D/DA (E);31/12/2028;29/12/2025;-;-;-;-;19;D/DA (E);Pé Preferido Desconhecido;Brasil;1,83 m;Mato Grosso;21/3/2006;D (E);Abaixo da Média;;Mirassol;;;2000529566;-;10-16;-;-;6-15;-;-;-;-;7-16;-;-;4-11;-;1-7;-;10-16;-;-;-;-;7-14;-;-;5-13;-;-;-;-;-;-;-;-;-;-;-;-;-;-;-;-
;Kevin Ramírez;URU;Chapecoense;MO (E), PL (C);31/12/2027;1/7/2025;11-15;4-10;1-3;1-5;31;MO (E), PL (C);Pé Esquerdo;Uruguai;1,82 m;Rivera;1/4/1994;PL (C);Alta;Atlético Goianiense;Atlético Goianiense;;;78066939;11-15;6-10;7-11;9-15;2-8;13-17;9-13;12-16;13-17;11-15;13-17;9-13;10-16;6-12;8-12;9-13;10-14;9-15;8-14;13-17;9-13;13-19;11-15;8-12;9-13;8-12;7-11;6-12;10-16;6-10;8-12;1-7;6-10;6-10;2-6;3-7;1;1-4;1-7;2-6;1-3
Trn;Ramon;BRA;Vitória;D/DA (E);31/12/2026;1/7/2025;9-15;9-13;1-7;1-5;24;D/DA (E);Somente Pé Esquerdo;Brasil;1,72 m;Rio de Janeiro;13/3/2001;D (E);Média;SC Internacional;Vitória;;;19350602;8-12;10-16;6-10;10-14;7-11;12-16;4-8;7-13;2-8;12-16;4-10;11-15;10-14;6-10;12-16;9-13;12-18;10-14;6-10;8-14;12-16;13-17;9-13;9-15;6-12;12-18;12-16;3-7;10-14;10-14;8-12;7-11;11-15;11-15;1-4;1-3;1-5;1-4;1-5;1-5;1-7
;Ramon Rique;BRA;Vasco da Gama;MO (C);30/9/2029;8/10/2025;6;11;2;2;18;MO (C);Pé Direito;Brasil;1,80 m;;2/10/2007;MO (C);Abaixo da Média;;-;;;2000380237;13;6;3;7;4;3;5;3;5;9;6;7;5;5;3;7;13;10;10;4;12;13;7;11;7;6;7;7;13;15;13;2;3;5;1;3;2;1;2;1;3
;Ramon Riquelme;BRA;Palmeiras;MD, M (D);30/6/2027;29/12/2025;-;-;-;-;19;MD, M (D);Pé Preferido Desconhecido;Brasil;1,82 m;São Paulo;31/1/2006;MD;Alta;;-;;;2000444830;-;8-14;-;4-11;-;-;6-12;-;-;6-15;-;-;-;-;2-11;-;-;-;-;-;-;-;9-15;6-12;-;-;-;-;3-12;-;-;-;-;-;-;-;-;-;-;-;-
;Santiago Ramos Mingo;ARG;EC Bahia;D (C);31/12/2029;14/1/2025;11-15;14-18;1-3;1;24;D (C);Pé Esquerdo;Argentina;1,86 m;Córdoba;21/11/2001;D (C);Média;;Defensa y Justicia;Itália;;14219093;11-17;9-15;4-8;12-16;14-18;8-12;5-11;11-17;4-8;9-13;5-9;9-13;6-10;5-9;9-13;11-17;10-16;13-17;13-17;9-13;9-13;11-15;12-18;9-15;12-16;9-15;7-11;11-15;6-10;10-14;11-17;13-17;7-11;11-15;1-6;2-6;1-3;1-5;1-3;1-2;1-5
;Chris Ramos;ESP;Botafogo;MO (DE), PL (C);30/6/2028;1/7/2025;15-19;13-19;1-4;1-3;28;MO (DE), PL (C);Pé Direito;Espanha;1,90 m;Andalucía Occidental;18/1/1997;PL (C);Abaixo da Média;;Cádiz CF;E.U.A.;;67264011;10-14;3-7;8-12;10-16;1-7;4-8;10-14;12-16;8-12;10-14;13-17;8-12;7-13;3-9;14-18;12-16;13-17;13-19;11-17;14-18;8-12;13-19;13-17;10-14;7-11;9-13;9-13;9-15;7-13;13-17;8-12;6-12;6-10;7-11;1-4;1-5;1;1-3;1-5;1-3;1-5
;Raniele;BRA;Corinthians;D (C), MD, M (C);31/12/2028;10/1/2024;13-17;11-15;1-3;1-3;28;D (C), MD, M (C);Pé Direito;Brasil;1,84 m;Bahia;31/12/1996;MD;Abaixo da Média;;Cuiabá;;;2000028409;10-16;9-15;8-12;11-15;14-18;3-7;8-14;9-15;5-9;6-10;6-10;10-14;7-11;6-10;10-14;12-18;9-15;12-16;13-17;9-13;9-13;10-14;13-19;5-11;11-15;10-16;9-13;9-13;11-15;9-13;11-17;12-16;9-13;11-15;1-6;1-5;1-5;2-6;1-3;1;1-5
;Raphael Gogoni;BRA;São Paulo;D/DA (D);31/7/2026;30/12/2024;-;-;-;-;20;D/DA (D);Pé Preferido Desconhecido;Brasil;1,67 m;São Paulo;13/3/2005;D (D);Média;;-;;;2000206445;-;9-16;-;-;7-13;-;-;-;-;4-12;-;-;9-15;-;1-7;-;9-16;-;-;-;-;14-20;-;-;6-15;-;-;-;-;-;-;-;-;-;-;-;-;-;-;-;-
D;Raul Steffens;BRA;Botafogo;GR;31/3/2027;7/3/2024;8-14;9-13;8-14;11-15;28;GR;Pé Direito;Brasil;1,91 m;Rio Grande do Sul;28/7/1997;GR;Média;;São Luiz;;;19278774;4-8;1-7;1-5;7-11;1-3;2-6;1;1-5;1-7;8-12;1-5;1-3;1-3;1-5;11-15;4-8;8-14;10-14;13-17;6-12;11-15;8-12;6-10;7-13;8-14;9-15;9-13;9-13;7-11;13-17;8-12;10-14;10-14;9-13;5-9;9-15;9-13;9-13;11-15;11-15;11-17
;Rayan Lelis;BRA;Cruzeiro;MO (DE), PL (C);31/12/2030;2/10/2025;-;-;-;-;18;MO (DE), PL (C);Pé Preferido Desconhecido;Brasil;1,73 m;Goiás;19/1/2007;MO (E);Acima da Média;;Athletico-PR;;;2000403425;-;-;-;2-9;-;-;-;-;-;5-14;7-15;11-18;2-9;-;-;-;8-14;-;-;-;13-20;6-13;-;-;-;-;-;-;-;-;-;-;-;-;-;-;-;-;-;-;-
;Raykkonen;BRA;SC Internacional;PL (C);1/2/2029;29/12/2025;-;-;-;-;17;PL (C);Pé Preferido Desconhecido;Brasil;1,87 m;;13/7/2008;PL (C);Alta;;Goiás;;;2000380140;-;-;-;5-13;-;-;-;3-13;-;3-11;9-15;-;-;-;3-11;-;3-13;-;11-19;-;-;8-16;-;-;-;-;-;-;-;-;-;-;-;-;-;-;-;-;-;-;-
;Reinaldo;BRA;Mirassol;D/DA (E);31/12/2026;10/12/2025;12-16;7-13;1-5;2-6;36;D/DA (E);Somente Pé Esquerdo;Brasil;1,78 m;Alagoas;28/9/1989;D (E);Acima da Média;;Grêmio;;;19162646;11-15;8-12;15-19;11-17;5-11;15-19;10-14;8-12;15-19;11-15;13-17;10-14;10-16;11-17;9-13;11-15;11-15;10-16;5-11;12-16;9-13;12-18;12-16;11-15;8-12;12-16;10-14;13-19;11-17;11-15;12-16;10-16;11-15;8-12;1-3;4-8;1-3;1-3;1-7;1-4;1-5
;Reinier;BRA;Atlético Mineiro;MO (DEC);31/12/2029;8/8/2025;14-18;8-14;1-3;1-3;23;MO (DEC);Somente Pé Direito;Brasil;1,85 m;Distrito Federal;19/1/2002;MO (C);Abaixo da Média;;Castilla;;;19354888;14-18;3-7;9-13;13-19;1-7;1-5;10-14;10-14;11-15;13-17;12-16;11-15;11-17;8-14;11-15;10-14;11-15;13-19;7-13;13-17;10-14;11-17;11-15;13-17;9-13;11-15;9-13;9-15;11-17;10-14;9-13;9-15;10-14;9-13;1-4;3-7;1;1-5;1-5;1-5;1-4
;Renan La Salvia;BRA;São Paulo;MD, M (C);30/6/2028;1/7/2025;-;-;-;-;17;MD, M (C);Pé Preferido Desconhecido;Brasil;1,82 m;São Paulo;26/6/2008;M (C);Alta;;-;Itália;;2000492522;-;10-18;-;7-17;-;-;4-10;-;-;9-15;-;-;-;-;1-7;-;-;-;-;-;-;-;11-17;5-13;-;-;-;-;1-7;-;-;-;-;-;-;-;-;-;-;-;-
;Renan Lodi;BRA;Atlético Mineiro;D/DA/M (E);31/7/2030;29/12/2025;10-14;11-15;2-6;1-3;27;D/DA/M (E);Pé Esquerdo;Brasil;1,73 m;São Paulo;8/4/1998;D (E);Acima da Média;;Al-Hilal;;A;19259027;12-16;10-14;11-15;9-13;7-13;7-13;11-15;8-12;10-14;10-16;10-14;15-19;11-15;11-17;4-10;12-16;11-15;9-13;6-12;13-17;15-19;11-15;12-16;10-14;8-12;11-15;14-18;5-9;9-15;8-14;11-15;9-15;9-15;14-18;1-4;1-4;2-6;1-5;1;1-4;1-3
Prt;Renan Peixoto;BRA;Athletico-PR;PL (C);31/12/2028;27/2/2025;8-12;3-9;1-4;1-4;25;PL (C);Pé Direito;Brasil;1,85 m;Rio de Janeiro;21/2/2000;PL (C);Média;;Portuguesa;;;19347411;9-13;3-7;5-9;8-14;1-7;6-10;8-12;10-14;10-14;10-14;13-17;7-11;7-13;4-10;10-14;12-16;10-14;11-17;10-16;12-16;8-12;10-16;10-14;7-11;12-16;8-12;7-11;5-11;6-12;9-13;9-13;7-13;9-13;7-11;1-4;1-5;1-3;1-3;1-7;1-5;1-4
;Renan Viana;BRA;Athletico-PR;PL (C);31/12/2027;1/9/2025;11-17;9-13;-;-;22;PL (C);Pé Direito;Brasil;1,88 m;São Paulo;31/1/2003;PL (C);Acima da Média;;Novorizontino;;;2000071609;10-14;2-6;8-14;7-11;-;-;9-13;7-11;4-10;10-14;10-16;5-11;4-8;2-6;11-15;10-14;6-10;11-15;11-15;10-16;7-13;9-13;10-14;6-10;-;6-10;7-13;8-12;9-13;15-19;10-14;7-11;9-13;8-14;-;-;-;-;-;-;-
;Renato;BRA;Corinthians;D (C);31/7/2027;26/10/2022;-;-;-;-;21;D (C);Pé Preferido Desconhecido;Brasil;1,88 m;Bahia;11/10/2004;D (C);Acima da Média;;Atlético Goianiense;;;2000208313;-;8-14;-;-;5-13;-;-;11-17;-;8-13;-;-;-;-;10-15;-;-;-;8-16;-;-;-;-;-;14-20;-;-;-;-;14-19;-;-;-;-;-;-;-;-;-;-;-
;Renato Kayser;BRA;Vitória;PL (C);30/3/2028;4/4/2025;11-15;12-16;1-5;1-2;29;PL (C);Pé Direito;Brasil;1,78 m;Paraná;17/2/1996;PL (C);Baixo;;Fortaleza;;;19213297;11-17;2-8;10-14;10-14;6-10;3-7;9-15;8-14;4-8;8-12;12-16;11-15;6-10;7-11;7-11;10-16;9-15;11-15;10-14;11-15;11-15;11-15;12-18;8-14;6-10;8-14;12-16;10-14;14-18;10-14;10-16;12-16;10-14;11-15;1-6;1-4;1-4;1-5;1-4;1-3;1-4
;Renato Marques;BRA;Coritiba;PL (C);31/12/2027;22/8/2025;6-12;5-9;1-5;3-7;22;PL (C);Somente Pé Direito;Brasil;1,80 m;Minas Gerais;9/12/2003;PL (C);Acima da Média;Mirassol;América FC;;;2000109747;7-11;9-15;10-14;8-12;8-12;8-12;9-13;15-20;5-11;12-16;11-17;8-12;8-12;5-9;13-17;6-10;10-16;10-14;14-18;10-16;7-11;9-13;7-11;7-13;9-15;9-15;7-11;5-9;6-10;10-14;4-8;9-13;11-15;9-13;1-2;1-3;1-5;1-4;1-5;3-7;1-7
;Renê;BRA;Fluminense;D/DA (E);31/12/2027;9/1/2025;13-17;13-17;1-3;1-5;33;D/DA (E);Pé Esquerdo;Brasil;1,74 m;Piauí;14/9/1992;D (E);Média;;SC Internacional;;;19174999;8-14;11-15;11-15;12-16;8-12;14-20;8-14;5-9;8-12;10-16;8-12;10-14;12-16;6-10;8-14;11-17;11-15;15-19;4-8;11-15;11-15;13-17;10-16;9-13;11-15;12-16;11-15;12-16;8-12;11-17;7-13;9-13;11-17;11-15;1-4;1-5;1-4;1-2;3-7;1-7;1-4
;Renê Sousa;BRA;Vitória;MO (E);31/12/2027;21/11/2025;9-15;10-14;1-3;1-3;22;MO (E);Pé Direito;Brasil;1,83 m;Ceará;7/10/2003;MO (E);Abaixo da Média;Portuguesa;São José (RS);;;2000302554;10-14;1-5;4-10;7-11;4-8;1-5;9-13;5-9;5-11;7-11;9-15;6-12;7-11;2-6;6-10;11-15;6-10;11-15;7-11;8-14;7-13;9-13;9-13;7-11;5-11;5-9;7-13;3-7;11-15;11-15;10-14;7-11;7-11;5-11;2-6;1-5;1-4;1-5;1-5;1-3;1
;Diego Reyes;MEX;Flamengo;PL (C);31/12/2028;30/12/2024;-;-;-;-;18;PL (C);Pé Preferido Desconhecido;México;1,76 m;Estado de México;3/9/2007;PL (C);Alta;Club América;-;;S-23;2000484167;-;-;-;6-14;-;-;-;4-13;-;7-14;8-14;-;-;-;1-7;-;6-15;-;9-16;-;-;7-15;-;-;-;-;-;-;-;-;-;-;-;-;-;-;-;-;-;-;-
;Rhichey;BRA;Athletico-PR;MO (C);31/12/2028;1/6/2024;-;-;-;-;17;MO (C);Pé Preferido Desconhecido;Brasil;1,80 m;Bahia;24/4/2008;MO (C);Abaixo da Média;;-;;;2000490691;10-18;-;-;8-14;-;-;7-15;-;-;6-14;6-16;-;-;-;-;-;-;-;-;-;-;-;-;1-7;-;-;-;-;6-12;-;-;-;4-12;-;-;-;-;-;-;-;-
;Rhuan Gabriel;BRA;Cruzeiro;M/MO (C);31/12/2028;1/10/2025;-;-;-;-;19;M/MO (C);Pé Preferido Desconhecido;Brasil;1,75 m;;6/2/2006;M (C);Acima da Média;;Atlético Goianiense;;;2000243132;9-15;-;-;5-12;-;-;10-16;-;-;5-14;6-14;-;-;-;-;-;-;-;-;-;-;-;-;8-14;-;-;-;-;10-19;-;-;-;3-12;-;-;-;-;-;-;-;-
;Rhyan;BRA;Botafogo;GR;31/3/2028;7/4/2025;-;-;8-16;6-12;19;GR;Pé Preferido Desconhecido;Brasil;1,86 m;;3/1/2006;GR;Média;;Cuiabá;;;2000278896;-;-;-;-;-;-;-;-;-;-;-;-;-;-;-;-;-;-;-;-;-;-;-;-;-;-;-;-;-;-;-;-;-;-;10-16;13-20;2-9;-;8-17;-;7-15
;Ricardo;BRA;Cruzeiro;GR;31/12/2027;1/10/2025;-;-;2-10;1-8;17;GR;Pé Preferido Desconhecido;Brasil;1,88 m;;7/1/2008;GR;Média;;-;;;2000519068;-;-;-;-;-;-;-;-;-;-;-;-;-;-;-;-;-;-;-;-;-;-;-;-;-;-;-;-;-;-;-;-;-;-;10-18;10-20;4-14;-;10-16;-;1-9
;Riccieli;BRA;Vitória;D (C);30/6/2027;28/12/2022;14-20;13-17;1-2;1-3;27;D (C);Pé Direito;Brasil;1,84 m;São Paulo;17/9/1998;D (C);Baixo;Famalicão;Mirassol;;;19362992;11-15;9-13;5-11;9-13;13-17;8-12;6-10;10-14;4-10;8-12;5-11;3-9;3-7;2-6;12-16;11-15;9-13;12-16;13-17;10-16;8-14;10-14;14-18;7-11;10-16;10-14;4-10;12-16;6-10;13-17;11-15;11-15;7-11;10-16;1-5;1-5;1-4;1-3;1-5;1-4;1-3
;Richard;BRA;SC Internacional;MD;31/12/2026;17/7/2025;9-15;10-14;1-2;1-4;31;MD;Pé Direito;Brasil;1,91 m;São Paulo;18/2/1994;MD;Acima da Média;;Alanyaspor;;;19337991;12-16;10-14;4-10;12-16;12-16;6-10;9-13;6-10;6-12;11-15;7-13;6-12;8-12;5-9;13-17;13-17;5-9;11-15;14-18;8-14;6-12;7-11;15-19;9-13;12-18;9-13;8-14;9-13;8-12;5-9;12-16;12-16;10-14;7-13;1-5;1-5;1-5;1-5;2-6;1-5;1-2
;Richard Wendel;BRA;Fluminense;D/DA (E);31/5/2028;7/7/2025;-;-;-;-;16;D/DA (E);Pé Preferido Desconhecido;Brasil;1,70 m;;25/3/2009;D (E);Média;;-;;;2000484280;-;-;-;3-13;-;-;-;-;-;8-14;1-9;10-20;2-12;-;-;-;12-20;-;-;-;11-20;5-15;-;-;-;-;-;-;-;-;-;-;-;-;-;-;-;-;-;-;-
;Rickelme;BRA;São Paulo;D/DA (E);31/12/2028;11/12/2024;-;-;-;-;19;D/DA (E);Pé Preferido Desconhecido;Brasil;1,75 m;;17/5/2006;D (E);Alta;;Mauá;;;2000218103;-;5-11;-;-;7-16;-;-;-;-;4-13;-;-;3-10;-;1-9;-;9-15;-;-;-;-;5-12;-;-;8-16;-;-;-;-;-;-;-;-;-;-;-;-;-;-;-;-
;Tomás Rincón;VEN;Santos;MD, M (C);31/12/2026;17/1/2024;16-20;17-20;1-3;1-2;37;MD, M (C);Pé Direito;Venezuela;1,77 m;;13/1/1988;MD, M (C);Abaixo da Média;;UC Sampdoria;;A;86000589;10-16;11-17;4-8;9-13;15-19;1-4;7-13;9-15;2-6;7-11;7-11;7-11;4-8;4-8;10-14;10-16;6-12;14-18;10-14;13-17;6-10;7-11;14-20;5-11;14-18;11-17;10-14;11-15;5-9;15-19;11-17;13-17;7-11;13-17;1-7;1-5;1-5;3-7;1-5;1-2;1-4
;Riquelme;BRA;Atlético Mineiro;M/MO (E);31/12/2028;12/2/2025;-;-;-;-;16;M/MO (E);Pé Preferido Desconhecido;Brasil;1,73 m;Minas Gerais;17/1/2009;MO (E);Abaixo da Média;;-;;;2000505469;-;-;-;7-13;-;-;-;-;-;8-16;6-16;1-11;9-15;-;-;-;4-12;-;-;-;1-10;10-16;-;-;-;-;-;-;-;-;-;-;-;-;-;-;-;-;-;-;-
;Riquelme;BRA;Vitória;D/DA (E);31/12/2026;29/12/2025;-;-;-;-;20;D/DA (E);Pé Preferido Desconhecido;Brasil;1,74 m;Bahia;25/4/2005;D (E);Abaixo da Média;;-;;;2000308471;-;-;-;9-18;-;-;-;-;-;9-15;8-15;6-13;9-18;-;-;-;9-17;-;-;-;6-13;11-20;-;-;-;-;-;-;-;-;-;-;-;-;-;-;-;-;-;-;-
;Riquelme;BRA;Grêmio;MO (EC);31/12/2027;16/9/2024;-;-;-;-;19;MO (EC);Pé Preferido Desconhecido;Brasil;1,81 m;São Paulo;13/8/2006;MO (C);Acima da Média;;-;;;2000277653;-;-;-;9-18;-;-;-;-;-;9-15;9-16;4-11;7-16;-;-;-;7-15;-;-;-;4-11;9-18;-;-;-;-;-;-;-;-;-;-;-;-;-;-;-;-;-;-;-
;Riquelme Avellar;BRA;Vasco da Gama;D/DA (E);31/7/2028;1/10/2025;8;10;1;4;19;D/DA (E);Somente Pé Esquerdo;Brasil;1,73 m;Rio de Janeiro;8/3/2006;D (E);Acima da Média;;-;;;2000264136;10;7;7;10;7;9;5;7;10;10;5;10;11;9;7;10;12;13;7;9;14;12;10;11;10;10;7;12;8;12;12;10;8;12;1;2;1;3;1;3;1
;Riquelme Felipe;BRA;Botafogo;D (C);31/12/2029;29/12/2025;-;-;-;-;18;D (C);Pé Preferido Desconhecido;Brasil;1,91 m;Alagoas;3/1/2007;D (C);Média;;Sport Recife;;;2000518242;-;11-20;-;-;9-17;-;-;11-20;-;7-14;-;-;-;-;9-16;-;-;-;8-16;-;-;-;-;-;6-15;-;-;-;-;12-19;-;-;-;-;-;-;-;-;-;-;-
;Riquelme Felipe;BRA;Fluminense;MO (DC);31/8/2030;5/9/2025;-;-;-;-;18;MO (DC);Pé Preferido Desconhecido;Brasil;1,73 m;;13/3/2007;MO (C);Alta;;-;;;2000273266;-;-;-;3-10;-;-;-;-;-;4-13;5-13;13-20;2-9;-;-;-;8-14;-;-;-;14-20;6-13;-;-;-;-;-;-;-;-;-;-;-;-;-;-;-;-;-;-;-
;Riquelme Fillipi;BRA;Palmeiras;MO (DE);31/12/2029;2/8/2025;-;-;-;-;19;MO (DE);Pé Preferido Desconhecido;Brasil;1,75 m;São Paulo;15/9/2006;MO (E);Abaixo da Média;;-;;;2000263996;-;-;-;7-15;-;-;-;-;-;4-11;9-15;7-13;5-13;-;-;-;5-14;-;-;-;8-14;8-16;-;-;-;-;-;-;-;-;-;-;-;-;-;-;-;-;-;-;-
;Riquelmy;BRA;Fluminense;MD, M (C);30/6/2027;1/3/2025;-;-;-;-;19;MD, M (C);Pé Preferido Desconhecido;Brasil;1,81 m;;27/11/2006;M (C);Abaixo da Média;;-;;;2000273263;-;6-14;-;9-18;-;-;6-12;-;-;8-14;-;-;-;-;9-15;-;-;-;-;-;-;-;6-12;6-14;-;-;-;-;3-12;-;-;-;-;-;-;-;-;-;-;-;-
;Robert;BRA;Atlético Mineiro;GR;31/12/2029;17/3/2025;-;-;4-13;4-11;20;GR;Pé Preferido Desconhecido;Brasil;1,87 m;São Paulo;3/2/2005;GR;Alta;;-;;;2000320687;-;-;-;-;-;-;-;-;-;-;-;-;-;-;-;-;-;-;-;-;-;-;-;-;-;-;-;-;-;-;-;-;-;-;9-18;13-19;9-15;-;6-14;-;5-14
;Robert Renan;BRA;Vasco da Gama;D (C);30/6/2027;10/1/2023;14;12;2;3;22;D (C);Pé Esquerdo;Brasil;1,85 m;Distrito Federal;11/10/2003;D (C);Média;Zenit;Corinthians;;;2000136297;13;13;11;13;13;10;9;12;10;13;9;13;11;8;12;13;12;12;12;13;13;13;14;13;12;13;11;8;10;13;12;11;13;13;3;3;3;2;1;2;3
;Robert Santos;BRA;Chapecoense;M (C), MO (DEC);31/12/2027;1/1/2025;4-8;11-17;2-6;1-5;22;M (C), MO (DEC);Somente Pé Esquerdo;Brasil;1,80 m;Bahia;20/7/2003;MO (C);Acima da Média;Atlético Mineiro;Athletic (MG);;;2000139477;10-14;8-12;2-8;8-14;3-7;1-5;9-13;6-10;1-5;12-16;6-10;9-15;2-8;1-5;4-8;8-12;11-15;8-14;7-11;6-10;10-16;7-13;10-14;11-15;3-7;7-11;8-14;2-8;11-15;6-10;7-11;5-9;5-9;9-15;1-3;1-2;1-5;1-3;1-4;1-4;1-5
;Robinho Junior;BRA;Santos;MO (E);31/12/2031;28/5/2024;11-16;6-13;1-6;1-6;18;MO (E);Pé Esquerdo;Brasil;1,70 m;São Paulo;17/12/2007;MO (E);Alta;;-;;;2000417769;9-14;7-13;6-11;9-16;3-10;6-11;5-10;7-13;8-13;10-15;10-15;10-15;7-14;3-10;6-11;7-12;10-16;10-17;1-7;10-15;11-16;11-18;9-14;8-14;8-13;8-14;7-12;6-13;10-17;11-16;8-13;6-13;11-16;7-12;1-5;3-8;1-3;1-5;1-7;1-4;1-4
Prt;Sergio Rochet;URU;SC Internacional;GR;31/12/2026;13/7/2023;11-17;11-15;10-14;11-15;32;GR;Somente Pé Direito;Uruguai;1,91 m;Colonia;23/3/1993;GR;Alta;;Nacional;França;A;78063165;10-14;1-3;1-5;10-14;1-4;1-4;2-6;1-2;4-10;7-11;1-6;1-5;1-5;1-5;11-15;12-16;9-13;10-14;13-17;11-17;9-15;10-14;13-17;7-11;11-17;9-13;1-4;12-16;1-4;11-15;12-16;11-15;10-14;8-14;14-18;14-20;7-13;11-15;12-16;10-14;9-13
;Rodrigo Bringel;BRA;Fluminense;D (C);31/1/2028;2/9/2025;-;-;-;-;18;D (C);Pé Preferido Desconhecido;Brasil;1,92 m;;9/3/2007;D (C);Acima da Média;;Goiás;;;2000379897;-;12-19;-;-;5-11;-;-;13-20;-;2-8;-;-;-;-;4-10;-;-;-;11-17;-;-;-;-;-;6-13;-;-;-;-;12-18;-;-;-;-;-;-;-;-;-;-;-
;Rodrigo Cezar;BRA;Santos;MO (C), PL (C);31/1/2027;30/12/2024;-;-;-;-;19;MO (C), PL (C);Pé Preferido Desconhecido;Brasil;1,78 m;;15/7/2006;MO (C);Média;;-;;;2000218474;8-16;-;-;4-13;-;-;6-14;-;-;7-13;5-12;-;-;-;-;-;-;-;-;-;-;-;-;11-18;-;-;-;-;9-15;-;-;-;6-12;-;-;-;-;-;-;-;-
;Rodrigo Dias;BRA;Vitória;MO (DE);31/12/2026;1/1/2024;-;-;-;-;20;MO (DE);Pé Preferido Desconhecido;Brasil;1,82 m;Bahia;1/8/2005;MO (D);Acima da Média;;-;;;2000440226;-;-;-;5-12;-;-;-;-;-;4-13;3-11;11-18;4-11;-;-;-;8-14;-;-;-;10-17;5-12;-;-;-;-;-;-;-;-;-;-;-;-;-;-;-;-;-;-;-
;Rodrigo Endrio;BRA;Chapecoense;PL (C);31/12/2027;30/12/2024;-;-;-;-;18;PL (C);Pé Preferido Desconhecido;Brasil;1,87 m;Paraná;3/7/2007;PL (C);Alta;;Athletico-PR;;;2000321052;-;-;-;2-9;-;-;-;11-17;-;7-16;11-19;-;-;-;1-7;-;6-12;-;12-20;-;-;2-9;-;-;-;-;-;-;-;-;-;-;-;-;-;-;-;-;-;-;-
;Rodrigo Falcão;BRA;Santos;GR;31/1/2029;29/12/2025;-;-;9-17;11-17;20;GR;Pé Preferido Desconhecido;Brasil;1,91 m;;23/3/2005;GR;Acima da Média;;-;;;2000206937;-;-;-;-;-;-;-;-;-;-;-;-;-;-;-;-;-;-;-;-;-;-;-;-;-;-;-;-;-;-;-;-;-;-;1-7;11-18;1-8;-;8-17;-;7-15
;Rodrigo Gelado;BRA;Coritiba;D/DA (E);31/12/2027;1/1/2024;9-13;7-11;2-6;1-7;22;D/DA (E);Somente Pé Esquerdo;Brasil;1,82 m;Bahia;28/9/2003;D (E);Alta;;Vila Nova;;;2000198534;8-14;9-13;4-8;11-15;7-11;7-13;8-14;6-10;5-9;10-16;7-11;9-13;11-15;5-9;7-13;11-17;10-14;15-19;7-11;9-13;11-15;12-16;9-15;8-12;10-14;11-15;13-17;5-9;7-11;11-17;7-13;8-12;10-16;11-15;1-5;1-5;1-4;1-2;2-6;1-5;1-5
;Rodrigo Gomes;BRA;Fluminense;D (C);31/12/2028;1/7/2025;-;-;-;-;19;D (C);Pé Preferido Desconhecido;Brasil;1,83 m;Minas Gerais;7/2/2006;D (C);Alta;;-;;;2002042569;-;7-16;-;-;13-20;-;-;9-18;-;1-7;-;-;-;-;1-8;-;-;-;10-17;-;-;-;-;-;10-16;-;-;-;-;4-11;-;-;-;-;-;-;-;-;-;-;-
;Rodrigo Gueti;BRA;Palmeiras;D (D), MD, M (C);31/1/2027;29/12/2025;-;-;-;-;19;D (D), MD, M (C);Pé Preferido Desconhecido;Brasil;1,84 m;Bahia;25/4/2006;MD;Média;Retrô;Camaçariense;;;2000357475;-;10-16;-;5-12;-;-;6-12;-;-;7-16;-;-;-;-;1-9;-;-;-;-;-;-;-;11-17;8-14;-;-;-;-;3-12;-;-;-;-;-;-;-;-;-;-;-;-
;Rodrigo Moledo;BRA;Coritiba;D (C);31/12/2026;27/12/2025;17-20;16-20;1-5;1-3;38;D (C);Pé Direito;Brasil;1,88 m;Rio de Janeiro;27/10/1987;D (C);Alta;;Chapecoense;;;19082804;7-11;12-16;4-8;9-15;10-16;6-10;5-9;12-16;5-9;6-10;7-11;3-7;5-11;1-5;12-16;5-9;5-9;9-15;9-15;13-17;3-7;5-11;11-15;5-9;13-17;10-14;5-9;11-17;3-9;14-18;10-14;8-14;8-12;8-12;1-4;1-5;1;1-3;1-6;1-3;1-3
;Rodrigo Nestor;BRA;EC Bahia;M/MO (EC);31/12/2030;12/11/2025;7-11;9-13;1-5;1-6;25;M/MO (EC);Pé Esquerdo;Brasil;1,75 m;São Paulo;9/8/2000;M (C);Abaixo da Média;;São Paulo;;;19306946;9-15;8-12;8-12;14-18;8-12;9-15;10-16;8-12;11-15;11-17;9-13;11-15;12-16;9-13;8-14;9-15;11-15;12-16;6-10;9-13;11-15;13-17;7-13;13-17;10-14;11-15;11-15;8-12;9-13;9-15;7-13;7-11;11-17;8-12;1-4;1-4;1-3;1-2;3-7;1-5;1-5
Les;Rodrigo Rodrigues;BRA;Coritiba;PL (C);31/12/2027;20/8/2025;10-16;10-14;1-3;1-3;29;PL (C);Pé Direito;Brasil;1,91 m;Ceará;18/6/1996;PL (C);Acima da Média;;Espérance Tunis;;;19220269;11-15;2-6;9-15;10-14;2-6;3-7;11-15;9-13;5-11;10-14;11-17;6-12;6-10;3-7;12-16;12-16;8-12;10-14;12-16;12-18;7-13;9-13;12-16;7-11;5-11;9-13;9-15;5-9;5-9;11-15;11-15;10-14;10-14;9-15;3-7;1-6;1-5;1-3;1-3;1-3;1-3
;Rodrigues;BRA;Mirassol;D (DC);31/12/2026;29/12/2025;12-16;14-18;1-3;1-7;28;D (DC);Pé Direito;Brasil;1,88 m;Rio Grande do Norte;10/10/1997;D (C);Baixo;;San Jose;;;19261651;5-11;12-16;6-10;12-16;9-13;9-15;2-8;12-16;5-9;6-12;6-10;6-10;8-12;3-7;13-19;9-15;11-15;13-17;10-14;11-15;10-14;13-17;9-15;6-10;11-15;12-16;7-11;12-16;2-6;11-17;7-13;6-10;8-14;11-15;1-3;2-6;1-4;1-2;3-7;1-5;1-4
;Alan Rodríguez;URU;SC Internacional;MD, M/MO (DC);31/12/2029;1/8/2025;11-17;12-16;1;1-5;25;MD, M/MO (DC);Pé Direito;Uruguai;1,70 m;Canelones;25/1/2000;M (C);Muito Alta;;Argentinos Jrs.;;;78088243;14-18;6-10;3-9;11-15;10-14;4-8;13-17;3-7;9-15;12-16;8-14;10-16;8-12;11-15;5-9;13-17;7-11;12-16;5-9;8-14;10-16;12-16;14-18;9-13;10-16;10-14;10-16;11-15;12-16;13-17;13-17;10-14;9-13;8-14;4-8;1-5;1-4;1-3;1-3;1-3;1-3
Les;Guzmán Rodríguez;URU;RB Bragantino;D (C);5/12/2027;9/1/2025;11-15;12-18;2-6;1-3;25;D (C);Pé Direito;Uruguai;1,85 m;Montevideo;8/2/2000;D (C);Acima da Média;;Peñarol;Itália;;78102041;9-13;11-15;1-7;6-12;12-16;14-18;7-11;15-19;5-9;9-13;1-3;8-14;10-16;8-12;12-16;11-15;11-15;9-15;11-15;10-14;8-14;8-14;11-15;9-13;9-13;14-18;7-13;10-16;8-12;13-17;9-13;11-15;9-13;11-17;1-5;1;1-5;1-5;1-4;1-4;2-6
;Santiago Rodríguez;URU;Botafogo;MO (C);31/12/2028;14/2/2025;5-9;9-13;1-4;1-3;25;MO (C);Pé Direito;Uruguai;1,72 m;Montevideo;8/1/2000;MO (C);Média;;NYCFC;E.U.A.;;78088631;13-19;3-9;8-12;12-16;6-10;3-7;8-14;4-10;12-16;10-14;11-15;12-16;12-16;14-18;2-6;9-15;9-15;10-14;7-11;9-13;12-16;12-16;9-15;10-16;10-14;8-14;10-14;10-14;15-19;6-10;12-18;8-12;6-10;10-14;1-5;1-5;1-5;2-6;1-5;1;1-4
;Rodriguinho;BRA;Corinthians;MO (C);31/7/2027;12/8/2024;-;-;-;-;18;MO (C);Pé Preferido Desconhecido;Brasil;1,80 m;;15/4/2007;MO (C);Acima da Média;;-;;;2000379967;12-19;-;-;11-17;-;-;4-11;-;-;9-17;8-17;-;-;-;-;-;-;-;-;-;-;-;-;1-5;-;-;-;-;8-14;-;-;-;1-9;-;-;-;-;-;-;-;-
;Rodriguinho;BRA;RB Bragantino;M/MO (C);31/12/2030;29/12/2025;7-11;11-17;3-7;1-4;21;M/MO (C);Somente Pé Direito;Brasil;1,85 m;Goiás;16/3/2004;MO (C);Alta;;São Paulo;;;2000141091;13-17;8-12;7-13;10-16;7-11;9-13;13-17;7-11;7-11;12-16;7-11;11-17;8-14;10-14;8-12;11-15;12-16;10-16;12-16;6-10;12-18;10-16;10-14;14-18;3-7;14-18;10-16;9-15;12-16;8-12;11-15;10-14;11-15;14-20;1-4;1-3;2-8;1-3;1-3;1-5;1-5
;Rodriguinho;BRA;SC Internacional;MO (D);31/12/2027;2/9/2024;-;-;-;-;19;MO (D);Pé Preferido Desconhecido;Brasil;1,69 m;Rio Grande do Sul;3/1/2006;MO (D);Acima da Média;;-;;;2000273996;-;-;-;3-10;-;-;-;-;-;4-13;5-13;12-19;2-9;-;-;-;8-14;-;-;-;14-20;4-11;-;-;-;-;-;-;-;-;-;-;-;-;-;-;-;-;-;-;-
;Roger;BRA;Grêmio;MO (DE);31/12/2028;29/12/2025;-;-;-;-;17;MO (DE);Pé Preferido Desconhecido;Brasil;1,71 m;Rio Grande do Sul;29/4/2008;MO (D);Acima da Média;;-;;;2000487363;-;-;-;3-13;-;-;-;-;-;8-14;2-10;11-20;2-12;-;-;-;13-20;-;-;-;12-20;5-15;-;-;-;-;-;-;-;-;-;-;-;-;-;-;-;-;-;-;-
;Roger Gabriel;BRA;EC Bahia;MO (DEC);31/12/2028;18/9/2025;-;-;-;-;18;MO (DEC);Pé Preferido Desconhecido;Brasil;1,73 m;Bahia;12/2/2007;MO (C);Acima da Média;;-;;;2000272491;9-17;-;-;5-14;-;-;6-14;-;-;8-14;3-10;-;-;-;-;-;-;-;-;-;-;-;-;12-19;-;-;-;-;11-17;-;-;-;7-13;-;-;-;-;-;-;-;-
;Johan Rojas;COL;Vasco da Gama;M/MO (C);30/6/2028;6/6/2024;13;8;1;2;23;M/MO (C);Pé Direito;Colômbia;1,72 m;Andina;20/9/2002;M/MO (C);Abaixo da Média;Monterrey;Inter Bogotá;;;2000159964;14;4;11;13;4;11;11;7;13;13;10;13;12;13;8;12;12;12;10;10;13;13;13;14;8;12;13;10;12;12;12;13;11;12;4;1;1;2;1;2;3
;Benjamín Rollheiser;ARG;Santos;M (C), MO (DEC);31/12/2028;12/2/2025;5-9;11-15;1-3;1-3;25;M (C), MO (DEC);Pé Esquerdo;Argentina;1,72 m;Buenos Aires;24/3/2000;MO (C);Acima da Média;;Benfica;;;14183203;14-20;3-9;9-13;13-17;7-11;6-10;12-18;3-9;10-14;10-14;11-15;13-17;11-15;13-17;4-8;9-15;9-15;10-14;7-11;12-16;12-16;12-16;8-14;10-16;6-10;9-15;11-15;10-14;16-20;8-12;12-18;13-17;11-15;10-14;1-6;1-5;1-4;2-6;1-4;1-2;1-5
;Iván Román;CHI;Atlético Mineiro;D (C);31/12/2029;28/2/2025;9-14;9-15;1-5;1;19;D (C);Pé Direito;Chile;1,83 m;Metropolitana de Santiago;12/7/2006;D (C);Acima da Média;;Palestino;;A;2000230119;8-15;8-15;6-11;10-16;12-17;7-12;5-12;7-14;3-8;6-11;4-9;3-8;3-9;6-11;7-12;11-18;7-14;12-18;13-18;9-14;8-13;8-14;11-18;6-13;12-17;8-15;4-9;10-16;7-12;10-15;11-18;14-19;9-14;10-15;1-6;1-6;1-6;2-7;1-6;1-3;1-5
Prt;Lucas Romero;ARG;Cruzeiro;MD, M (C);31/12/2027;8/1/2024;13-17;16-20;1-3;1-5;31;MD, M (C);Pé Direito;Argentina;1,67 m;Buenos Aires;18/4/1994;MD;Acima da Média;;León;Itália;;14047196;10-16;13-17;10-14;13-17;11-15;9-15;9-15;4-8;6-10;11-17;6-10;9-13;9-13;4-8;8-14;12-18;10-14;16-20;1-5;9-13;11-15;12-16;12-18;11-15;13-17;14-18;10-14;14-18;7-11;14-20;10-16;8-12;12-18;12-16;1-4;1-4;1-5;1-3;3-7;1-7;1-4
;Ronald;BRA;Vitória;MD, M (C);31/7/2028;3/1/2025;6-10;8-14;1-5;1-4;28;MD, M (C);Pé Direito;Brasil;1,71 m;Rio de Janeiro;18/6/1997;M (C);Abaixo da Média;;Fortaleza;;;19348494;12-16;11-15;7-13;9-15;7-11;5-9;10-14;8-12;7-11;11-15;5-9;11-17;8-14;9-13;8-12;11-15;13-17;9-15;5-9;10-14;11-17;9-15;10-14;13-17;5-9;12-16;11-17;6-12;11-15;10-14;10-14;10-14;10-14;11-17;1-3;1-2;1-7;1-5;1-5;1-5;3-7
;Ronaldo;BRA;SC Internacional;MD, M (C);31/12/2026;8/1/2025;9-13;8-12;1-4;1;29;MD, M (C);Pé Direito;Brasil;1,79 m;São Paulo;23/10/1996;MD;Acima da Média;;Juventude;;;19226751;10-16;9-15;7-11;10-14;12-16;8-12;7-13;5-11;7-11;8-12;8-12;8-12;8-12;10-14;6-10;11-17;8-14;11-15;9-13;8-12;10-14;10-14;12-18;7-13;10-14;9-15;9-13;8-12;13-17;10-14;10-16;10-14;7-11;10-14;1-6;1-4;1-4;3-7;1-4;1;1-4
;Ronaldo;BRA;EC Bahia;GR;31/12/2029;29/12/2025;12-16;11-15;11-17;8-12;29;GR;Pé Direito;Brasil;1,94 m;Bahia;22/8/1996;GR;Acima da Média;;Atlético Goianiense;;;19249507;10-16;1-5;1-3;10-14;2-6;1-2;1-6;4-10;6-10;6-10;1-5;1-4;1-5;3-7;11-15;10-16;6-12;12-16;16-20;8-12;11-15;8-12;11-17;4-10;11-15;9-15;2-6;11-15;9-13;10-14;8-14;9-13;8-12;9-13;13-19;13-17;12-16;12-16;10-14;8-12;10-16
;Rony;BRA;Santos;MO (DE), PL (C);31/12/2028;29/12/2025;12-18;10-14;1-2;1-3;30;MO (DE), PL (C);Somente Pé Direito;Brasil;1,66 m;Pará;11/5/1995;MO (E), PL (C);Abaixo da Média;;Atlético Mineiro;;;19249790;10-14;2-6;8-14;9-13;6-10;2-6;11-15;8-12;9-15;9-13;10-16;9-15;10-14;9-13;7-11;15-19;11-15;10-14;4-8;11-17;11-17;14-18;15-19;7-11;3-9;6-10;9-15;8-12;13-17;15-19;8-12;8-12;9-13;6-12;1-5;1-7;1-5;1-3;1-5;1-3;1-2
;Agustín Rossi;ARG;Flamengo;GR;31/12/2027;3/7/2023;12-16;4-8;8-12;10-16;30;GR;Pé Direito;Argentina;1,93 m;;21/8/1995;GR;Acima da Média;;Boca Juniors;Itália;;14101872;6-10;1-5;3-7;9-13;1-6;1-3;1-5;1-3;6-10;9-15;1-3;1-5;1-2;2-8;10-16;10-14;9-13;11-15;14-20;11-15;14-18;7-11;6-10;11-15;13-17;12-16;8-12;6-10;2-8;10-16;9-13;9-15;12-18;13-17;10-14;11-15;16-20;12-18;8-12;8-14;11-15
For;Ruan;BRA;Athletico-PR;MO (DE);31/12/2026;1/12/2025;-;-;-;-;17;MO (DE);Pé Preferido Desconhecido;Brasil;1,84 m;Rio de Janeiro;7/5/2008;MO (E);Média;;-;;;2000454281;-;-;-;2-12;-;-;-;-;-;6-12;3-11;8-18;1-10;-;-;-;11-19;-;-;-;9-19;3-13;-;-;-;-;-;-;-;-;-;-;-;-;-;-;-;-;-;-;-
;Ruan Índio;BRA;Cruzeiro;PL (C);31/12/2028;3/9/2024;-;-;-;-;19;PL (C);Pé Preferido Desconhecido;Brasil;1,89 m;;10/8/2006;PL (C);Acima da Média;;-;;;2000243133;-;-;-;9-16;-;-;-;10-16;-;8-17;8-14;-;-;-;8-17;-;9-15;-;4-11;-;-;12-19;-;-;-;-;-;-;-;-;-;-;-;-;-;-;-;-;-;-;-
;Ruan Pablo;BRA;EC Bahia;MO (DE);31/12/2030;29/12/2025;-;-;-;-;17;MO (DE);Pé Preferido Desconhecido;Brasil;1,83 m;;23/7/2008;MO (E);Alta;;-;;;2000382044;-;-;-;6-12;-;-;-;-;-;5-13;8-18;4-14;6-12;-;-;-;4-12;-;-;-;3-13;10-16;-;-;-;-;-;-;-;-;-;-;-;-;-;-;-;-;-;-;-
;Ruan Sales;BRA;Fluminense;M (C);31/5/2027;1/7/2024;-;-;-;-;17;M (C);Pé Preferido Desconhecido;Brasil;1,79 m;;9/6/2008;M (C);Alta;;-;;;2000463017;-;6-12;-;13-20;-;-;1-7;-;-;9-19;-;-;-;-;8-18;-;-;-;-;-;-;-;2-12;10-16;-;-;-;-;1-9;-;-;-;-;-;-;-;-;-;-;-;-
;Ruan Tressoldi;BRA;Atlético Mineiro;D (C);31/12/2028;1/7/2025;17-20;16-20;1-4;1;26;D (C);Pé Direito;Brasil;1,88 m;Rio Grande do Sul;7/6/1999;D (C);Alta;;Sassuolo;Itália;;19352206;9-15;11-17;3-7;9-13;12-16;6-10;7-13;11-17;3-7;6-10;3-7;8-12;2-6;4-8;11-15;13-19;11-17;12-16;15-19;13-17;12-16;12-16;10-16;5-11;10-14;10-16;5-9;8-12;5-9;12-16;7-13;7-11;6-10;9-13;1-6;1-4;1-4;3-7;1-5;1-3;1-5
;Ruan Victor;BRA;EC Bahia;D (C);31/12/2027;1/1/2025;-;-;-;-;17;D (C);Pé Preferido Desconhecido;Brasil;1,83 m;Bahia;30/4/2008;D (C);Acima da Média;;-;;;2000501176;-;7-15;-;-;2-12;-;-;6-14;-;8-14;-;-;-;-;7-13;-;-;-;2-12;-;-;-;-;-;11-19;-;-;-;-;3-9;-;-;-;-;-;-;-;-;-;-;-
;Ruan Yago;BRA;Palmeiras;MD, M (C);14/2/2029;29/12/2025;-;-;-;-;16;MD, M (C);Pé Preferido Desconhecido;Brasil;1,80 m;São Paulo;16/1/2009;M (C);Abaixo da Média;;-;;;2000520676;-;9-15;-;5-13;-;-;9-15;-;-;5-15;-;-;-;-;1-8;-;-;-;-;-;-;-;8-14;7-13;-;-;-;-;3-13;-;-;-;-;-;-;-;-;-;-;-;-
;Rúben Ismael;POR;Vitória;MD, M (C);30/6/2028;23/7/2025;10-14;7-13;1-5;1-4;26;MD, M (C);Pé Direito;Portugal;1,84 m;Região de Aveiro;25/3/1999;MD;Abaixo da Média;;Moreirense;;;83168101;10-14;14-18;6-12;8-14;8-12;6-10;6-10;9-13;3-7;9-13;3-7;8-14;4-10;4-8;9-13;11-15;12-16;12-18;10-14;8-12;9-15;7-13;12-16;8-12;10-14;16-20;4-10;8-14;6-10;11-15;10-14;11-15;11-15;10-16;1-4;1-3;1-5;1-4;1-3;1-4;1-5
;Rubens;BRA;Chapecoense;M/MO (D);30/11/2026;16/1/2025;9-13;10-14;1-5;1-7;22;M/MO (D);Pé Esquerdo;Brasil;1,73 m;Rio Grande do Sul;28/3/2003;MO (D);Acima da Média;;Grêmio;;;2000071101;8-14;6-10;9-13;10-14;3-7;5-11;7-13;7-11;9-13;9-15;7-11;11-15;9-13;3-7;7-13;7-13;10-14;12-16;3-7;10-14;11-15;13-17;5-11;8-12;4-8;8-12;8-12;8-12;8-12;12-18;5-11;5-9;8-14;8-12;1-6;1-4;1-5;1-3;2-6;1-6;1-3
;Rubens;BRA;RB Bragantino;GR;8/5/2026;30/12/2024;-;-;7-14;3-9;19;GR;Pé Preferido Desconhecido;Brasil;1,92 m;Santa Catarina;6/4/2006;GR;Alta;;RB Bragantino II;;;2000272159;-;-;-;-;-;-;-;-;-;-;-;-;-;-;-;-;-;-;-;-;-;-;-;-;-;-;-;-;-;-;-;-;-;-;7-15;7-14;7-16;-;7-16;-;14-20
;Ryan;BRA;RB Bragantino;D/DA (D);31/12/2029;29/12/2025;-;-;-;-;18;D/DA (D);Pé Preferido Desconhecido;Brasil;1,79 m;Rio de Janeiro;4/9/2007;D (D);Abaixo da Média;;-;;;2000378227;-;6-12;-;-;2-9;-;-;-;-;9-18;-;-;10-17;-;6-15;-;10-16;-;-;-;-;12-19;-;-;5-11;-;-;-;-;-;-;-;-;-;-;-;-;-;-;-;-
For;Ryan Evaristo;BRA;Corinthians;MO (C), PL (C);31/12/2026;1/7/2025;-;-;-;-;17;MO (C), PL (C);Pé Preferido Desconhecido;Brasil;1,76 m;São Paulo;14/3/2008;MO (C);Acima da Média;;-;;;2002043488;8-16;-;-;11-17;-;-;13-20;-;-;9-17;11-20;-;-;-;-;-;-;-;-;-;-;-;-;2-10;-;-;-;-;5-11;-;-;-;3-11;-;-;-;-;-;-;-;-
;Ryan Felipe;BRA;Atlético Mineiro;M/MO (EC);31/12/2027;1/9/2024;-;-;-;-;19;M/MO (EC);Pé Preferido Desconhecido;Brasil;1,74 m;São Paulo;28/7/2006;MO (E);Média;;São Paulo;;;2000229237;-;-;-;3-12;-;-;-;-;-;8-14;1-7;10-19;3-12;-;-;-;13-20;-;-;-;11-20;7-16;-;-;-;-;-;-;-;-;-;-;-;-;-;-;-;-;-;-;-
;Ryan Francisco;BRA;São Paulo;PL (C);31/12/2029;29/12/2025;6-11;5-11;1-4;1-2;19;PL (C);Pé Esquerdo;Brasil;1,75 m;São Paulo;21/11/2006;PL (C);Acima da Média;;SKA Brasil;;;2000263566;10-17;1-8;10-15;8-14;6-11;1-6;7-14;7-14;10-15;7-12;12-17;9-14;6-12;11-16;4-9;9-16;8-15;9-15;11-16;11-16;10-15;10-16;7-14;4-11;7-12;4-11;11-16;5-11;12-17;7-12;11-18;12-17;8-13;10-15;1-6;1-6;1-3;1-6;1-6;1-3;1-3
;Ryan Gabriel;BRA;Santos;D (C);31/5/2027;11/6/2024;-;-;-;-;18;D (C);Pé Preferido Desconhecido;Brasil;1,80 m;;14/3/2007;D (C);Abaixo da Média;;Guarani FC;;;2000379976;-;13-20;-;-;7-15;-;-;13-20;-;8-15;-;-;-;-;7-14;-;-;-;5-13;-;-;-;-;-;5-14;-;-;-;-;19-20;-;-;-;-;-;-;-;-;-;-;-
;Ryan Roberto;BRA;Flamengo;MO (C);3/3/2027;5/3/2024;-;-;-;-;17;MO (C);Pé Preferido Desconhecido;Brasil;1,64 m;;5/3/2008;MO (C);Média;;-;;;2000372640;10-20;-;-;6-14;-;-;2-12;-;-;5-13;10-16;-;-;-;-;-;-;-;-;-;-;-;-;1-11;-;-;-;-;12-20;-;-;-;1-7;-;-;-;-;-;-;-;-
;Sabino;BRA;São Paulo;D (C);31/12/2027;20/3/2024;12-16;9-13;1-5;1-3;29;D (C);Somente Pé Esquerdo;Brasil;1,84 m;Distrito Federal;25/10/1996;D (C);Abaixo da Média;;Sport Recife;;;19258926;10-14;12-16;15-19;9-13;12-18;7-13;7-11;13-17;6-10;8-14;8-12;11-15;4-8;5-11;11-17;12-16;10-14;10-14;12-18;13-17;12-16;9-13;13-17;7-11;11-15;12-16;11-15;8-12;8-14;8-14;10-14;11-17;9-15;13-17;1-5;1-4;2-6;1-7;1-2;1-4;1-4
;Alan Saldivia;URU;Vasco da Gama;D (C);31/12/2028;29/12/2025;13;14;4;2;23;D (C);Pé Direito;Uruguai;1,80 m;Rivera;6/4/2002;D (C);Média;;Colo Colo;;;78097775;11;13;6;12;12;8;7;13;6;11;5;8;6;6;13;12;10;14;12;13;10;10;13;10;13;14;6;11;7;13;12;12;10;13;3;2;2;1;1;3;1
;Samuel;BRA;Atlético Mineiro;D (C);31/12/2027;7/8/2025;-;-;-;-;19;D (C);Pé Preferido Desconhecido;Brasil;1,85 m;Ceará;9/2/2006;D (C);Acima da Média;;Santos;;;2000207233;-;4-11;-;-;6-12;-;-;3-10;-;5-13;-;-;-;-;6-14;-;-;-;7-13;-;-;-;-;-;10-19;-;-;-;-;8-16;-;-;-;-;-;-;-;-;-;-;-
For;Samuel Alves;BRA;Botafogo;PL (C);31/12/2026;1/2/2025;-;-;-;-;17;PL (C);Pé Preferido Desconhecido;Brasil;1,87 m;;30/3/2008;PL (C);Média;;Flamengo;;;2000491203;-;-;-;5-11;-;-;-;2-10;-;9-17;11-20;-;-;-;3-11;-;5-13;-;9-15;-;-;11-17;-;-;-;-;-;-;-;-;-;-;-;-;-;-;-;-;-;-;-
;Samuel Jhonathan;BRA;São Paulo;MD, M (C);31/3/2029;12/5/2025;-;-;-;-;18;MD, M (C);Pé Preferido Desconhecido;Brasil;1,85 m;São Paulo;19/1/2007;MD;Média;;-;;;2000378984;-;6-12;-;3-10;-;-;3-9;-;-;2-11;-;-;-;-;4-13;-;-;-;-;-;-;-;10-16;6-12;-;-;-;-;5-14;-;-;-;-;-;-;-;-;-;-;-;-
;Samuel Lino;BRA;Flamengo;M (E), MO (DE);31/12/2029;29/7/2025;8-14;9-13;1-7;2-6;26;M (E), MO (DE);Pé Direito;Brasil;1,78 m;São Paulo;23/12/1999;MO (E);Abaixo da Média;;Atlético Madrid;;;19320258;10-14;7-13;9-13;11-15;7-11;7-11;8-12;3-9;5-11;13-17;7-13;13-17;11-15;6-10;10-14;10-14;14-20;14-18;5-9;9-15;13-17;14-18;10-14;11-17;5-11;10-16;10-14;5-9;11-15;13-17;7-11;9-13;11-15;11-15;1-3;1-3;1-5;1-5;1-4;2-6;1-5
;Samuel Pierri;BRA;Santos;MD, M (C);30/4/2027;28/5/2024;-;-;-;-;17;MD, M (C);Pé Preferido Desconhecido;Brasil;1,89 m;;30/1/2008;MD;Abaixo da Média;;-;;;2000491168;-;1-11;-;6-14;-;-;6-16;-;-;2-10;-;-;-;-;1-8;-;-;-;-;-;-;-;13-20;1-11;-;-;-;-;9-17;-;-;-;-;-;-;-;-;-;-;-;-
;Samuel Rodrigues;BRA;Atlético Mineiro;D/DA (D);31/12/2028;1/2/2025;-;-;-;-;16;D/DA (D);Pé Preferido Desconhecido;Brasil;1,85 m;;16/1/2009;D (D);Abaixo da Média;;Referência;;;2000530316;-;11-19;-;-;2-12;-;-;-;-;8-14;-;-;9-19;-;6-12;-;7-15;-;-;-;-;10-20;-;-;10-18;-;-;-;-;-;-;-;-;-;-;-;-;-;-;-;-
;Samuel Sousa;BRA;RB Bragantino;D/DA (E);31/12/2028;29/12/2025;-;-;-;-;18;D/DA (E);Pé Preferido Desconhecido;Brasil;1,81 m;;20/1/2007;D (E);Média;;Sport Recife;;;2000264527;-;11-17;-;-;7-16;-;-;-;-;8-17;-;-;6-13;-;1-9;-;9-15;-;-;-;-;5-12;-;-;5-13;-;-;-;-;-;-;-;-;-;-;-;-;-;-;-;-
;Samuel Xavier;BRA;Fluminense;D/DA/M (D);31/12/2027;29/12/2025;10-14;11-17;4-8;1-5;35;D/DA/M (D);Pé Direito;Brasil;1,66 m;São Paulo;6/6/1990;D (D);Acima da Média;;Ceará;;;19100038;11-15;13-17;8-14;8-14;10-14;11-15;8-12;9-13;4-8;10-14;6-10;10-16;8-14;9-13;7-11;11-15;13-17;8-14;2-6;9-13;11-17;10-16;12-16;12-16;8-12;14-18;12-18;6-12;9-13;12-16;11-15;10-14;11-15;10-16;1-4;1;1-6;1-5;1-5;1-3;2-6
;Mateo Sanabria;ARG;EC Bahia;MO (DE);31/12/2030;26/8/2025;7-11;8-12;1-3;1-6;21;MO (DE);Pé Direito;Argentina;1,72 m;Buenos Aires;31/3/2004;MO (E);Alta;;Al-Ain FC;;;2000044144;13-17;5-9;6-10;7-11;4-10;2-8;7-11;5-9;8-12;9-15;7-11;15-19;8-12;8-14;4-10;9-13;10-14;6-10;5-11;12-16;15-19;11-15;10-14;9-13;6-10;6-10;12-16;1-5;12-18;6-12;8-12;7-13;9-15;12-16;1-3;1-5;3-7;1-6;1;1-6;1-3
;Agustín Sant'Anna;URU;RB Bragantino;D (DE), DA/M (D);31/12/2027;5/2/2025;13-17;11-17;1-5;1-3;28;D (DE), DA/M (D);Pé Direito;Uruguai;1,73 m;Montevideo;27/9/1997;D (D);Acima da Média;;River Plate;;;78079054;10-14;10-14;3-7;10-16;8-14;13-17;13-17;7-11;14-18;9-13;12-16;9-13;11-17;10-16;8-12;11-15;11-15;10-16;2-8;11-15;9-13;11-17;10-14;10-14;11-15;12-16;11-15;6-12;7-13;9-13;9-13;6-12;7-11;9-13;1-4;3-7;1-2;1-5;1-7;1-5;1-5
;Santos;BRA;Athletico-PR;GR;31/12/2026;13/1/2024;9-15;8-12;12-18;14-18;35;GR;Somente Pé Direito;Brasil;1,88 m;Paraíba;17/3/1990;GR;Acima da Média;Fortaleza;Flamengo;;;19148968;4-8;1-7;1-4;8-12;3-7;2-6;1;4-10;5-11;10-14;1-5;1-3;1-4;4-8;11-15;9-13;10-16;12-16;13-17;7-13;11-15;10-14;9-13;9-15;9-15;11-17;6-10;11-15;12-16;14-18;7-11;10-14;11-15;10-14;9-13;9-15;11-15;11-15;11-15;11-15;11-17
;Saúl;ESP;Flamengo;MD, M (C);31/12/2028;23/7/2025;11-17;9-13;1-3;1-4;31;MD, M (C);Pé Esquerdo;Espanha;1,84 m;Comunidad Valenciana;21/11/1994;M (C);Acima da Média;;Atlético Madrid;;;67103336;13-17;11-15;8-14;11-15;11-15;5-9;12-16;9-13;11-17;12-16;11-17;8-14;10-14;11-15;10-14;14-18;9-13;13-17;9-13;10-16;9-15;11-15;14-18;9-13;12-18;10-14;10-16;11-15;13-17;13-17;12-16;12-16;12-16;9-15;3-7;1-7;1-3;1-5;1-4;1-3;1-2
;Jefferson Savarino;VEN;Fluminense;M (D), MO (DC);31/12/2029;29/12/2025;9-15;10-14;1;1-5;29;M (D), MO (DC);Pé Direito;Venezuela;1,68 m;;11/11/1996;MO (D);Média;;Botafogo;E.U.A.;A;86039716;15-19;1-3;6-12;11-15;1-4;1-5;12-16;1-5;9-15;12-16;11-17;11-17;11-15;10-14;4-8;12-16;11-15;11-15;2-6;10-16;11-17;14-18;12-16;10-14;5-11;9-13;9-15;3-7;13-17;10-14;13-17;10-14;12-16;10-16;3-7;1-7;1-5;1-3;1-5;1-4;1-2
;Kike Saverio;ECU;Vitória;MO (E), PL (C);30/6/2026;16/9/2025;13-17;5-11;1-3;1-5;26;MO (E), PL (C);Pé Direito;Itália;1,78 m;Liguria;19/6/1999;MO (E);Acima da Média;;Aris Salonica;Espanha;;67259832;12-16;4-8;8-12;8-14;2-8;3-7;10-14;6-10;9-13;12-16;13-17;9-13;8-14;6-12;5-9;8-12;11-15;10-16;4-10;12-16;10-14;12-18;8-12;8-12;5-9;8-12;8-12;4-10;9-15;10-14;8-12;4-10;8-12;4-8;1-5;1-5;1-2;1-4;1-7;1-3;1-5
;Juan Sayago;ARG;Flamengo;M (C), MO (DC);31/12/2028;29/12/2025;-;-;-;-;18;M (C), MO (DC);Pé Preferido Desconhecido;Argentina;1,83 m;La Pampa;2/8/2007;MO (C);Acima da Média;River Plate;-;;S-20;2000531339;10-18;-;-;6-15;-;-;6-14;-;-;7-13;1-8;-;-;-;-;-;-;-;-;-;-;-;-;11-18;-;-;-;-;12-18;-;-;-;7-13;-;-;-;-;-;-;-;-
;Saymon;BRA;EC Bahia;MD, M (C);31/12/2027;1/1/2024;-;-;-;-;18;MD, M (C);Pé Preferido Desconhecido;Brasil;1,81 m;Bahia;7/3/2007;M (C);Abaixo da Média;;-;;;2000442660;-;7-13;-;6-13;-;-;8-14;-;-;6-15;-;-;-;-;1-7;-;-;-;-;-;-;-;9-15;4-10;-;-;-;-;3-12;-;-;-;-;-;-;-;-;-;-;-;-
;Kevin Serna;COL;Fluminense;MO (DE);31/12/2028;29/12/2025;12-16;8-12;1-4;1-3;28;MO (DE);Somente Pé Direito;Colômbia;1,81 m;Pacífica;17/12/1997;MO (E);Acima da Média;;Alianza;Perú;;83278923;11-15;6-10;13-17;10-14;7-13;3-9;11-15;8-12;5-9;9-15;11-15;14-18;8-12;11-17;10-16;11-15;13-17;8-12;11-17;11-15;14-18;10-14;11-15;10-14;8-12;10-14;13-17;3-7;12-18;5-11;11-15;10-16;9-15;13-17;1-5;1-5;3-7;1-7;1-2;1-3;2-6
;Shaylon;BRA;Mirassol;M (C), MO (DEC);31/12/2026;22/8/2025;8-12;6-10;1-5;1-5;28;M (C), MO (DEC);Pé Esquerdo;Brasil;1,78 m;Santa Catarina;28/4/1997;MO (C);Abaixo da Média;;Atlético Goianiense;;;19245683;11-15;5-9;13-17;9-13;5-11;3-9;11-15;6-10;12-16;9-15;10-14;12-16;8-12;11-17;5-11;10-14;10-14;8-12;7-13;10-14;13-17;9-13;8-12;11-15;5-9;9-13;13-17;1-5;11-17;9-15;9-13;7-13;9-15;13-17;1-5;1-3;2-6;1-5;1-2;1-5;1-4
;Sidney;BRA;EC Bahia;MD, M (C);31/12/2028;15/9/2025;-;-;-;-;19;MD, M (C);Pé Preferido Desconhecido;Brasil;1,68 m;Bahia;21/7/2006;M (C);Média;;-;;;2000264550;-;6-14;-;11-20;-;-;6-12;-;-;10-16;-;-;-;-;6-12;-;-;-;-;-;-;-;8-14;8-16;-;-;-;-;4-13;-;-;-;-;-;-;-;-;-;-;-;-
;Luis Sinisterra;COL;Cruzeiro;M/MO (DE);30/6/2028;9/2/2024;9-13;10-14;1-3;1-7;26;M/MO (DE);Pé Direito;Colômbia;1,72 m;Andina;17/6/1999;MO (E);Muito Alta;Bournemouth;Leeds;;A;76047347;10-16;2-6;4-8;11-15;1-5;1-6;8-14;9-13;11-15;12-18;11-15;14-18;13-17;7-11;7-13;8-14;14-18;17-20;6-10;12-16;14-18;16-20;9-15;8-12;3-7;10-14;11-15;5-9;13-17;12-18;8-14;6-10;10-16;11-15;1-5;1-3;1-3;1-3;1-5;1-5;1-4
Prt;Cédric Soares;POR;São Paulo;D/DA (DE);5/2/2027;1/2/2025;10-16;12-16;1-6;4-8;34;D/DA (DE);Pé Direito;Alemanha;1,71 m;Baden-Württemberg;31/8/1991;D (D);Acima da Média;;Arsenal;Alemanha;;55012984;9-13;12-18;9-13;10-14;10-14;12-16;5-9;6-12;8-14;12-16;3-9;9-13;9-13;9-13;9-13;7-11;9-15;11-15;6-10;11-17;10-14;9-13;10-14;9-15;10-16;12-18;9-13;8-12;10-14;14-18;8-12;11-15;13-17;12-16;1-3;1-5;2-6;1-3;1-4;2-6;1-7
;Sorriso;BRA;Athletico-PR;MO (DE), PL (C);31/12/2028;29/12/2025;-;-;-;-;19;MO (DE), PL (C);Pé Preferido Desconhecido;Brasil;1,76 m;;15/4/2006;MO (E);Alta;;Paraná;;;2000218077;-;-;-;9-18;-;-;-;-;-;10-16;10-17;6-13;6-15;-;-;-;9-17;-;-;-;6-13;11-20;-;-;-;-;-;-;-;-;-;-;-;-;-;-;-;-;-;-;-
;Ignacio Sosa;URU;RB Bragantino;MD, M (DC);31/12/2030;29/12/2025;10-14;11-15;1-4;1-7;22;MD, M (DC);Pé Direito;Uruguai;1,75 m;Montevideo;31/8/2003;MD, M (C);Alta;;Peñarol;;;2000088563;9-15;8-12;4-8;13-17;6-10;2-8;6-12;6-10;9-13;12-18;10-14;10-14;13-17;7-11;7-13;8-14;9-13;12-16;4-8;9-13;11-15;13-17;9-15;10-14;7-11;12-16;10-14;12-16;9-13;6-12;9-15;5-9;9-15;11-15;1-3;1-5;1-5;1-4;3-7;1-7;1-3
;Ramón Sosa;PAR;Palmeiras;MO (DE);30/6/2030;14/7/2025;9-13;7-11;1-4;1-2;26;MO (DE);Pé Direito;Paraguai;1,79 m;Northern Paraguay;31/8/1999;MO (E);Acima da Média;;Nottingham Forest;Argentina;A;2000017278;11-17;5-11;10-14;11-15;7-11;1-4;8-14;5-11;9-13;9-13;8-12;12-16;9-13;12-16;5-9;12-18;11-17;11-15;10-14;9-13;13-17;14-18;11-17;9-15;7-11;7-13;13-17;3-7;13-17;9-13;9-15;11-15;8-12;9-13;1-6;1-5;1-5;1-5;1-3;1;1-4
D;Yeferson Soteldo;VEN;Fluminense;MO (E), PL (C);31/12/2028;9/6/2025;6-10;8-14;2-6;1-4;28;MO (E), PL (C);Pé Direito;Venezuela;1,60 m;;30/6/1997;MO (E);Média;;Santos;;A;86040729;13-17;3-7;11-17;8-14;1-5;1-3;8-12;5-9;7-11;13-17;6-10;13-19;8-14;6-10;7-11;10-14;13-17;6-12;1-4;7-11;14-20;12-18;8-12;13-17;4-8;11-15;11-17;1-7;13-17;9-13;11-15;8-12;9-13;11-17;1-4;1-2;1-7;1-3;1-3;1-4;1-5
;Claudio Spinelli;ARG;Vasco da Gama;PL (C);31/12/2028;29/12/2025;15;15;3;3;28;PL (C);Pé Direito;Argentina;1,80 m;Buenos Aires;21/1/1997;PL (C);Média;;Independiente del Valle;Itália;;14150244;12;7;12;11;8;6;11;15;9;11;14;11;10;9;14;13;12;13;14;15;13;14;15;12;15;16;15;8;10;14;10;13;10;12;2;3;1;2;3;3;3
;Panagiotis Tachtsidis;GRE;Remo;MD, M/MO (C);31/12/2026;1/9/2025;11-17;10-14;1-3;1-4;34;MD, M/MO (C);Pé Esquerdo;Grécia;1,93 m;Peloponnese;15/2/1991;M (C);Média;;CFR Cluj;;;36018958;14-18;7-11;9-15;13-17;8-12;4-8;13-17;10-14;10-16;11-15;11-17;7-13;9-13;9-13;13-17;10-14;7-11;10-14;12-16;10-16;5-11;6-10;12-16;10-14;9-15;8-12;7-13;10-14;9-13;11-15;11-15;9-13;11-15;9-15;2-6;1-5;1-3;1-5;1-3;1-5;1-3
;Tenshiro Takasaki;JPN;Grêmio;M (C);30/6/2027;1/7/2025;-;-;-;-;19;M (C);Pé Preferido Desconhecido;Japão;1,72 m;Osaka-fu;13/2/2006;M (C);Alta;FC Machida;Grêmio;;;2000283688;-;8-15;-;4-13;-;-;4-12;-;-;9-15;-;-;-;-;3-9;-;-;-;-;-;-;-;6-14;13-20;-;-;-;-;6-12;-;-;-;-;-;-;-;-;-;-;-;-
;Gonzalo Tapia;CHI;São Paulo;MO (DE), PL (C);31/12/2029;29/12/2025;14-18;8-14;1-5;1-3;23;MO (DE), PL (C);Pé Direito;Chile;1,78 m;Metropolitana de Santiago;18/2/2002;PL (C);Muito Alta;;River Plate;;A;75054809;11-15;6-10;5-9;10-16;1-6;2-6;8-12;11-15;6-10;10-14;13-17;10-14;11-17;2-8;12-16;14-18;11-15;13-19;9-15;14-18;8-12;11-17;13-17;11-15;5-9;13-17;10-14;9-15;9-15;14-18;6-10;9-15;7-11;9-13;1-5;2-6;1;1-4;1-5;1-5;1-5
;Diego Tarzia;ARG;Vitória;D/DA/M/MO (E);31/12/2027;1/7/2025;10-14;8-12;1-5;1-5;22;D/DA/M/MO (E);Pé Esquerdo;Argentina;1,74 m;;26/4/2003;M (E);Média;Independiente;Vitória;;;2000208899;10-14;11-15;7-11;10-14;7-13;11-17;12-16;7-11;5-9;7-13;11-15;13-17;7-11;9-15;9-15;12-16;11-15;11-15;4-10;4-8;12-16;7-11;13-17;10-14;8-12;13-17;12-16;7-11;13-19;13-19;10-14;11-17;8-14;13-17;1-3;1-5;2-6;1-6;1-3;1-3;1-3
;Cristian Tassano;URU;Remo;D (C);31/12/2027;5/8/2025;13-19;14-18;1;1-5;29;D (C);Pé Direito;Uruguai;1,86 m;Montevideo;23/7/1996;D (C);Abaixo da Média;;Feirense;Itália;;78071000;11-15;10-14;3-9;6-10;11-15;8-12;6-10;9-13;3-9;8-12;5-11;6-12;4-8;3-7;11-15;12-16;7-11;13-17;12-16;12-18;7-13;9-13;13-17;7-11;8-14;9-13;7-13;10-14;2-6;14-18;11-15;10-14;6-10;8-14;2-6;1-6;1-4;1-3;1-3;1-5;1-3
;Duplexe Tchamba;CMR;Remo;D (C);31/12/2026;29/12/2025;16-20;11-17;2-6;1-5;27;D (C);Pé Esquerdo;Camarões;1,87 m;Centre (Cameroon);10/7/1998;D (C);Alta;;Casa Pia;;;49045789;9-13;8-12;1-5;10-16;10-16;6-10;4-8;11-15;3-7;9-13;7-11;7-11;3-9;1-6;11-15;11-15;12-16;10-16;11-17;12-16;11-15;12-18;12-16;8-12;13-17;13-17;4-8;10-16;3-9;12-16;6-10;7-13;6-10;11-15;1-5;3-7;1-2;1-5;1-6;1-4;1-4
;Tchê Tchê;BRA;Vasco da Gama;MD, M (C);31/12/2026;3/1/2025;11;12;2;1;33;MD, M (C);Pé Direito;Brasil;1,75 m;São Paulo;30/8/1992;M (C);Média;;Botafogo;;;19250321;13;12;12;13;12;10;12;7;10;13;10;13;12;11;7;14;14;13;7;15;15;14;13;13;11;12;12;9;13;12;12;12;12;12;2;2;2;3;1;1;2
;Carlos Terán;COL;Athletico-PR;D (DC);31/12/2026;21/8/2025;9-13;8-14;1-5;1-3;25;D (DC);Somente Pé Direito;Colômbia;1,88 m;Pacífica;24/9/2000;D (C);Alta;;Chicago;E.U.A.;;76062372;8-12;14-18;5-11;6-12;11-15;16-20;5-9;13-17;1-4;8-12;3-7;6-12;4-10;2-6;14-18;10-14;15-19;12-18;13-17;8-12;10-16;10-16;13-17;8-12;8-12;11-15;8-14;6-12;3-7;8-12;8-12;8-12;7-11;11-17;1-3;1-3;1-6;1-5;1-3;1-5;2-6
Les;David Terans;URU;Fluminense;MO (EC), PL (C);31/12/2026;24/1/2024;6-12;5-9;1;1-4;31;MO (EC), PL (C);Pé Esquerdo;Uruguai;1,71 m;Montevideo;11/8/1994;MO (C);Alta;;Pachuca;;;78064511;14-18;7-11;11-17;12-16;9-13;7-11;14-18;6-10;13-19;12-16;10-16;10-16;12-16;13-17;4-8;12-16;8-12;11-15;4-8;11-17;9-15;12-16;9-13;9-13;7-13;7-11;10-16;7-11;13-17;8-12;11-15;7-11;10-14;8-14;3-7;1-7;1-3;1-5;1-4;2-6;1-2
;Miguel Terceros;BOL;Santos;MO (DC);24/4/2027;20/7/2022;7-11;11-15;1-5;1-6;21;MO (DC);Pé Esquerdo;Bolívia;1,77 m;;24/4/2004;MO (C);Abaixo da Média;;-;;A;2000088460;9-15;5-9;10-14;13-17;4-8;6-12;8-14;5-9;9-13;10-16;11-15;11-15;11-15;7-11;7-13;8-14;10-14;12-16;3-7;10-14;13-17;13-17;4-10;12-16;6-10;9-13;10-14;8-12;10-14;10-16;8-14;6-10;9-15;10-14;1-3;1-5;1-5;1;3-7;1-7;1-5
;Tete;BRA;São Paulo;MO (DE);30/9/2029;1/10/2025;-;-;-;-;18;MO (DE);Pé Preferido Desconhecido;Brasil;1,80 m;São Paulo;14/4/2007;MO (E);Média;;-;;;2000378992;-;-;-;10-16;-;-;-;-;-;14-20;6-15;9-15;7-13;-;-;-;9-18;-;-;-;10-16;8-14;-;-;-;-;-;-;-;-;-;-;-;-;-;-;-;-;-;-;-
;Tetê;BRA;Grêmio;MO (DC);31/12/2029;29/12/2025;8-12;5-11;1-5;1-5;25;MO (DC);Somente Pé Esquerdo;Brasil;1,75 m;Rio Grande do Sul;15/2/2000;MO (D);Acima da Média;;Panathinaikos;;;19348859;15-19;5-9;9-13;12-18;1-7;4-8;9-13;6-10;12-16;15-19;12-16;12-16;10-16;8-14;10-14;11-15;10-14;11-17;4-10;13-17;11-15;12-18;9-13;11-15;7-11;10-14;10-14;6-12;11-17;7-11;9-13;7-13;8-12;8-12;1-3;1-5;1;1-3;1-5;2-6;1-4
;Thaciano;BRA;Santos;MO (C), PL (C);31/12/2028;10/1/2025;10-16;11-15;1-7;3-7;30;MO (C), PL (C);Pé Direito;Brasil;1,82 m;Paraíba;12/5/1995;MO (C);Média;;EC Bahia;;;19246772;8-12;10-16;10-14;10-14;9-13;10-14;8-12;12-18;6-12;12-16;10-16;10-14;9-13;7-11;12-16;9-13;11-17;12-16;9-13;9-15;11-15;10-14;10-14;9-15;9-15;12-18;12-16;9-13;11-15;14-18;7-11;9-13;12-16;10-14;1;1-5;1-5;1-3;1-4;3-7;1-7
;Thalisson Gabriel;BRA;Remo;D (C);31/12/2027;13/8/2024;9-13;11-15;1-5;1-5;23;D (C);Pé Direito;Brasil;1,90 m;São Paulo;20/1/2002;D (C);Acima da Média;Coritiba;Grêmio;;;2000091738;5-11;9-13;4-8;10-14;7-11;1-7;1-6;8-12;2-6;7-13;2-6;1-5;3-7;2-6;12-18;8-14;8-12;13-17;11-15;8-12;8-12;10-14;6-12;6-10;13-17;6-10;6-10;14-18;1-5;9-15;11-17;8-12;7-13;8-12;1-5;1-5;1-5;1-3;2-6;1-6;1-4
For;Thiago;BRA;Palmeiras;D/DA (E);31/12/2026;23/8/2024;-;-;-;-;16;D/DA (E);Pé Preferido Desconhecido;Brasil;1,73 m;São Paulo;24/4/2009;D (E);Abaixo da Média;;-;Itália;;2000485023;-;10-16;-;-;6-16;-;-;-;-;1-10;-;-;2-10;-;1-8;-;7-13;-;-;-;-;1-8;-;-;1-8;-;-;-;-;-;-;-;-;-;-;-;-;-;-;-;-
;Thiago Azaf;BRA;Coritiba;PL (C);31/12/2027;13/9/2024;-;-;-;-;18;PL (C);Pé Preferido Desconhecido;Brasil;1,85 m;Paraná;14/1/2007;PL (C);Abaixo da Média;;-;;;2000321128;-;-;-;5-11;-;-;-;9-18;-;11-18;5-14;-;-;-;11-18;-;8-17;-;7-15;-;-;6-12;-;-;-;-;-;-;-;-;-;-;-;-;-;-;-;-;-;-;-
;Thiago Beltrame;BRA;Grêmio;GR;31/12/2027;10/6/2024;10-14;7-11;4-8;2-8;22;GR;Pé Direito;Brasil;2,01 m;Rio Grande do Sul;2/7/2003;GR;Média;;-;Itália;;2000064048;1-5;-;-;-;-;-;-;-;-;1-4;-;-;-;-;7-13;1-5;8-12;6-10;16-20;7-11;14-18;8-12;6-10;-;11-15;7-11;2-6;7-11;-;1-6;11-15;9-15;5-11;10-14;7-11;12-16;9-13;8-14;10-14;5-11;13-17
;Thiago Couto;BRA;Vitória;GR;31/12/2027;1/7/2025;8-12;1-7;6-10;9-13;26;GR;Pé Direito;Brasil;1,88 m;São Paulo;26/3/1999;GR;Muito Alta;;Sport Recife;;;19290878;5-9;1-5;1-7;7-13;1-4;1-4;1-4;1-5;2-6;1-5;1-2;1-7;1-4;1-4;11-15;3-7;14-18;10-16;12-16;6-10;10-16;10-16;7-11;9-13;10-14;10-14;1-6;1-7;1-4;13-17;7-11;7-11;6-10;11-17;8-12;10-14;12-18;8-12;10-16;8-12;10-14
;Thiago Maia;BRA;SC Internacional;MD, M (C);31/12/2026;24/7/2024;12-16;10-16;1-5;1-3;28;MD, M (C);Pé Esquerdo;Brasil;1,79 m;Roraima;23/3/1997;MD;Média;;Flamengo;;;19219732;11-15;14-18;6-12;9-15;12-16;10-14;7-11;13-17;4-8;12-16;6-10;11-17;7-13;6-10;11-15;13-17;12-16;9-15;8-12;8-12;11-17;8-14;12-16;12-16;9-13;13-17;11-17;8-14;6-10;10-14;11-15;11-15;10-14;11-17;1-4;1-2;1-7;2-6;1-4;1-4;2-6
;Thiago Mendes;BRA;Vasco da Gama;MD, M (C);31/12/2027;1/7/2025;13;13;1;3;33;MD, M (C);Pé Direito;Brasil;1,76 m;Maranhão;15/3/1992;MD;Acima da Média;;Al-Rayyan;;;19175014;14;14;10;14;13;8;11;12;12;13;6;10;11;11;12;12;8;13;8;14;12;11;12;14;14;16;9;14;10;12;13;12;14;15;2;3;1;1;1;1;2
;Thiago Pimenta;BRA;Palmeiras;D (C);30/6/2027;12/7/2024;-;-;-;-;19;D (C);Pé Preferido Desconhecido;Brasil;1,92 m;Distrito Federal;2/10/2006;D (C);Abaixo da Média;;SKA Brasil;;;2000521532;-;9-15;-;-;12-20;-;-;8-14;-;1-10;-;-;-;-;1-10;-;-;-;14-20;-;-;-;-;-;10-18;-;-;-;-;1-7;-;-;-;-;-;-;-;-;-;-;-
;Thiago Santos;BRA;Coritiba;D (C), MD, M (C);31/12/2026;29/12/2025;11-17;13-17;1-7;1-5;36;D (C), MD, M (C);Pé Direito;Brasil;1,81 m;Paraná;5/9/1989;MD;Abaixo da Média;;Fluminense;;;19249773;7-11;11-17;6-10;9-13;11-15;12-16;4-8;11-17;3-9;11-15;4-10;7-11;6-10;4-8;15-19;10-14;9-15;10-14;10-14;10-16;8-12;8-12;12-16;9-15;10-16;14-20;9-13;7-11;9-13;14-18;9-13;11-15;12-16;11-15;1-2;1-5;1-5;1-5;2-6;1-5;1-7
;Thierry Henry;BRA;São Paulo;PL (C);30/9/2026;30/12/2024;-;-;-;-;18;PL (C);Pé Preferido Desconhecido;Brasil;1,92 m;São Paulo;6/8/2007;PL (C);Média;;-;;;2000304729;-;-;-;1-8;-;-;-;11-17;-;7-16;11-19;-;-;-;1-10;-;4-10;-;13-20;-;-;3-10;-;-;-;-;-;-;-;-;-;-;-;-;-;-;-;-;-;-;-
;Thomazella;BRA;Mirassol;GR;31/12/2026;10/12/2025;14-18;7-11;8-14;5-9;35;GR;Somente Pé Direito;Brasil;1,91 m;São Paulo;15/8/1990;GR;Média;;Portuguesa;Itália;;19108263;4-10;-;-;-;-;-;-;-;-;2-6;-;-;-;-;7-11;9-15;4-10;11-15;13-17;8-12;11-15;6-10;7-13;-;10-14;6-12;1-3;5-9;-;2-6;10-16;9-13;5-9;9-13;9-15;11-15;6-10;12-16;11-15;5-9;6-12
;Tiago;BRA;Grêmio;M/MO (C);31/12/2028;10/2/2024;-;-;-;-;17;M/MO (C);Pé Preferido Desconhecido;Brasil;1,76 m;Santa Catarina;2/2/2008;M (C);Alta;;-;;;2000440048;12-20;-;-;11-17;-;-;9-17;-;-;8-16;6-16;-;-;-;-;-;-;-;-;-;-;-;-;5-13;-;-;-;-;9-15;-;-;-;6-14;-;-;-;-;-;-;-;-
;Tiago Cóser;BRA;Coritiba;D (C);31/12/2027;29/12/2025;13-17;11-17;1-3;1-3;21;D (C);Pé Direito;Brasil;1,87 m;Santa Catarina;16/1/2004;D (C);Média;;Benfica;Itália;;2000020945;8-12;10-14;2-6;9-15;10-16;5-9;4-8;11-15;5-9;7-11;7-11;5-9;6-12;2-8;10-14;10-14;11-15;14-20;9-15;12-16;8-12;11-17;11-15;8-12;11-15;12-16;2-6;6-12;8-14;8-12;9-13;7-13;9-13;5-9;1-3;2-6;1;1-6;1-7;1-4;1-5
;Tiago Volpi;BRA;RB Bragantino;GR;31/12/2026;29/12/2025;14-18;5-11;8-12;9-13;35;GR;Pé Direito;Brasil;1,89 m;Santa Catarina;19/12/1990;GR;Baixo;;Grêmio;;;19054347;3-7;4-8;10-14;7-13;1-3;1-5;1-3;1-3;6-10;4-8;3-7;1-3;1-5;1-7;12-16;9-13;10-14;10-16;10-16;14-18;8-12;10-16;11-15;8-12;12-16;11-15;2-6;13-19;4-10;11-15;10-14;6-12;11-15;10-14;12-16;13-17;7-11;9-15;12-18;11-15;11-15
;Tinga;BRA;Coritiba;D (DC), DA (D);31/12/2027;29/12/2025;12-16;12-16;1-4;1-5;32;D (DC), DA (D);Pé Direito;Brasil;1,79 m;Rio Grande do Sul;1/8/1993;D (D);Abaixo da Média;;Fortaleza;;;19180528;7-13;10-14;10-14;11-15;7-11;6-12;6-12;8-12;3-7;11-17;8-12;10-14;13-17;2-6;12-18;10-16;12-16;15-19;6-10;9-13;12-16;14-18;8-14;9-13;10-14;10-14;11-15;12-16;3-7;11-17;7-13;7-11;8-14;9-13;1-5;1-4;1-3;1-3;3-7;1-6;1-4
;Tiquinho Soares;BRA;Mirassol;PL (C);31/12/2027;17/1/2025;12-16;14-18;1-5;2-8;34;PL (C);Pé Direito;Brasil;1,87 m;Paraíba;17/1/1991;PL (C);Alta;Santos;Botafogo;Portugal;;19090895;8-14;6-10;12-16;11-15;3-7;4-10;8-14;12-16;3-7;11-17;12-16;10-14;8-12;3-7;11-17;8-14;9-13;13-17;12-16;10-14;9-13;11-15;11-17;9-13;5-9;11-15;12-16;12-16;7-11;10-16;9-15;9-13;11-17;11-15;1-4;1-5;1-3;1;3-7;1-7;1-5
;Félix Torres;ECU;SC Internacional;D (C);31/12/2027;14/1/2024;10-16;11-15;1-5;3-7;28;D (C);Pé Direito;Equador;1,87 m;Esmeraldas;11/1/1997;D (C);Abaixo da Média;Corinthians;Santos Laguna;;A;86057914;4-8;12-18;7-11;10-14;12-16;13-17;4-8;13-19;1-7;9-13;2-8;3-7;2-6;3-7;18-20;11-15;11-17;11-15;13-17;11-17;12-16;10-14;6-10;5-11;7-13;10-16;10-14;7-11;8-12;12-16;7-11;9-13;9-13;12-16;1;1-4;2-6;1-5;1-4;2-6;1-7
;Marcelo Torrez;BOL;Santos;D (DC);30/6/2027;13/7/2024;-;-;-;-;19;D (DC);Pé Preferido Desconhecido;Bolívia;1,92 m;;8/7/2006;D (C);Acima da Média;;-;;A;2000380524;-;5-14;-;-;10-17;-;-;6-15;-;1-8;-;-;-;-;1-8;-;-;-;16-20;-;-;-;-;-;6-12;-;-;-;-;1-5;-;-;-;-;-;-;-;-;-;-;-
;Vagno;BRA;Fluminense;D/DA (E);31/12/2028;8/10/2025;-;-;-;-;18;D/DA (E);Pé Preferido Desconhecido;Brasil;1,76 m;Mato Grosso;26/9/2007;D (E);Acima da Média;;-;;;2000379899;-;5-13;-;-;2-11;-;-;-;-;9-15;-;-;8-17;-;6-12;-;7-15;-;-;-;-;11-20;-;-;12-19;-;-;-;-;-;-;-;-;-;-;-;-;-;-;-;-
;Vanderlan;BRA;RB Bragantino;D/DA (E);31/7/2030;13/8/2025;7-11;7-13;3-7;1-3;23;D/DA (E);Somente Pé Esquerdo;Brasil;1,83 m;Bahia;7/9/2002;D (E);Acima da Média;;Palmeiras;;;19398966;10-14;12-16;9-15;8-14;9-13;6-10;8-12;10-14;4-8;10-14;4-8;11-17;8-14;8-12;9-13;10-14;15-19;9-15;10-14;7-11;11-17;9-15;11-15;12-16;8-12;14-18;11-17;3-9;9-13;11-15;9-13;9-13;9-13;9-15;1-4;1;2-8;1-5;1-3;1-3;3-7
;Guillermo Varela;URU;Flamengo;D/DA (D);31/12/2027;25/8/2025;13-17;11-15;1-4;1;32;D/DA (D);Pé Direito;Uruguai;1,74 m;Montevideo;24/3/1993;D (D);Média;;Dinamo Moscovo;Itália;;78044524;11-17;9-15;6-10;10-14;13-17;9-13;5-11;4-10;6-10;9-13;5-9;10-14;10-14;12-16;5-9;13-19;9-15;10-14;8-12;11-15;12-16;11-15;14-20;6-12;13-17;12-18;9-13;5-9;11-15;8-12;8-14;13-17;10-14;12-16;1-6;1-3;1-4;2-6;1-3;1;1-5
;Alexis Vargas;PAR;Atlético Mineiro;D/MO (E);31/1/2028;1/7/2024;-;-;-;-;19;D/MO (E);Pé Preferido Desconhecido;Paraguai;1,83 m;Northern Paraguay;2/10/2006;MO (E);Acima da Média;2 de Mayo (PJC);-;;;2000410805;-;-;-;10-16;-;-;-;-;-;8-16;8-17;6-15;6-12;-;-;-;7-14;-;-;-;4-13;11-17;-;-;-;-;-;-;-;-;-;-;-;-;-;-;-;-;-;-;-
;Victor;BRA;EC Bahia;GR;31/12/2027;1/9/2024;-;-;9-15;5-14;19;GR;Pé Preferido Desconhecido;Brasil;1,89 m;;3/5/2006;GR;Alta;;-;;;2000272485;-;-;-;-;-;-;-;-;-;-;-;-;-;-;-;-;-;-;-;-;-;-;-;-;-;-;-;-;-;-;-;-;-;-;13-19;10-18;6-13;-;7-14;-;8-14
;Victor Alemão;BRA;Vasco da Gama;GR;30/4/2027;17/5/2024;6;15;11;8;18;GR;Pé Direito;Brasil;1,83 m;;21/2/2007;GR;Acima da Média;;-;;;2000380228;2;3;3;12;1;3;1;1;6;1;2;1;3;3;6;8;9;10;9;5;9;9;4;4;11;5;1;9;2;10;12;8;5;8;13;12;8;9;12;6;5
D;Victor Caetano;BRA;Chapecoense;D (C), MD;15/12/2027;8/9/2025;12-16;9-13;1-5;1-5;28;D (C), MD;Pé Direito;Brasil;1,86 m;Minas Gerais;19/10/1997;D (C);Abaixo da Média;;Paraná;;;19384502;8-12;9-13;5-9;5-9;9-15;3-9;7-11;9-13;3-7;5-11;4-8;6-10;1-5;1-7;10-16;10-14;7-11;8-12;10-16;9-13;10-14;5-9;9-13;6-10;9-13;10-14;6-10;7-11;3-9;9-15;8-12;8-14;6-12;10-14;1-5;1-4;3-7;1-5;1;1-4;1-5
;Victor Gabriel;BRA;Palmeiras;MO (E), PL (C);31/12/2028;14/4/2025;-;-;-;-;19;MO (E), PL (C);Pé Preferido Desconhecido;Brasil;1,86 m;Minas Gerais;22/11/2006;MO (E);Abaixo da Média;Novorizontino;São-Carlense;;;2000393847;-;-;-;6-13;-;-;-;-;-;6-15;9-17;13-20;5-12;-;-;-;7-13;-;-;-;12-19;3-10;-;-;-;-;-;-;-;-;-;-;-;-;-;-;-;-;-;-;-
;Victor Gabriel;BRA;SC Internacional;D (EC), DA (E);31/12/2029;29/12/2025;10-14;8-12;1-4;1;21;D (EC), DA (E);Pé Esquerdo;Brasil;1,85 m;Maranhão;28/4/2004;D (C);Acima da Média;;Sport Recife;;;2000085002;10-16;8-14;5-9;9-13;12-16;5-9;5-11;8-14;3-7;7-11;5-9;8-12;8-12;7-11;8-12;11-17;9-15;11-15;12-16;9-13;9-13;11-15;8-14;5-11;11-15;8-14;8-12;10-14;10-14;8-12;10-16;11-15;7-11;12-16;1-7;1-3;1-5;3-7;1-4;1;1-3
;Victor Hugo;BRA;Atlético Mineiro;M/MO (C);31/12/2030;29/12/2025;11-15;6-10;1-3;1;21;M/MO (C);Pé Esquerdo;Brasil;1,82 m;Rio de Janeiro;11/5/2004;MO (C);Média;;Flamengo;;;2000050657;13-19;4-10;8-12;12-16;6-10;1-3;9-15;6-12;10-14;11-15;10-14;12-16;10-14;10-14;9-13;11-17;9-15;10-14;12-16;11-15;11-15;11-15;10-16;11-17;7-11;9-15;11-15;6-10;15-19;9-13;9-15;11-15;8-12;10-14;1-5;1-5;1-3;2-6;1-4;1;1-6
;Victor Hugo;BRA;EC Bahia;M (DC);31/12/2027;1/1/2025;-;-;-;-;18;M (DC);Pé Preferido Desconhecido;Brasil;1,73 m;;14/2/2007;M (C);Abaixo da Média;;-;;;2000501181;-;9-15;-;14-20;-;-;2-11;-;-;12-20;-;-;-;-;3-12;-;-;-;-;-;-;-;5-14;4-10;-;-;-;-;1-6;-;-;-;-;-;-;-;-;-;-;-;-
;Victor Hugo;BRA;Flamengo;PL (C);31/12/2028;29/12/2025;-;-;-;-;17;PL (C);Pé Preferido Desconhecido;Brasil;1,83 m;;10/4/2008;PL (C);Alta;;-;;;2000525849;-;-;-;1-8;-;-;-;13-20;-;4-10;5-13;-;-;-;1-7;-;8-16;-;7-13;-;-;4-14;-;-;-;-;-;-;-;-;-;-;-;-;-;-;-;-;-;-;-
;Victor Jesus;BRA;SC Internacional;D/DA (D);31/12/2027;29/12/2025;-;-;-;-;19;D/DA (D);Pé Preferido Desconhecido;Brasil;1,73 m;Goiás;28/1/2006;D (D);Abaixo da Média;;Cruzeiro;;;2000403384;-;2-9;-;-;4-10;-;-;-;-;6-14;-;-;8-14;-;3-11;-;5-12;-;-;-;-;9-15;-;-;8-17;-;-;-;-;-;-;-;-;-;-;-;-;-;-;-;-
;Victor Luís;BRA;Mirassol;D/DA (E);10/12/2026;29/12/2025;14-16;13;1-2;1-2;32;D/DA (E);Pé Esquerdo;Brasil;1,79 m;São Paulo;23/6/1993;D (E);Média;;Vasco da Gama;Lituânia;;55060173;13;12;12-14;13;12;9-11;12-14;7;12-14;13;11-13;13;12;10-13;13;12;12;14-17;10;13-15;11-13;13;13;11-13;13;13;11-13;10-13;11-14;15;10-12;9-12;11;13;2-4;1-3;1;2-5;1-4;2-4;1-3
;Victor Noé;BRA;São Paulo;MD, M (C);31/1/2027;29/12/2025;-;-;-;-;17;MD, M (C);Pé Preferido Desconhecido;Brasil;1,90 m;;15/1/2008;MD;Média;;Jabaquara;;;2000533853;-;9-15;-;5-13;-;-;5-11;-;-;5-15;-;-;-;-;1-8;-;-;-;-;-;-;-;3-9;4-10;-;-;-;-;3-13;-;-;-;-;-;-;-;-;-;-;-;-
;Viery;BRA;Grêmio;D (EC);31/12/2029;29/12/2025;12-17;9-16;1-6;1-4;20;D (EC);Somente Pé Esquerdo;Brasil;1,87 m;Minas Gerais;2/1/2005;D (C);Abaixo da Média;;-;;;2000255823;9-14;10-16;1-5;10-17;8-15;6-11;5-10;10-16;9-14;8-13;9-14;4-9;7-14;2-9;9-14;10-15;11-17;11-18;7-14;10-15;8-13;12-19;11-16;7-13;13-18;11-17;6-11;8-15;4-11;11-16;9-14;7-14;8-13;8-13;1-4;4-9;1-3;1-3;1-6;1-6;1-4
;Rodrigo Villagra;ARG;SC Internacional;MD, M (C);31/12/2028;6/3/2025;12-16;6-10;1-5;1-6;24;MD, M (C);Pé Direito;Argentina;1,78 m;Córdoba;14/2/2001;MD;Abaixo da Média;CSKA Moscovo;River Plate;;;14223258;11-15;11-15;9-13;10-14;11-17;1-6;6-10;7-11;6-10;9-15;6-10;13-17;5-9;6-12;6-12;11-15;11-15;8-12;6-12;11-15;12-16;7-11;11-15;11-15;12-16;12-16;10-14;4-8;7-13;7-13;11-15;10-16;7-13;16-20;1-3;1-3;1-5;1-6;1-3;1-4;1-5
;Lucas Villalba;ARG;Cruzeiro;D (EC);31/12/2026;1/1/2025;12-16;14-18;1-3;1-3;31;D (EC);Somente Pé Esquerdo;Argentina;1,77 m;Buenos Aires;19/8/1994;D (C);Média;;Argentinos Jrs.;;;14063401;9-15;9-15;10-14;11-15;14-18;8-12;10-16;9-15;9-13;8-12;6-10;10-14;11-15;12-16;9-13;12-18;9-15;12-16;11-15;11-15;11-15;12-16;13-19;7-13;12-16;12-18;10-14;6-10;2-6;10-14;10-16;13-17;8-12;11-15;1-7;1-4;1-3;2-6;1-5;1-3;1-6
;Lucas Villalba;URU;Botafogo;M/MO (D), PL (C);31/12/2029;29/12/2025;5-11;7-11;1-6;2-6;24;M/MO (D), PL (C);Pé Direito;Uruguai;1,83 m;Montevideo;11/5/2001;MO (D);Alta;;Nacional;Itália;;2000087223;9-13;6-12;4-8;8-12;7-11;11-15;6-10;8-14;7-13;12-16;7-13;11-15;10-14;9-13;8-12;7-11;14-20;6-10;9-13;7-13;12-16;14-18;9-13;7-13;4-10;6-12;10-14;7-11;9-13;12-16;4-8;7-11;9-13;6-10;1;1-3;1-5;1-4;1-5;3-7;1-7
;Néiser Villarreal;COL;Cruzeiro;MO (D), PL (C);31/12/2030;29/12/2025;-;-;-;-;20;MO (D), PL (C);Pé Preferido Desconhecido;Colômbia;1,79 m;Pacífica;24/4/2005;MO (D);Acima da Média;;Millonarios F.C.;;;2000295427;-;-;-;8-14;-;-;-;-;-;12-19;5-14;11-17;6-12;-;-;-;10-19;-;-;-;10-16;8-14;-;-;-;-;-;-;-;-;-;-;-;-;-;-;-;-;-;-;-
Les;Mathías Villasanti;PAR;Grêmio;MD, M (C);31/12/2029;22/5/2025;12-18;12-16;1-2;1-5;28;MD, M (C);Pé Direito;Paraguai;1,78 m;Western Paraguay;24/1/1997;M (C);Abaixo da Média;;Cerro Porteño;;;79029254;14-18;10-14;6-12;11-15;12-16;8-12;12-16;8-12;5-11;11-15;9-15;8-14;8-12;4-8;10-14;15-19;9-13;12-16;8-12;11-17;9-15;11-15;15-19;8-12;11-17;11-15;8-14;12-16;7-11;12-16;14-18;11-15;12-16;10-16;2-6;1-7;1-5;1-5;1-4;1-3;1-2
;Vini Oliveira;BRA;RB Bragantino;MO (EC);31/12/2026;30/12/2024;-;-;-;-;19;MO (EC);Pé Preferido Desconhecido;Brasil;1,83 m;;2/11/2006;MO (C);Abaixo da Média;Ituano;-;;;2000257120;-;-;-;9-17;-;-;-;-;-;6-13;11-17;9-15;4-12;-;-;-;4-13;-;-;-;9-15;9-17;-;-;-;-;-;-;-;-;-;-;-;-;-;-;-;-;-;-;-
;Vini Paulista;BRA;Coritiba;MD, M (C), MO (DEC);31/12/2027;6/1/2024;7-11;6-10;1-5;1-3;24;MD, M (C), MO (DEC);Somente Pé Direito;Brasil;1,79 m;São Paulo;22/3/2001;M (C);Alta;;Juventude;;;19390627;11-17;4-10;5-9;9-13;9-13;2-6;7-13;5-11;8-12;9-13;7-11;11-15;8-12;9-13;5-9;12-18;10-16;11-15;8-12;9-13;13-17;12-16;8-14;6-12;6-10;6-12;13-17;5-9;12-16;1-5;8-14;11-15;8-12;10-14;1-7;1-3;1-4;2-6;1-5;1;1-3
;Vinicinho;BRA;RB Bragantino;MO (DEC);31/3/2029;16/4/2024;8-12;9-13;1-4;1-6;21;MO (DEC);Pé Direito;Brasil;1,74 m;São Paulo;20/2/2004;MO (EC);Abaixo da Média;;Desportivo Brasil;;;2000091502;8-14;5-9;2-6;12-16;4-8;5-11;4-10;6-10;9-13;11-17;7-11;12-16;10-14;7-11;6-12;9-15;12-16;14-18;3-7;8-12;13-17;14-18;8-14;9-13;6-10;9-13;13-17;7-11;10-14;11-17;7-13;8-12;10-16;10-14;1-4;1-3;2-6;1-2;1-5;1-6;1-5
;Vinicius Bacchi;BRA;Mirassol;M (C), MO (EC);30/6/2026;14/6/2024;-;-;-;-;18;M (C), MO (EC);Pé Preferido Desconhecido;Brasil;1,71 m;;12/7/2007;MO (C);Acima da Média;;-;;;2000520438;11-18;-;-;9-15;-;-;11-18;-;-;6-14;8-17;-;-;-;-;-;-;-;-;-;-;-;-;3-10;-;-;-;-;8-14;-;-;-;5-13;-;-;-;-;-;-;-;-
;Vinicius Eduardo;BRA;Chapecoense;D (C);31/12/2027;11/12/2025;-;-;-;-;20;D (C);Pé Preferido Desconhecido;Brasil;1,94 m;;18/2/2005;D (C);Média;;Flamengo (SP);;;2000283562;-;12-20;-;-;10-18;-;-;12-20;-;8-15;-;-;-;-;7-14;-;-;-;10-18;-;-;-;-;-;7-16;-;-;-;-;19-20;-;-;-;-;-;-;-;-;-;-;-
;Vinícius Fabri;BRA;Santos;M/MO (C);30/6/2027;27/8/2024;-;-;-;-;17;M/MO (C);Pé Preferido Desconhecido;Brasil;1,75 m;;22/1/2008;MO (C);Abaixo da Média;;-;;;2000491161;8-14;-;-;10-20;-;-;8-14;-;-;9-15;10-18;-;-;-;-;-;-;-;-;-;-;-;-;6-14;-;-;-;-;2-12;-;-;-;7-13;-;-;-;-;-;-;-;-
;Vinicius Lago;BRA;RB Bragantino;D/DA (D);17/4/2028;25/4/2023;-;-;-;-;20;D/DA (D);Pé Preferido Desconhecido;Brasil;1,79 m;Distrito Federal;22/10/2005;D (D);Alta;;Atlético Goianiense;;;2000245698;-;6-12;-;-;2-9;-;-;-;-;9-18;-;-;11-18;-;5-14;-;10-16;-;-;-;-;13-20;-;-;5-11;-;-;-;-;-;-;-;-;-;-;-;-;-;-;-;-
;Vinícius Lira;BRA;Santos;D/DA (E);31/3/2027;29/1/2025;10-17;10-15;1;1-6;18;D/DA (E);Pé Esquerdo;Brasil;1,78 m;;12/10/2007;D (E);Alta;;-;;S-20;2000379979;12-17;8-13;4-11;9-14;11-16;7-13;9-14;3-8;6-13;7-13;7-14;4-11;11-16;7-12;9-15;12-17;6-11;10-15;6-11;8-15;7-14;11-16;10-15;4-9;12-19;6-11;7-14;9-14;8-13;5-11;12-17;8-13;7-13;8-15;1-6;1-6;1-3;1-4;1-6;1-5;1-3
;Vinicius Rocha;BRA;Santos;MD;31/7/2028;30/9/2025;-;-;-;-;16;MD;Pé Preferido Desconhecido;Brasil;1,78 m;Mato Grosso;3/3/2009;MD;Média;;-;;;2000510261;-;10-18;-;5-15;-;-;1-9;-;-;6-12;-;-;-;-;3-9;-;-;-;-;-;-;-;7-15;11-19;-;-;-;-;3-9;-;-;-;-;-;-;-;-;-;-;-;-
;Vitão;BRA;Grêmio;GR;1/3/2027;1/3/2025;-;-;6-14;7-13;16;GR;Pé Preferido Desconhecido;Brasil;1,92 m;Rio Grande do Sul;20/1/2009;GR;Abaixo da Média;;-;;;2000487365;-;-;-;-;-;-;-;-;-;-;-;-;-;-;-;-;-;-;-;-;-;-;-;-;-;-;-;-;-;-;-;-;-;-;8-14;10-18;1-7;-;9-19;-;6-14
;Vitão;BRA;Flamengo;D (C);31/12/2029;29/12/2025;11-15;6-10;2-6;1-4;25;D (C);Somente Pé Direito;Brasil;1,85 m;Paraná;2/2/2000;D (C);Acima da Média;;SC Internacional;;;19303821;12-16;13-17;7-11;9-13;12-18;5-11;3-7;12-16;4-8;8-14;4-8;9-13;5-9;4-10;9-15;13-17;11-15;11-15;11-17;11-15;13-17;9-13;11-15;10-14;14-18;11-15;12-16;9-13;3-9;11-17;11-15;11-17;9-15;14-18;1-3;1-5;2-6;1-5;1-3;1-4;1-4
;Vitão;BRA;Atlético Mineiro;D (C);31/12/2028;1/9/2025;-;-;-;-;17;D (C);Pé Preferido Desconhecido;Brasil;1,94 m;Minas Gerais;4/3/2008;D (C);Acima da Média;;-;;S-20;2000379663;-;4-12;-;-;8-14;-;-;5-13;-;6-14;-;-;-;-;6-14;-;-;-;11-17;-;-;-;-;-;11-20;-;-;-;-;12-20;-;-;-;-;-;-;-;-;-;-;-
;Vitinho;BRA;RB Bragantino;MO (DC);31/12/2029;13/1/2025;11-15;10-14;1-6;1;22;MO (DC);Somente Pé Esquerdo;Brasil;1,74 m;São Paulo;27/7/2003;MO (D);Alta;;Desportivo Brasil;;;2000032325;11-17;4-10;5-9;9-13;7-11;1-5;6-12;2-8;8-12;8-12;7-11;11-15;8-12;11-15;2-6;9-15;9-15;10-14;7-11;6-10;11-15;11-15;8-14;8-14;8-12;7-13;10-14;3-7;13-17;2-6;8-14;9-13;6-10;7-11;1-6;1-4;1-5;2-6;1-4;1-3;1-5
;Vitinho;BRA;Athletico-PR;M/MO (D);31/12/2029;1/9/2025;-;-;-;-;18;M/MO (D);Pé Preferido Desconhecido;Brasil;1,71 m;;19/4/2007;MO (D);Acima da Média;;-;;;2000454677;-;-;-;3-10;-;-;-;-;-;3-12;3-11;11-18;2-9;-;-;-;8-14;-;-;-;12-19;6-13;-;-;-;-;-;-;-;-;-;-;-;-;-;-;-;-;-;-;-
;Vitinho;BRA;SC Internacional;MO (DEC), PL (C);30/6/2030;1/7/2025;8-14;8-12;1-5;2-6;26;MO (DEC), PL (C);Pé Direito;Brasil;1,81 m;São Paulo;1/4/1999;MO (E);Média;;D. Kyiv;;;19337928;10-14;6-12;10-14;10-14;5-9;8-12;8-12;9-15;6-12;13-17;7-13;13-17;9-13;6-10;10-14;8-12;11-17;11-15;9-13;7-13;13-17;12-16;8-12;10-16;3-9;9-15;13-17;8-12;11-15;12-16;7-11;9-13;12-16;9-13;1;1-3;1-4;1-4;1-5;2-6;1-7
;Vitinho;BRA;Corinthians;MO (DEC);31/12/2026;7/8/2025;4-8;6-12;1-5;1-3;32;MO (DEC);Pé Direito;Brasil;1,80 m;Rio de Janeiro;9/10/1993;MO (C);Baixo;;Al-Ettifaq;;;19162450;14-18;6-10;11-17;10-16;3-7;3-7;11-15;5-9;10-14;12-16;8-12;12-18;10-16;13-17;10-14;10-14;11-15;7-13;8-12;11-15;12-18;9-15;9-13;15-19;3-7;10-14;10-16;4-10;13-17;8-12;8-12;7-11;10-14;10-16;1-3;1-2;1-5;1-3;1-3;1-4;4-8
;Vitinho;BRA;Corinthians;M (C);31/12/2028;25/11/2025;-;-;-;-;18;M (C);Pé Preferido Desconhecido;Brasil;1,73 m;;18/6/2007;M (C);Média;;-;;;2000379964;-;1-9;-;7-15;-;-;5-14;-;-;6-13;-;-;-;-;1-4;-;-;-;-;-;-;-;5-14;5-14;-;-;-;-;7-14;-;-;-;-;-;-;-;-;-;-;-;-
Prt;Vitinho;BRA;Botafogo;D/DA/M/MO (DE);28/8/2029;30/8/2024;11-15;5-9;1-4;1-2;26;D/DA/M/MO (DE);Pé Direito;Brasil;1,74 m;Minas Gerais;23/7/1999;D/DA (D);Média;;Burnley;;;19273472;10-16;8-14;7-11;10-14;8-12;5-9;5-11;5-11;6-10;7-11;9-13;11-15;9-13;8-12;3-7;11-17;10-16;8-12;7-11;6-10;11-15;13-17;11-17;7-13;7-11;9-15;11-15;5-9;13-17;6-10;10-16;11-15;8-12;11-15;1-6;1-5;1-4;1-5;1-3;1-2;1-6
For;Vitor;BRA;Vitória;MO (DEC);31/12/2026;1/1/2024;-;-;-;-;17;MO (DEC);Pé Preferido Desconhecido;Brasil;1,70 m;Bahia;13/5/2008;MO (C);Acima da Média;;-;;;2000440228;-;-;-;8-16;-;-;-;-;-;1-9;11-17;9-15;4-12;-;-;-;5-15;-;-;-;7-13;9-17;-;-;-;-;-;-;-;-;-;-;-;-;-;-;-;-;-;-;-
;Vitor André;BRA;Palmeiras;MD, M (C);30/4/2026;5/5/2023;-;-;-;-;20;MD, M (C);Pé Preferido Desconhecido;Brasil;1,82 m;São Paulo;25/10/2005;MD;Acima da Média;;Ituano;;;2000165918;-;9-17;-;11-20;-;-;8-14;-;-;12-18;-;-;-;-;5-11;-;-;-;-;-;-;-;7-13;6-14;-;-;-;-;1-8;-;-;-;-;-;-;-;-;-;-;-;-
;Vitor Bueno;BRA;Remo;MO (DC), PL (C);31/12/2026;29/12/2025;12-16;8-14;1-4;1-3;31;MO (DC), PL (C);Pé Direito;Brasil;1,85 m;São Paulo;5/9/1994;MO (C);Média;;C-Osaka;;;19257876;9-13;7-11;5-9;9-15;4-10;7-11;10-14;9-13;13-17;10-14;12-16;8-12;10-16;10-16;9-13;8-12;7-11;11-17;10-16;12-16;6-10;7-13;9-13;11-15;11-15;10-14;8-12;9-15;14-20;12-16;10-14;9-15;10-14;8-12;1-3;1-5;1;1-3;1-7;1-3;1-4
;Vitor Eudes;BRA;Fluminense;GR;31/12/2027;20/12/2022;11-17;4-8;7-11;7-11;27;GR;Somente Pé Direito;Brasil;1,96 m;Minas Gerais;21/10/1998;GR;Abaixo da Média;;Marítimo B;;;19345973;8-12;1-2;1-4;10-14;1-3;1-4;3-7;1-2;2-8;3-7;1-6;1-4;1-4;1-3;9-13;9-13;5-9;10-14;14-18;9-15;9-15;7-11;9-13;5-9;10-16;6-10;1-3;5-9;1-3;11-15;12-16;10-14;7-11;6-12;11-15;11-17;6-12;9-13;11-15;7-11;11-15
;Vitor Hugo;BRA;Cruzeiro;D (C);31/12/2028;30/12/2024;-;-;-;-;17;D (C);Pé Preferido Desconhecido;Brasil;1,92 m;;12/6/2008;D (C);Abaixo da Média;;-;;;2000404710;-;1-9;-;-;6-12;-;-;3-11;-;5-13;-;-;-;-;9-17;-;-;-;7-13;-;-;-;-;-;8-18;-;-;-;-;6-14;-;-;-;-;-;-;-;-;-;-;-
;Vitor Hugo;BRA;Atlético Mineiro;D (C);31/12/2027;29/12/2025;13-17;12-16;1-5;1-5;34;D (C);Pé Esquerdo;Brasil;1,87 m;Paraná;20/5/1991;D (C);Muito Alta;;EC Bahia;;;19144097;6-12;13-17;7-11;11-15;10-14;3-9;6-12;12-16;4-8;9-15;7-11;8-12;9-13;1-4;13-19;10-16;9-13;13-17;11-15;10-14;8-12;11-15;8-14;9-13;12-16;11-15;6-10;14-18;6-10;11-17;7-13;7-11;11-17;9-13;1-3;1-4;1-4;1-2;1-5;1-7;1-5
;Vitor Lamounier;BRA;Cruzeiro;GR;1/12/2030;1/11/2025;-;-;1-10;2-9;18;GR;Pé Preferido Desconhecido;Brasil;1,92 m;Minas Gerais;18/10/2007;GR;Acima da Média;;-;;;2000519066;-;-;-;-;-;-;-;-;-;-;-;-;-;-;-;-;-;-;-;-;-;-;-;-;-;-;-;-;-;-;-;-;-;-;13-20;9-15;6-12;-;9-17;-;3-12
;Vítor Martinelli;BRA;Coritiba;D (C);1/8/2026;1/8/2024;-;-;-;-;17;D (C);Pé Preferido Desconhecido;Brasil;1,91 m;;22/4/2008;D (C);Média;;Corinthians;;;2000380246;-;12-20;-;-;10-16;-;-;12-20;-;1-7;-;-;-;-;4-10;-;-;-;12-18;-;-;-;-;-;4-12;-;-;-;-;8-14;-;-;-;-;-;-;-;-;-;-;-
;Vitor Ramon;BRA;Grêmio;D (D);31/12/2028;4/11/2025;-;-;-;-;17;D (D);Pé Preferido Desconhecido;Brasil;1,78 m;;15/1/2008;D (D);Abaixo da Média;;-;;;2000487371;-;4-10;-;-;7-17;-;-;-;-;2-12;-;-;2-10;-;1-9;-;7-13;-;-;-;-;4-12;-;-;4-12;-;-;-;-;-;-;-;-;-;-;-;-;-;-;-;-
;Vitor Roque;BRA;Palmeiras;MO (DE), PL (C);31/12/2029;27/2/2025;14-19;15-20;1-5;1-6;20;MO (DE), PL (C);Pé Direito;Brasil;1,74 m;Minas Gerais;28/2/2005;PL (C);Média;;Barcelona;;;2000095783;11-16;6-12;9-14;9-16;2-9;4-9;9-14;9-15;8-13;10-15;14-19;8-13;9-16;4-11;13-18;12-17;12-18;13-20;2-9;14-19;9-14;13-20;13-18;8-14;8-13;10-16;9-14;6-13;9-16;13-18;9-14;7-14;11-16;8-13;1-3;1-6;1-2;1-4;1-6;1-6;1-4
;Vitor Tissi;BRA;Coritiba;M (C);31/12/2027;29/12/2025;-;-;-;-;18;M (C);Pé Preferido Desconhecido;Brasil;1,77 m;;22/4/2007;M (C);Acima da Média;;-;;;2000437653;-;4-10;-;12-19;-;-;1-10;-;-;11-20;-;-;-;-;3-12;-;-;-;-;-;-;-;1-10;7-13;-;-;-;-;1-5;-;-;-;-;-;-;-;-;-;-;-;-
;Weimar Vivas;COL;RB Bragantino;D (EC);31/12/2028;17/10/2024;-;-;-;-;19;D (EC);Pé Preferido Desconhecido;Colômbia;1,87 m;Andina;17/10/2006;D (C);Acima da Média;;Envigado F.C.;;S-20;2000370089;-;7-16;-;-;13-20;-;-;6-15;-;2-9;-;-;-;-;1-7;-;-;-;12-19;-;-;-;-;-;10-16;-;-;-;-;1-7;-;-;-;-;-;-;-;-;-;-;-
;Kevin Viveros;COL;Athletico-PR;MO (D), PL (C);30/6/2028;1/7/2025;12-16;10-14;1-3;1;25;MO (D), PL (C);Pé Direito;Colômbia;1,80 m;Pacífica;26/4/2000;PL (C);Média;;Atlético Nacional;;;76050787;11-17;1-7;13-17;10-14;4-8;3-7;10-16;6-12;7-11;7-11;11-15;11-15;10-14;8-12;11-15;11-17;10-16;10-14;10-14;10-14;11-15;12-16;12-18;6-12;5-9;9-15;11-15;8-12;11-15;9-13;7-13;12-16;7-11;11-15;1-6;1-4;1-4;1-5;1-5;1-3;1-4
;Maksym Voronov;UKR;Athletico-PR;GR;31/12/2029;29/12/2025;-;-;10-19;11-18;19;GR;Pé Preferido Desconhecido;Ucrânia;1,94 m;Região de Lugansk;9/4/2006;GR;Abaixo da Média;;Metalist;;S-21;2000258104;-;-;-;-;-;-;-;-;-;-;-;-;-;-;-;-;-;-;-;-;-;-;-;-;-;-;-;-;-;-;-;-;-;-;4-11;4-13;6-12;-;7-13;-;8-17
;Wagner Leonardo;BRA;Grêmio;D (C);31/12/2028;14/2/2025;11-15;11-15;1-3;1-3;26;D (C);Somente Pé Esquerdo;Brasil;1,86 m;São Paulo;23/7/1999;D (C);Acima da Média;;Vitória;;;19348577;11-17;10-16;3-7;11-15;13-17;1-4;5-11;11-17;3-7;9-13;5-9;6-10;6-10;5-9;9-13;12-18;9-15;13-17;14-18;12-16;11-15;11-15;12-18;6-12;11-15;10-16;8-12;12-16;8-12;10-14;10-16;12-16;10-14;11-15;1-6;1-3;1-4;4-8;1-3;1-3;1-5
;Walace;BRA;Cruzeiro;MD;31/12/2026;1/7/2024;12-16;11-17;2-6;1-4;30;MD;Pé Direito;Brasil;1,88 m;Bahia;4/4/1995;MD;Abaixo da Média;;Udinese;;;19184263;9-13;16-20;6-12;7-13;13-17;4-8;8-12;9-13;3-7;9-13;3-7;8-14;7-13;3-7;14-18;12-16;12-16;11-17;12-16;10-14;8-14;8-14;13-17;12-16;11-15;14-18;6-12;7-13;5-9;13-17;10-14;10-14;10-14;13-19;1-5;1-3;1-7;1-5;1-5;1-3;3-7
;Walace Falcão;BRA;Vasco da Gama;D (C);31/12/2027;1/11/2025;9;7;3;1;20;D (C);Pé Direito;Brasil;1,88 m;Rio de Janeiro;7/3/2005;D (C);Acima da Média;;Bangu;;;2000482532;1;13;1;7;13;2;3;7;1;6;2;1;4;3;11;4;11;12;15;7;9;12;7;3;10;6;5;4;5;7;13;8;5;12;4;3;1;3;1;1;3
;Walace Inácio;BRA;Flamengo;MO (DE);31/5/2027;22/7/2024;-;-;-;-;16;MO (DE);Pé Preferido Desconhecido;Brasil;1,84 m;;4/1/2009;MO (D);Abaixo da Média;;-;;;2000525854;-;-;-;4-14;-;-;-;-;-;10-16;10-18;4-12;9-19;-;-;-;7-15;-;-;-;1-8;10-20;-;-;-;-;-;-;-;-;-;-;-;-;-;-;-;-;-;-;-
;Waldemir;BRA;Vitória;MO (E), PL (C);9/8/2027;10/7/2025;-;-;-;-;18;MO (E), PL (C);Pé Preferido Desconhecido;Brasil;1,85 m;Rio de Janeiro;5/3/2007;MO (E);Alta;;Karpaty;;;2000378017;-;-;-;9-15;-;-;-;1-7;-;9-17;11-20;-;-;-;4-12;-;3-10;-;9-15;-;-;9-15;-;-;-;-;-;-;-;-;-;-;-;-;-;-;-;-;-;-;-
;Walisson;BRA;Coritiba;MD, M (C);31/12/2028;29/12/2025;13-17;12-16;1-5;1-3;28;MD, M (C);Pé Direito;Brasil;1,84 m;Minas Gerais;23/9/1997;M (C);Média;;Athletic (MG);;;19404752;9-15;8-14;5-9;10-14;13-17;3-7;5-11;6-12;5-9;8-12;3-7;11-15;8-12;9-13;4-8;13-19;9-15;13-17;12-16;10-14;13-17;11-15;13-19;6-12;11-15;8-14;13-17;6-10;12-16;6-10;8-14;11-15;7-11;11-15;1-6;1-3;1-5;3-7;1-4;1;1-3
;Wallace Davi;BRA;Botafogo;D (C), MD;31/12/2029;29/12/2025;-;-;-;-;18;D (C), MD;Pé Preferido Desconhecido;Brasil;1,87 m;;10/5/2007;D (C), MD;Média;;Fluminense;;;2000274298;-;6-13;-;-;7-13;-;-;4-11;-;4-12;-;-;-;-;8-16;-;-;-;8-14;-;-;-;-;-;10-19;-;-;-;-;8-16;-;-;-;-;-;-;-;-;-;-;-
;Wallace Yan;BRA;Flamengo;MO (DEC);31/12/2027;1/7/2025;-;-;-;-;20;MO (DEC);Pé Preferido Desconhecido;Brasil;1,79 m;Rio de Janeiro;8/2/2005;MO (D);Alta;;RB Bragantino;;;2000157410;-;-;-;7-13;-;-;-;-;-;11-18;3-12;9-15;6-12;-;-;-;9-18;-;-;-;9-15;7-13;-;-;-;-;-;-;-;-;-;-;-;-;-;-;-;-;-;-;-
;Walter;BRA;Mirassol;GR;31/12/2026;10/12/2025;8-12;7-13;12-16;10-14;38;GR;Pé Direito;Brasil;1,88 m;São Paulo;18/11/1987;GR;Alta;;Cuiabá;Itália;;19041660;9-13;2-6;1-7;7-13;1-5;1-3;1-4;2-6;2-6;9-13;1-3;1-6;1-3;1-3;10-14;7-11;9-13;5-11;12-16;7-11;7-13;5-11;11-15;13-17;10-14;14-18;1-7;12-18;1-3;12-16;11-15;11-15;11-15;11-17;11-15;11-15;12-18;12-16;10-16;11-15;14-18
;Wanderson;BRA;Atlético Mineiro;D/DA (D);31/12/2028;29/12/2025;-;-;-;-;18;D/DA (D);Pé Preferido Desconhecido;Brasil;1,70 m;Goiás;17/10/2007;D (D);Alta;;Flamengo;;;2000372637;-;13-19;-;-;3-10;-;-;-;-;7-16;-;-;13-20;-;1-10;-;9-15;-;-;-;-;15-20;-;-;3-9;-;-;-;-;-;-;-;-;-;-;-;-;-;-;-;-
;Wanderson;BRA;Vitória;D (E);31/12/2027;1/6/2025;-;-;-;-;17;D (E);Pé Preferido Desconhecido;Brasil;1,65 m;Bahia;7/8/2008;D (E);Acima da Média;;-;;;2000501195;-;12-20;-;-;5-11;-;-;-;-;9-15;-;-;5-15;-;1-3;-;13-20;-;-;-;-;5-15;-;-;1-8;-;-;-;-;-;-;-;-;-;-;-;-;-;-;-;-
;Wanderson;BRA;Cruzeiro;MO (DE);31/12/2027;28/2/2025;12;13;2;1;31;MO (DE);Pé Direito;Brasil;1,76 m;Maranhão;7/10/1994;MO (E);Alta;;SC Internacional;Bélgica;;18073840;14;9;9;13;9;6;10;7;12;13;9;15;12;14;9;13;14;13;8;14;14;15;13;13;9;13;15;9;14;14;10;11;13;13;2;1;1;2;2;3;2
;Wanyson;BRA;Vasco da Gama;D (DC);31/1/2027;29/12/2025;13;15;3;2;19;D (DC);Pé Direito;Brasil;1,81 m;;15/2/2006;D (C);Acima da Média;;-;;;2000264133;7;12;5;6;13;7;4;12;1;6;5;6;8;2;8;7;7;6;8;8;6;15;12;6;13;11;6;7;7;3;10;7;8;8;3;3;1;2;3;2;4
;Well;IDN;São Paulo;D (D);31/12/2026;1/3/2025;-;-;-;-;18;D (D);Pé Preferido Desconhecido;Indonésia;1,80 m;Kalimantan Selatan;25/4/2007;D (D);Média;;-;Brasil;;2000284190;-;6-12;-;-;1-8;-;-;-;-;7-16;-;-;7-14;-;5-14;-;13-19;-;-;-;-;15-20;-;-;2-8;-;-;-;-;-;-;-;-;-;-;-;-;-;-;-;-
;Wellington;BRA;Chapecoense;GR;31/12/2026;6/8/2025;-;-;10-18;5-11;18;GR;Pé Preferido Desconhecido;Brasil;1,92 m;Santa Catarina;14/4/2007;GR;Abaixo da Média;;Ceará;;;2000534977;-;-;-;-;-;-;-;-;-;-;-;-;-;-;-;-;-;-;-;-;-;-;-;-;-;-;-;-;-;-;-;-;-;-;2-8;14-20;1-8;-;9-18;-;8-16
;Wendel Passos;BRA;EC Bahia;D (D), MD, M (C);31/12/2027;2/9/2024;-;-;-;-;19;D (D), MD, M (C);Pé Preferido Desconhecido;Brasil;1,74 m;;28/2/2006;MD;Acima da Média;;-;;;2000272489;-;5-12;-;8-14;-;-;10-17;-;-;6-14;-;-;-;-;6-14;-;-;-;-;-;-;-;12-19;3-10;-;-;-;-;1-7;-;-;-;-;-;-;-;-;-;-;-;-
Les;Wendell;BRA;São Paulo;D/DA (E);31/12/2027;4/2/2025;9-15;15-19;1-4;1-3;32;D/DA (E);Pé Esquerdo;Brasil;1,78 m;Ceará;20/7/1993;D/DA (E);Alta;;Porto;;;19149016;14-18;9-13;6-12;12-16;9-13;10-14;11-15;4-8;8-14;11-15;8-14;9-15;11-15;11-15;8-12;15-19;10-14;12-16;7-11;13-19;10-16;13-17;14-18;9-13;6-12;8-12;9-15;5-9;11-15;12-16;11-15;7-11;11-15;8-14;1-5;1-7;1-3;1-5;2-6;1-5;1
;Wermeson;BRA;Chapecoense;MO (EC);31/12/2026;16/9/2025;7-11;6-10;-;-;24;MO (EC);Somente Pé Esquerdo;Brasil;1,68 m;Mato Grosso;16/2/2001;MO (C);Alta;Camboriú;São Caetano;;;2000062267;8-14;1-6;9-13;8-12;-;-;5-11;4-10;6-10;6-10;8-12;9-13;5-9;8-12;2-6;11-17;8-14;12-16;3-7;10-14;11-15;10-14;8-14;6-12;-;5-11;9-13;1-3;12-16;1-4;7-13;9-13;7-11;10-14;-;-;-;-;-;-;-
;Wesley Lima;BRA;Palmeiras;MO (DE);31/10/2027;18/4/2025;-;-;-;-;17;MO (DE);Pé Preferido Desconhecido;Brasil;1,67 m;Maranhão;22/1/2008;MO (D);Acima da Média;;Embuguaçuano;;;2000331308;-;-;-;10-18;-;-;-;-;-;9-19;5-11;5-13;12-20;-;-;-;11-17;-;-;-;11-19;13-20;-;-;-;-;-;-;-;-;-;-;-;-;-;-;-;-;-;-;-
;Wesley Natã;BRA;Fluminense;MO (DE);31/5/2028;7/6/2025;-;-;-;-;17;MO (DE);Pé Preferido Desconhecido;Brasil;1,63 m;;18/4/2008;MO (E);Abaixo da Média;;-;;;2000379917;-;-;-;5-13;-;-;-;-;-;4-12;7-13;11-17;5-13;-;-;-;4-14;-;-;-;10-16;8-16;-;-;-;-;-;-;-;-;-;-;-;-;-;-;-;-;-;-;-
;Weverson;BRA;Flamengo;D (C);31/3/2029;1/7/2025;-;-;-;-;17;D (C);Pé Preferido Desconhecido;Brasil;1,86 m;Santa Catarina;19/8/2008;D (C);Acima da Média;;-;;;2002043549;-;6-16;-;-;12-20;-;-;6-16;-;1-9;-;-;-;-;1-7;-;-;-;13-20;-;-;-;-;-;9-15;-;-;-;-;7-15;-;-;-;-;-;-;-;-;-;-;-
;Weverton;BRA;Grêmio;GR;31/12/2028;29/12/2025;12-16;11-15;14-18;9-15;38;GR;Pé Direito;Brasil;1,89 m;Acre;13/12/1987;GR;Média;;Palmeiras;;;19034819;8-12;1-5;3-7;8-12;1-6;6-12;1-3;1-3;1-5;6-12;1-5;2-6;1;1-5;11-17;11-15;7-11;13-17;13-19;11-15;12-16;5-9;11-15;8-12;14-18;11-15;3-7;9-13;5-11;11-17;11-15;12-18;9-15;13-17;12-16;11-15;12-16;15-20;11-15;11-17;12-16
;William;BRA;Cruzeiro;D (DE), DA (D);31/12/2026;19/12/2022;15-19;14-20;1-4;1-3;30;D (DE), DA (D);Pé Direito;Brasil;1,71 m;Rio Grande do Sul;3/4/1995;D (D);Muito Alta;;VfL Wolfsburg;;;19225946;11-15;13-17;11-15;11-17;10-16;13-17;9-13;6-10;13-17;11-15;11-15;8-12;11-17;7-13;7-11;11-15;12-16;10-16;3-9;12-16;9-13;12-18;13-17;10-14;12-16;12-16;9-13;8-14;10-16;13-17;10-14;7-13;11-15;9-13;1-4;1-5;1-2;1-4;1-5;1-4;1-5
;William Fernando;BRA;Cruzeiro;D/DA (E);31/12/2028;1/7/2025;-;-;-;-;19;D/DA (E);Pé Preferido Desconhecido;Brasil;1,76 m;Minas Gerais;11/2/2006;D (E);Baixo;;-;;;2002043123;-;12-20;-;-;4-12;-;-;-;-;13-20;-;-;10-16;-;5-12;-;14-20;-;-;-;-;10-16;-;-;1-8;-;-;-;-;-;-;-;-;-;-;-;-;-;-;-;-
;William Lopes;BRA;Fluminense;PL (C);31/12/2026;2/2/2024;-;-;-;-;17;PL (C);Pé Preferido Desconhecido;Brasil;1,94 m;Distrito Federal;7/1/2008;PL (C);Abaixo da Média;Boston City (MG);-;;;2000479536;-;-;-;7-13;-;-;-;3-11;-;6-14;9-19;-;-;-;7-15;-;1-9;-;8-14;-;-;8-14;-;-;-;-;-;-;-;-;-;-;-;-;-;-;-;-;-;-;-
;Willian;BRA;Grêmio;M (DE), MO (DEC);31/12/2026;5/9/2025;7-11;5-9;1-3;1-3;37;M (DE), MO (DEC);Pé Direito;Brasil;1,75 m;São Paulo;9/8/1988;MO (D);Alta;;Fulham;;;8832889;14-18;6-10;17-20;10-14;3-9;4-10;12-16;7-11;12-16;13-19;10-14;17-20;10-14;11-17;9-15;9-13;8-12;8-12;6-12;11-15;12-16;8-12;10-14;13-17;5-9;10-14;14-18;4-8;12-18;6-12;12-16;9-15;10-16;14-18;1-3;1-3;1-5;1-5;1;1-3;1-3
;Willian Arão;BRA;Santos;D (C), MD, M (C);31/12/2026;10/7/2025;14-20;12-16;1-3;1-5;33;D (C), MD, M (C);Pé Direito;Brasil;1,81 m;São Paulo;12/3/1992;MD;Acima da Média;;Panathinaikos;E.U.A.;;19073567;12-16;11-15;8-14;11-15;12-16;6-10;10-14;11-15;5-11;11-15;9-15;6-12;6-10;5-9;11-15;14-18;8-12;11-15;10-14;12-18;8-14;10-14;14-18;6-10;13-19;10-14;6-12;10-14;7-11;12-16;12-16;8-12;11-15;9-15;3-7;1-5;1-3;1-5;1-5;2-6;1-3
;Willian José;BRA;EC Bahia;MO (C), PL (C);31/12/2026;14/1/2025;12;10;2;3;34;MO (C), PL (C);Pé Direito;Brasil;1,86 m;Alagoas;23/11/1991;PL (C);Acima da Média;;Spartak Moscovo;Espanha;;19081798;15;9;17;14;8;7;15;15;15;14;14;15;12;9;15;9;10;12;11;12;9;9;9;14;12;9;15;9;15;13;10;12;14;13;2;2;2;3;3;4;3
;Willian Machado;BRA;Mirassol;D (C), MD;10/12/2028;29/12/2025;8-14;10-14;1-6;2-6;29;D (C), MD;Somente Pé Esquerdo;Brasil;1,86 m;;13/11/1996;D (C);Acima da Média;;Ceará;;;19216899;8-12;13-19;4-8;10-14;12-16;9-13;5-9;13-19;5-11;12-16;5-11;9-13;6-10;5-9;13-17;9-13;10-16;11-15;14-18;10-16;9-13;10-14;9-13;9-15;11-17;11-17;7-11;10-14;3-7;15-19;8-12;9-13;12-16;10-14;1-3;1-4;1-5;1-4;1-3;3-7;1-6
;Willian Oliveira;BRA;Coritiba;MD, M (C);31/12/2026;29/12/2025;12-16;8-12;1-4;1-4;32;MD, M (C);Pé Esquerdo;Brasil;1,84 m;São Paulo;16/5/1993;MD;Média;;Vitória;;;19219799;10-14;10-14;8-12;11-15;9-15;1-7;9-13;10-14;5-9;9-15;10-14;10-14;6-10;4-10;7-13;12-16;8-12;8-12;10-16;9-13;12-16;8-12;12-16;10-14;9-13;11-15;13-17;8-12;10-16;8-14;8-12;10-16;8-14;12-16;1-4;1-4;1-5;1-7;1;1-5;1-5
;Xavier;BRA;Atlético Mineiro;D (EC);31/12/2028;7/4/2025;-;-;-;-;17;D (EC);Pé Preferido Desconhecido;Brasil;1,88 m;Espírito Santo;30/6/2008;D (C);Alta;;-;;;2000493311;-;7-13;-;-;9-19;-;-;7-13;-;1-9;-;-;-;-;4-14;-;-;-;13-20;-;-;-;-;-;8-16;-;-;-;-;12-20;-;-;-;-;-;-;-;-;-;-;-
;Yago;BRA;Corinthians;MD;20/3/2027;30/12/2024;-;-;-;-;19;MD;Pé Preferido Desconhecido;Brasil;1,78 m;;5/2/2006;MD;Alta;;-;;;2000208699;-;6-14;-;7-16;-;-;4-10;-;-;11-17;-;-;-;-;3-9;-;-;-;-;-;-;-;8-14;8-16;-;-;-;-;1-7;-;-;-;-;-;-;-;-;-;-;-;-
;Yago Candido;BRA;Corinthians;D (E);2/5/2027;2/5/2024;-;-;-;-;18;D (E);Pé Preferido Desconhecido;Brasil;1,87 m;;6/4/2007;D (E);Alta;;-;;;2000346781;-;11-19;-;-;4-13;-;-;-;-;12-18;-;-;13-20;-;7-13;-;6-14;-;-;-;-;10-19;-;-;11-18;-;-;-;-;-;-;-;-;-;-;-;-;-;-;-;-
;Yago Henrique;BRA;Athletico-PR;D (C);8/7/2026;30/12/2024;-;-;-;-;18;D (C);Pé Preferido Desconhecido;Brasil;1,85 m;;28/3/2007;D (C);Acima da Média;Novorizontino;-;;;2000290669;-;5-14;-;-;14-20;-;-;6-15;-;1-8;-;-;-;-;1-6;-;-;-;13-20;-;-;-;-;-;12-18;-;-;-;-;6-13;-;-;-;-;-;-;-;-;-;-;-
;Yago Melo;BRA;Corinthians;D (C);12/2/2029;29/12/2025;-;-;-;-;18;D (C);Pé Preferido Desconhecido;Brasil;1,86 m;São Paulo;6/2/2007;D (C);Acima da Média;;Flamengo;;;2000520575;-;8-16;-;-;4-13;-;-;8-16;-;4-10;-;-;-;-;2-8;-;-;-;2-11;-;-;-;-;-;12-19;-;-;-;-;6-12;-;-;-;-;-;-;-;-;-;-;-
;Yago Noal;BRA;SC Internacional;M (C), MO (DC);31/12/2028;30/12/2024;-;-;-;-;18;M (C), MO (DC);Pé Preferido Desconhecido;Brasil;1,71 m;Rio Grande do Sul;5/2/2007;M (C);Abaixo da Média;;-;;;2000385608;-;-;-;10-16;-;-;-;-;-;9-17;8-17;6-15;8-14;-;-;-;6-13;-;-;-;7-16;11-17;-;-;-;-;-;-;-;-;-;-;-;-;-;-;-;-;-;-;-
;Yago Pikachu;BRA;Remo;D/DA/M (D), MO (DE);31/12/2027;29/12/2025;9-13;10-14;1-3;1;33;D/DA/M (D), MO (DE);Somente Pé Direito;Brasil;1,69 m;Pará;5/6/1992;MO (D);Média;;Fortaleza;;;19173877;11-17;6-12;14-18;13-17;9-13;6-10;10-16;4-10;11-15;8-12;11-15;11-15;9-13;12-16;3-7;11-17;10-16;13-17;6-10;6-10;11-15;12-16;10-16;9-15;7-11;8-14;12-16;9-13;13-17;9-13;11-17;10-14;8-12;10-14;1-7;1-4;1-5;1-5;2-6;1;1-5
;Yann Neves;BRA;Atlético Mineiro;MO (DE);31/12/2027;1/1/2025;-;-;-;-;18;MO (DE);Pé Preferido Desconhecido;Brasil;1,73 m;Espírito Santo;12/11/2007;MO (E);Média;;Cruzeiro;;;2000379889;-;-;-;8-17;-;-;-;-;-;9-15;10-17;6-13;6-15;-;-;-;6-14;-;-;-;6-13;10-19;-;-;-;-;-;-;-;-;-;-;-;-;-;-;-;-;-;-;-
;Ygor Vinhas;BRA;Remo;GR;31/12/2026;29/12/2025;11-15;8-12;7-13;9-13;31;GR;Pé Direito;Brasil;1,92 m;Minas Gerais;15/4/1994;GR;Acima da Média;;Água Santa;;;19171814;5-11;1-3;1-5;6-10;1-5;1-2;1-6;2-8;5-9;3-7;1-5;1-3;1-3;3-7;10-14;10-16;6-12;11-15;16-20;9-13;11-15;9-13;8-14;4-10;10-14;6-12;5-9;7-11;7-11;8-12;10-16;11-15;7-11;9-13;6-12;11-15;9-13;12-16;10-14;7-11;10-16
;Young;BRA;São Paulo;GR;31/12/2026;30/12/2024;7-11;5-11;11-15;7-11;23;GR;Pé Direito;Brasil;2,02 m;São Paulo;7/3/2002;GR;Acima da Média;;Desportivo Brasil;;;19375642;3-7;2-6;1-6;9-15;1-4;1-3;1-5;1-5;3-7;1-3;1-2;1-5;1-5;2-6;8-12;1-5;10-14;5-11;17-20;1-3;11-17;8-14;5-9;7-11;8-12;8-12;1-5;9-15;1-3;6-10;10-14;6-10;2-6;10-16;6-10;9-13;11-17;10-14;9-15;7-11;16-20
;Ythallo;BRA;Botafogo;D (C);31/12/2027;29/12/2025;-;-;-;-;21;D (C);Pé Preferido Desconhecido;Brasil;1,94 m;São Paulo;22/7/2004;D (C);Acima da Média;;São Paulo;;;2000111102;-;9-14;-;-;9-17;-;-;8-13;-;4-12;-;-;-;-;7-15;-;-;-;12-20;-;-;-;-;-;10-16;-;-;-;-;4-12;-;-;-;-;-;-;-;-;-;-;-
;Yuri Alberto;BRA;Corinthians;MO (DE), PL (C);22/7/2030;24/7/2025;12-16;9-13;1-4;1-4;24;MO (DE), PL (C);Pé Direito;Brasil;1,82 m;São Paulo;18/3/2001;PL (C);Média;;Zenit;;;19326424;11-17;1-5;10-14;10-14;5-9;2-6;9-15;9-15;4-8;9-13;13-17;9-13;6-10;5-9;8-12;12-18;11-17;15-19;11-15;11-15;13-17;13-17;14-20;8-14;12-16;10-16;14-18;5-9;13-17;11-15;12-18;11-15;8-12;13-17;1-7;1-3;1-4;2-6;1-4;1;1-5
;Yuri Alves;BRA;RB Bragantino;MO (DE), PL (C);31/12/2029;29/12/2025;-;-;-;-;19;MO (DE), PL (C);Pé Preferido Desconhecido;Brasil;1,77 m;;6/9/2006;MO (E);Alta;;Atlético Goianiense;;;2000274054;-;-;-;5-13;-;-;-;-;-;4-11;11-17;6-12;5-13;-;-;-;6-15;-;-;-;9-15;9-17;-;-;-;-;-;-;-;-;-;-;-;-;-;-;-;-;-;-;-
;Yuri Lara;BRA;Mirassol;MD, M (C);31/12/2026;26/12/2025;16-20;11-17;1-4;1-3;31;MD, M (C);Pé Direito;Brasil;1,73 m;Rio de Janeiro;20/4/1994;M (C);Abaixo da Média;;Yokohama FC;;;19251466;9-13;9-13;4-8;10-16;5-11;5-9;8-12;5-9;9-13;11-15;10-14;7-11;7-13;4-10;9-13;12-16;11-15;9-15;2-8;13-17;8-12;10-16;14-18;10-14;15-19;13-17;5-9;8-14;10-16;11-15;13-17;11-17;12-16;10-14;1-4;2-6;1-2;1-5;1-6;1-4;1-4
;Yuri Leles;BRA;RB Bragantino;MO (DC), PL (C);31/12/2029;24/6/2025;-;-;-;-;18;MO (DC), PL (C);Pé Preferido Desconhecido;Brasil;1,70 m;;17/4/2007;MO (C);Alta;;-;;;2000270218;11-18;-;-;9-15;-;-;11-18;-;-;7-15;8-17;-;-;-;-;-;-;-;-;-;-;-;-;4-11;-;-;-;-;8-14;-;-;-;7-15;-;-;-;-;-;-;-;-
D;Yuri Sena;BRA;Vitória;GR;31/12/2026;8/1/2025;8-12;9-15;12-16;9-13;24;GR;Somente Pé Direito;Brasil;1,90 m;;3/1/2001;GR;Alta;;-;;;19335351;5-9;-;-;-;-;-;-;-;-;5-9;-;-;-;-;13-17;8-12;8-12;6-12;14-18;4-8;12-18;5-11;10-14;-;9-13;12-16;3-9;1-7;-;11-15;11-15;7-11;9-13;9-15;7-11;10-14;9-15;10-14;10-16;9-13;12-16
;Zabarelli;BRA;São Paulo;MO (DEC);30/5/2028;15/7/2025;-;-;-;-;16;MO (DEC);Pé Preferido Desconhecido;Brasil;1,74 m;São Paulo;9/3/2009;MO (C);Acima da Média;;-;Itália;;2000519038;3-13;-;-;12-20;-;-;1-10;-;-;9-19;5-11;-;-;-;-;-;-;-;-;-;-;-;-;10-16;-;-;-;-;4-12;-;-;-;8-18;-;-;-;-;-;-;-;-
;Bruno Zapelli;ITA;Athletico-PR;M/MO (C);30/6/2028;21/7/2023;7-11;9-15;1-4;1-4;23;M/MO (C);Pé Direito;Argentina;1,81 m;Córdoba;17/5/2002;M (C);Média;;Belgrano;Argentina;;14221545;14-18;4-8;5-9;14-20;1-7;4-8;10-14;5-9;13-17;13-17;11-15;12-16;12-18;9-15;7-11;10-14;10-14;11-17;7-13;12-16;10-14;11-17;9-13;13-17;9-13;10-14;10-14;4-10;12-18;11-15;12-16;8-14;9-13;8-12;1-3;2-6;1-2;1-5;1-6;1-4;1-4
;Zé Antônio;BRA;Corinthians;D (C);31/12/2027;1/7/2025;-;-;-;-;17;D (C);Pé Preferido Desconhecido;Brasil;1,92 m;Pernambuco;6/11/2008;D (C);Média;Santa Cruz;-;;;2002043472;-;7-17;-;-;13-20;-;-;5-15;-;1-7;-;-;-;-;2-10;-;-;-;16-20;-;-;-;-;-;10-16;-;-;-;-;7-15;-;-;-;-;-;-;-;-;-;-;-
;Zé Breno;BRA;Vitória;MD, M (C);31/12/2028;29/12/2025;-;-;-;-;21;MD, M (C);Pé Preferido Desconhecido;Brasil;1,76 m;Santa Catarina;6/6/2004;M (C);Abaixo da Média;;-;;;2000139467;-;9-14;-;12-18;-;-;4-12;-;-;9-17;-;-;-;-;8-16;-;-;-;-;-;-;-;7-15;9-14;-;-;-;-;3-9;-;-;-;-;-;-;-;-;-;-;-;-
;Zé Guilherme;BRA;EC Bahia;D/DA (E);31/12/2028;11/1/2025;-;-;-;-;20;D/DA (E);Pé Preferido Desconhecido;Brasil;1,82 m;Ceará;16/3/2005;D (E);Acima da Média;;Grêmio;;;2000255804;-;14-20;-;-;8-16;-;-;-;-;16-20;-;-;7-13;-;8-15;-;10-19;-;-;-;-;8-14;-;-;2-11;-;-;-;-;-;-;-;-;-;-;-;-;-;-;-;-
;Zé Ivaldo;BRA;Santos;D (C);31/12/2028;29/12/2025;11-17;16-20;1-7;1-5;28;D (C);Somente Pé Direito;Brasil;1,85 m;Alagoas;21/2/1997;D (C);Alta;;Cruzeiro;;;19232616;7-11;12-18;6-10;9-13;12-16;9-13;6-10;13-19;5-11;12-16;5-11;8-12;7-11;5-9;13-17;11-15;10-16;11-15;11-15;8-14;10-14;10-14;11-15;9-15;9-15;13-19;9-13;12-16;9-13;14-18;8-12;8-12;12-16;12-16;1-2;1-5;1-3;1-5;1-5;3-7;1-7
Les;Zé Phelipe;BRA;Atlético Mineiro;MD, M (C);31/12/2027;1/10/2024;-;-;-;-;20;MD, M (C);Pé Preferido Desconhecido;Brasil;1,80 m;Rio de Janeiro;14/6/2005;MD;Alta;;Botafogo;;;2000323406;-;4-13;-;8-16;-;-;10-19;-;-;3-10;-;-;-;-;3-10;-;-;-;-;-;-;-;9-18;5-14;-;-;-;-;5-12;-;-;-;-;-;-;-;-;-;-;-;-
;Zé Rafael;BRA;Santos;MD, M/MO (C);31/12/2027;26/2/2025;14-18;14-18;1-5;1;32;MD, M/MO (C);Pé Direito;Brasil;1,75 m;Paraná;16/6/1993;M (C);Abaixo da Média;;Palmeiras;Itália;;19171250;11-17;11-17;9-13;11-15;14-18;4-8;8-14;6-12;11-15;9-13;8-12;10-14;9-13;11-15;11-15;9-15;7-13;9-13;8-12;12-16;10-14;11-15;13-19;8-14;10-14;11-17;10-14;7-11;12-16;12-16;10-16;13-17;8-12;11-15;1-5;1-5;1-4;2-6;1-5;1;1-3
;Ze Ricardo;BRA;Remo;MD, M (C);31/12/2026;29/12/2025;7-14;7-12;-;-;26;MD, M (C);Pé Direito;Brasil;1,80 m;Rio de Janeiro;3/2/1999;MD;Abaixo da Média;;Kawasaki-F;;;19342184;10-15;6-11;-;8-13;-;-;10-15;4-9;-;7-13;5-12;4-11;9-14;-;4-10;10-15;4-9;9-14;9-14;8-15;4-11;8-13;12-17;5-10;8-15;4-9;3-10;10-15;2-7;9-15;-;-;6-12;-;-;-;-;-;-;-;-
;Zé Vitor;BRA;Vitória;M (C), MO (DC);10/4/2027;11/4/2024;3-7;7-11;1-5;1;25;M (C), MO (DC);Pé Direito;Brasil;1,94 m;Goiás;2/5/2000;M/MO (C);Abaixo da Média;Maringá;Vila Nova;;;19409399;7-13;2-8;8-12;8-12;6-10;2-6;8-14;5-11;8-12;5-9;6-10;8-12;6-10;7-11;6-10;8-14;5-11;10-14;13-17;6-10;8-12;8-12;8-14;6-12;5-9;7-13;7-11;5-9;14-18;6-10;7-13;8-12;5-9;7-11;1-7;1-3;1-5;3-7;1-4;1-2;1-5
;Zé Welison;BRA;Remo;MD, M (C);31/12/2027;29/12/2025;10-14;11-17;1-5;1-4;30;MD, M (C);Pé Direito;Brasil;1,77 m;Rio Grande do Norte;11/3/1995;MD;Alta;;Fortaleza;;;19197120;10-14;13-17;9-15;8-14;11-15;2-6;11-15;15-19;7-11;11-15;5-9;8-14;6-12;8-12;11-15;12-16;14-18;9-15;10-14;8-12;11-17;10-16;13-17;12-16;9-13;15-19;10-16;8-14;10-14;11-15;10-14;9-13;10-14;10-16;1-3;1;1-6;1-4;1-5;1-4;3-7
;Zortea;BRA;Grêmio;MD, M (C);31/12/2028;4/11/2025;-;-;-;-;18;MD, M (C);Pé Preferido Desconhecido;Brasil;1,83 m;;21/3/2007;MD;Média;;Chapecoense;;;2000281188;-;8-14;-;3-10;-;-;6-12;-;-;7-16;-;-;-;-;1-9;-;-;-;-;-;-;-;9-15;6-12;-;-;-;-;3-12;-;-;-;-;-;-;-;-;-;-;-;-
